0.000000000000000000e+00,5.000000000000000000e-01,6.011904761904761640e-01,7.023809523809523281e-01,8.035714285714286031e-01,9.047619047619047672e-01,1.005952380952380931e+00,1.107142857142857206e+00,1.208333333333333481e+00,1.309523809523809534e+00,1.410714285714285587e+00,1.511904761904761862e+00,1.613095238095238138e+00,1.714285714285714413e+00,1.815476190476190466e+00,1.916666666666666741e+00,2.017857142857142794e+00,2.119047619047619069e+00,2.220238095238095344e+00,2.321428571428571175e+00,2.422619047619047450e+00,2.523809523809523725e+00,2.625000000000000000e+00,2.726190476190476275e+00,2.827380952380952550e+00,2.928571428571428825e+00,3.029761904761904656e+00,3.130952380952380931e+00,3.232142857142857206e+00,3.333333333333333481e+00,3.434523809523809756e+00,3.535714285714285587e+00,3.636904761904761862e+00,3.738095238095238138e+00,3.839285714285714413e+00,3.940476190476190688e+00,4.041666666666666075e+00,4.142857142857142350e+00,4.244047619047618625e+00,4.345238095238094900e+00,4.446428571428571175e+00,4.547619047619047450e+00,4.648809523809523725e+00,4.750000000000000000e+00,4.851190476190476275e+00,4.952380952380952550e+00,5.053571428571428825e+00,5.154761904761905100e+00,5.255952380952381375e+00,5.357142857142857650e+00,5.458333333333333037e+00,5.559523809523809312e+00,5.660714285714285587e+00,5.761904761904761862e+00,5.863095238095238138e+00,5.964285714285714413e+00,6.065476190476190688e+00,6.166666666666666963e+00,6.267857142857143238e+00,6.369047619047619513e+00,6.470238095238094900e+00,6.571428571428571175e+00,6.672619047619047450e+00,6.773809523809523725e+00,6.875000000000000000e+00,6.976190476190476275e+00,7.077380952380952550e+00,7.178571428571428825e+00,7.279761904761905100e+00,7.380952380952381375e+00,7.482142857142857650e+00,7.583333333333333037e+00,7.684523809523809312e+00,7.785714285714285587e+00,7.886904761904761862e+00,7.988095238095238138e+00,8.089285714285715301e+00,8.190476190476189799e+00,8.291666666666667851e+00,8.392857142857142350e+00,8.494047619047620401e+00,8.595238095238094900e+00,8.696428571428571175e+00,8.797619047619047450e+00,8.898809523809523725e+00,9.000000000000000000e+00
0.000000000000000000e+00,0.000000000000000000e+00,0.000000000000000000e+00,0.000000000000000000e+00,0.000000000000000000e+00,0.000000000000000000e+00,0.000000000000000000e+00,0.000000000000000000e+00,0.000000000000000000e+00,0.000000000000000000e+00,0.000000000000000000e+00,0.000000000000000000e+00,0.000000000000000000e+00,0.000000000000000000e+00,0.000000000000000000e+00,0.000000000000000000e+00,0.000000000000000000e+00,0.000000000000000000e+00,0.000000000000000000e+00,0.000000000000000000e+00,0.000000000000000000e+00,0.000000000000000000e+00,0.000000000000000000e+00,0.000000000000000000e+00,0.000000000000000000e+00,0.000000000000000000e+00,0.000000000000000000e+00,0.000000000000000000e+00,0.000000000000000000e+00,0.000000000000000000e+00,0.000000000000000000e+00,0.000000000000000000e+00,0.000000000000000000e+00,0.000000000000000000e+00,0.000000000000000000e+00,0.000000000000000000e+00,0.000000000000000000e+00,0.000000000000000000e+00,0.000000000000000000e+00,0.000000000000000000e+00,0.000000000000000000e+00,0.000000000000000000e+00,0.000000000000000000e+00,0.000000000000000000e+00,0.000000000000000000e+00,0.000000000000000000e+00,0.000000000000000000e+00,0.000000000000000000e+00,0.000000000000000000e+00,0.000000000000000000e+00,0.000000000000000000e+00,0.000000000000000000e+00,0.000000000000000000e+00,0.000000000000000000e+00,0.000000000000000000e+00,0.000000000000000000e+00,0.000000000000000000e+00,0.000000000000000000e+00,0.000000000000000000e+00,0.000000000000000000e+00,0.000000000000000000e+00,0.000000000000000000e+00,0.000000000000000000e+00,0.000000000000000000e+00,0.000000000000000000e+00,0.000000000000000000e+00,0.000000000000000000e+00,0.000000000000000000e+00,0.000000000000000000e+00,0.000000000000000000e+00,0.000000000000000000e+00,0.000000000000000000e+00,0.000000000000000000e+00,0.000000000000000000e+00,0.000000000000000000e+00,0.000000000000000000e+00,0.000000000000000000e+00,0.000000000000000000e+00,0.000000000000000000e+00,0.000000000000000000e+00,0.000000000000000000e+00,0.000000000000000000e+00,0.000000000000000000e+00,0.000000000000000000e+00,0.000000000000000000e+00,0.000000000000000000e+00
2.000000000000000042e-03,1.505503156809809761e-03,2.170956825934453570e-03,2.954313815572664169e-03,3.853407889865016409e-03,4.865777118094331138e-03,5.988680408075897424e-03,7.219115609882503781e-03,8.553838972584755160e-03,9.989385726480809469e-03,1.152209155719647292e-02,1.314811473599575460e-02,1.486345867249614858e-02,1.666399466148783468e-02,1.854548460439424395e-02,2.050360349770509460e-02,2.253396149504035412e-02,2.463212536591347090e-02,2.679363919228898092e-02,2.901404416320908786e-02,3.128889734764286196e-02,3.361378934586294748e-02,3.598436073968361987e-02,3.839631728144516504e-02,4.084544378039580564e-02,4.332761666284233593e-02,4.583881519890489059e-02,4.837513140375902798e-02,5.093277863476591838e-02,5.350809891781230926e-02,5.609756904647581616e-02,5.869780550630951388e-02,6.130556828364028960e-02,6.391776362386537846e-02,6.653144580839803757e-02,6.914381802225855189e-02,7.175223238594735653e-02,7.435418922579350998e-02,7.694733565657051189e-02,7.952946354893890291e-02,8.209850695233382456e-02,8.465253904138549113e-02,8.718976865095263984e-02,8.970853646147014526e-02,9.220731089265500613e-02,9.468468375976892004e-02,9.713936574267670321e-02,9.957018171393587636e-02,1.019760659681609172e-01,1.043560573909780437e-01,1.067092946020603145e-01,1.090350111030457675e-01,1.113325304576153058e-01,1.136012615276660725e-01,1.158406937863701303e-01,1.180503927259700103e-01,1.202299953754355222e-01,1.223792059405898330e-01,1.244977915770093257e-01,1.265855783039014082e-01,1.286424470652658969e-01,1.306683299429370060e-01,1.326632065245763326e-01,1.346271004283343120e-01,1.365600759847031831e-01,1.384622350750425446e-01,1.403337141253546416e-01,1.421746812531106685e-01,1.439853335642707344e-01,1.457658945970889686e-01,1.475166119088388572e-01,1.492377548012271404e-01,1.509296121799736379e-01,1.525924905438130474e-01,1.542267120980180817e-01,1.558326129874350596e-01,1.574105416439689209e-01,1.589608572434356992e-01,1.604839282667221700e-01,1.619801311602399319e-01,1.634498490907386192e-01,1.648934707896386465e-01,1.663113894821594829e-01,1.677040018966477475e-01,1.690717073496516565e-01,1.704149069024359087e-01
4.000000000000000083e-03,3.011006313619619523e-03,4.341913651868907140e-03,5.908627631145328338e-03,7.706815779730032817e-03,9.731554236188662277e-03,1.197736081615179485e-02,1.443823121976500756e-02,1.710767794516951032e-02,1.997877145296161894e-02,2.304418311439294584e-02,2.629622947199150920e-02,2.972691734499229715e-02,3.332798932297566935e-02,3.709096920878848791e-02,4.100720699541018921e-02,4.506792299008070823e-02,4.926425073182694181e-02,5.358727838457796183e-02,5.802808832641817571e-02,6.257779469528572391e-02,6.722757869172589495e-02,7.196872147936723974e-02,7.679263456289033007e-02,8.169088756079161129e-02,8.665523332568467185e-02,9.167763039780978118e-02,9.675026280751805596e-02,1.018655572695318368e-01,1.070161978356246185e-01,1.121951380929516323e-01,1.173956110126190278e-01,1.226111365672805792e-01,1.278355272477307569e-01,1.330628916167960751e-01,1.382876360445171038e-01,1.435044647718947131e-01,1.487083784515870200e-01,1.538946713131410238e-01,1.590589270978778058e-01,1.641970139046676491e-01,1.693050780827709823e-01,1.743795373019052797e-01,1.794170729229402905e-01,1.844146217853100123e-01,1.893693675195378401e-01,1.942787314853534064e-01,1.991403634278717527e-01,2.039521319363218343e-01,2.087121147819560874e-01,2.134185892041206289e-01,2.180700222060915350e-01,2.226650609152306115e-01,2.272025230553321451e-01,2.316813875727402605e-01,2.361007854519400206e-01,2.404599907508710444e-01,2.447584118811796661e-01,2.489955831540186515e-01,2.531711566078028164e-01,2.572848941305317938e-01,2.613366598858740120e-01,2.653264130491526651e-01,2.692542008566686240e-01,2.731201519694063662e-01,2.769244701500850891e-01,2.806674282507092832e-01,2.843493625062213370e-01,2.879706671285414687e-01,2.915317891941779371e-01,2.950332238176777144e-01,2.984755096024542809e-01,3.018592243599472758e-01,3.051849810876260949e-01,3.084534241960361634e-01,3.116652259748701193e-01,3.148210832879378418e-01,3.179217144868713985e-01,3.209678565334443401e-01,3.239602623204798637e-01,3.268996981814772385e-01,3.297869415792772929e-01,3.326227789643189658e-01,3.354080037932954950e-01,3.381434146993033130e-01,3.408298138048718173e-01
6.000000000000000125e-03,4.516509470429429067e-03,6.512870477803361577e-03,8.862941446717991639e-03,1.156022366959504923e-02,1.459733135428299342e-02,1.796604122422769054e-02,2.165734682964751134e-02,2.566151691775426721e-02,2.996815717944242841e-02,3.456627467158941702e-02,3.944434420798726554e-02,4.459037601748844226e-02,4.999198398446350056e-02,5.563645381318273186e-02,6.151081049311529075e-02,6.760188448512106929e-02,7.389637609774041271e-02,8.038091757686693928e-02,8.704213248962726357e-02,9.386669204292857893e-02,1.008413680375888355e-01,1.079530822190508527e-01,1.151889518443355021e-01,1.225363313411874239e-01,1.299828499885269939e-01,1.375164455967146648e-01,1.451253942112770701e-01,1.527983359042977551e-01,1.605242967534369347e-01,1.682927071394274554e-01,1.760934165189285416e-01,1.839167048509208480e-01,1.917532908715961493e-01,1.995943374251941127e-01,2.074314540667756557e-01,2.152566971578420418e-01,2.230625676773805299e-01,2.308420069697115218e-01,2.385883906468166948e-01,2.462955208570014876e-01,2.539576171241564873e-01,2.615693059528579334e-01,2.691256093844104358e-01,2.766219326779650323e-01,2.840540512793067740e-01,2.914180972280301374e-01,2.987105451418076152e-01,3.059281979044827793e-01,3.130681721729341449e-01,3.201278838061809573e-01,3.271050333091373163e-01,3.339975913728459589e-01,3.408037845829982038e-01,3.475220813591103908e-01,3.541511781779100310e-01,3.606899861263065388e-01,3.671376178217695130e-01,3.734933747310280050e-01,3.797567349117042523e-01,3.859273411957976907e-01,3.920049898288109902e-01,3.979896195737289699e-01,4.038813012850029360e-01,4.096802279541095215e-01,4.153867052251276060e-01,4.210011423760639526e-01,4.265240437593320055e-01,4.319560006928122031e-01,4.372976837912668779e-01,4.425498357265165161e-01,4.477132644036814768e-01,4.527888365399209136e-01,4.577774716314391701e-01,4.626801362940542450e-01,4.674978389623051789e-01,4.722316249319067349e-01,4.768825717303070699e-01,4.814517848001665379e-01,4.859403934807197678e-01,4.903495472722158577e-01,4.946804123689159116e-01,4.989341684464784210e-01,5.031120056899431869e-01,5.072151220489550250e-01,5.112447207073077537e-01
8.000000000000000167e-03,6.022012627239239045e-03,8.683827303737814279e-03,1.181725526229065668e-02,1.541363155946006563e-02,1.946310847237732455e-02,2.395472163230358970e-02,2.887646243953001512e-02,3.421535589033902064e-02,3.995754290592323787e-02,4.608836622878589168e-02,5.259245894398301840e-02,5.945383468998459431e-02,6.665597864595133870e-02,7.418193841757697582e-02,8.201441399082037842e-02,9.013584598016141647e-02,9.852850146365388362e-02,1.071745567691559237e-01,1.160561766528363514e-01,1.251555893905714478e-01,1.344551573834517899e-01,1.439374429587344795e-01,1.535852691257806601e-01,1.633817751215832226e-01,1.733104666513693437e-01,1.833552607956195624e-01,1.935005256150361119e-01,2.037311145390636735e-01,2.140323956712492370e-01,2.243902761859032646e-01,2.347912220252380555e-01,2.452222731345611584e-01,2.556710544954615139e-01,2.661257832335921503e-01,2.765752720890342076e-01,2.870089295437894261e-01,2.974167569031740399e-01,3.077893426262820475e-01,3.181178541957556116e-01,3.283940278093352982e-01,3.386101561655419645e-01,3.487590746038105594e-01,3.588341458458805810e-01,3.688292435706200245e-01,3.787387350390756802e-01,3.885574629707068128e-01,3.982807268557435054e-01,4.079042638726436687e-01,4.174242295639121747e-01,4.268371784082412579e-01,4.361400444121830700e-01,4.453301218304612230e-01,4.544050461106642902e-01,4.633627751454805210e-01,4.722015709038800413e-01,4.809199815017420887e-01,4.895168237623593321e-01,4.979911663080373030e-01,5.063423132156056328e-01,5.145697882610635876e-01,5.226733197717480239e-01,5.306528260983053302e-01,5.385084017133372480e-01,5.462403039388127324e-01,5.538489403001701783e-01,5.613348565014185665e-01,5.686987250124426740e-01,5.759413342570829375e-01,5.830635783883558743e-01,5.900664476353554289e-01,5.969510192049085617e-01,6.037184487198945515e-01,6.103699621752521898e-01,6.169068483920723267e-01,6.233304519497402385e-01,6.296421665758756836e-01,6.358434289737427969e-01,6.419357130668886802e-01,6.479205246409597274e-01,6.537993963629544769e-01,6.595738831585545858e-01,6.652455579286379317e-01,6.708160075865909899e-01,6.762868293986066259e-01,6.816596276097436347e-01
1.000000000000000021e-02,7.527515784049048156e-03,1.085478412967226872e-02,1.477156907786331998e-02,1.926703944932508378e-02,2.432888559047165569e-02,2.994340204037948538e-02,3.609557804941251891e-02,4.276919486292377753e-02,4.994692863240404734e-02,5.761045778598236633e-02,6.574057367997877821e-02,7.431729336248073248e-02,8.331997330743917685e-02,9.272742302197121977e-02,1.025180174885254869e-01,1.126698074752017775e-01,1.231606268295673545e-01,1.339681959614449080e-01,1.450702208160454254e-01,1.564444867382142890e-01,1.680689467293147166e-01,1.799218036984180924e-01,1.919815864072258182e-01,2.042272189019790352e-01,2.166380833142116658e-01,2.291940759945244599e-01,2.418756570187951260e-01,2.546638931738295919e-01,2.675404945890615394e-01,2.804878452323790738e-01,2.934890275315475416e-01,3.065278414182014410e-01,3.195888181193268784e-01,3.326572290419901878e-01,3.457190901112927595e-01,3.587611619297367826e-01,3.717709461289675499e-01,3.847366782828525178e-01,3.976473177446944729e-01,4.104925347616691367e-01,4.232626952069274973e-01,4.359488432547632408e-01,4.485426823073507263e-01,4.610365544632750723e-01,4.734234187988445863e-01,4.856968287133835438e-01,4.978509085696793401e-01,5.098803298408045581e-01,5.217802869548902045e-01,5.335464730103015585e-01,5.451750555152288236e-01,5.566626522880765426e-01,5.680063076383303766e-01,5.792034689318505958e-01,5.902519636298499961e-01,6.011499768771776386e-01,6.118960297029492068e-01,6.224889578850466565e-01,6.329278915195070132e-01,6.432122353263295400e-01,6.533416497146850022e-01,6.633160326228816350e-01,6.731355021416716156e-01,6.828003799235159432e-01,6.923111753752126951e-01,7.016685706267732359e-01,7.108734062655533981e-01,7.199266678213537274e-01,7.288294729854447596e-01,7.375830595441942306e-01,7.461887740061357022e-01,7.546480608998682449e-01,7.629624527190652650e-01,7.711335604900904084e-01,7.791630649371752426e-01,7.870527082198445212e-01,7.948042862171784684e-01,8.024196413336108780e-01,8.099006558011996315e-01,8.172492454536931517e-01,8.244673539481931490e-01,8.315569474107973313e-01,8.385200094832386819e-01,8.453585367482583379e-01,8.520745345121795156e-01
1.200000000000000025e-02,9.033018940858858134e-03,1.302574095560672315e-02,1.772588289343598328e-02,2.312044733919009845e-02,2.919466270856598683e-02,3.593208244845538107e-02,4.331469365929502269e-02,5.132303383550853443e-02,5.993631435888485681e-02,6.913254934317883404e-02,7.888868841597453108e-02,8.918075203497688452e-02,9.998396796892700111e-02,1.112729076263654637e-01,1.230216209862305815e-01,1.352037689702421386e-01,1.477927521954808254e-01,1.607618351537338786e-01,1.740842649792545271e-01,1.877333840858571579e-01,2.016827360751776710e-01,2.159061644381017053e-01,2.303779036886710041e-01,2.450726626823748477e-01,2.599656999770539878e-01,2.750328911934293297e-01,2.902507884225541401e-01,3.055966718085955103e-01,3.210485935068738694e-01,3.365854142788549108e-01,3.521868330378570833e-01,3.678334097018416959e-01,3.835065817431922985e-01,3.991886748503882254e-01,4.148629081335513114e-01,4.305133943156840837e-01,4.461251353547610599e-01,4.616840139394230436e-01,4.771767812936333897e-01,4.925910417140029751e-01,5.079152342483129745e-01,5.231386119057158668e-01,5.382512187688208716e-01,5.532438653559300645e-01,5.681081025586135480e-01,5.828361944560602748e-01,5.974210902836152304e-01,6.118563958089655586e-01,6.261363443458682898e-01,6.402557676123619146e-01,6.542100666182746327e-01,6.679951827456919178e-01,6.816075691659964075e-01,6.950441627182207815e-01,7.083023563558200619e-01,7.213799722526130775e-01,7.342752356435390260e-01,7.469867494620560100e-01,7.595134698234085047e-01,7.718546823915953814e-01,7.840099796576219804e-01,7.959792391474579398e-01,8.077626025700058721e-01,8.193604559082190431e-01,8.307734104502552119e-01,8.420022847521279052e-01,8.530480875186640111e-01,8.639120013856244062e-01,8.745953675825337559e-01,8.850996714530330323e-01,8.954265288073629536e-01,9.055776730798418273e-01,9.155549432628783402e-01,9.253602725881084901e-01,9.349956779246103578e-01,9.444632498638134699e-01,9.537651434606141398e-01,9.629035696003330758e-01,9.718807869614395356e-01,9.806990945444317154e-01,9.893608247378318232e-01,9.978683368929568420e-01,1.006224011379886374e+00,1.014430244097910050e+00,1.022489441414615507e+00
1.400000000000000029e-02,1.053852209766866811e-02,1.519669778154117586e-02,2.068019670900864831e-02,2.697385522905511659e-02,3.406043982666032144e-02,4.192076285653128370e-02,5.053380926917752647e-02,5.987687280809329132e-02,6.992570008536566628e-02,8.065464090037531564e-02,9.203680315197028394e-02,1.040442107074730366e-01,1.166479626304148393e-01,1.298183922307596938e-01,1.435252244839356761e-01,1.577377304652824719e-01,1.724248775613942963e-01,1.875554743460228491e-01,2.030983091424636011e-01,2.190222814335000268e-01,2.352965254210405976e-01,2.518905251777853183e-01,2.687742209701161622e-01,2.859181064627706603e-01,3.032933166398963376e-01,3.208717063923342550e-01,3.386259198263131820e-01,3.565294504433614287e-01,3.745566924246861440e-01,3.926829833253306923e-01,4.108846385441665694e-01,4.291389779854820063e-01,4.474243453670576631e-01,4.657201206587862630e-01,4.840067261558098632e-01,5.022656267016314402e-01,5.204793245805545698e-01,5.386313495959935693e-01,5.567062448425722510e-01,5.746895486663368136e-01,5.925677732896984518e-01,6.103283805566684928e-01,6.279597552302910168e-01,6.454511762485850568e-01,6.627927863183824542e-01,6.799755601987369502e-01,6.969912719975510651e-01,7.138324617771264480e-01,7.304924017368462641e-01,7.469650622144222707e-01,7.632450777213204418e-01,7.793277132033071819e-01,7.952088306936625495e-01,8.108848565045908563e-01,8.263527490817900167e-01,8.416099676280486275e-01,8.566544415841288451e-01,8.714845410390653635e-01,8.860990481273098851e-01,9.004971294568613338e-01,9.146783096005590696e-01,9.286424456720343557e-01,9.423897029983402396e-01,9.559205318929222539e-01,9.692356455252978398e-01,9.823359988774825746e-01,9.952227687717747351e-01,1.007897334949895196e+00,1.020361262179622752e+00,1.032616283361871945e+00,1.044664283608589983e+00,1.056507285259815410e+00,1.068147433806691415e+00,1.079586984686126572e+00,1.090828290912045473e+00,1.101873791507782308e+00,1.112726000704049811e+00,1.123387497867055274e+00,1.133860918121679440e+00,1.144148943635170390e+00,1.154254295527470386e+00,1.164179726375116353e+00,1.173928013276534177e+00,1.183501951447561540e+00,1.192904348317051388e+00
1.600000000000000033e-02,1.204402525447847809e-02,1.736765460747562856e-02,2.363451052458131335e-02,3.082726311892013127e-02,3.892621694475464911e-02,4.790944326460717939e-02,5.775292487906003025e-02,6.843071178067804128e-02,7.991508581184647575e-02,9.217673245757178335e-02,1.051849178879660368e-01,1.189076693799691886e-01,1.333119572919026774e-01,1.483638768351539516e-01,1.640288279816407568e-01,1.802716919603228329e-01,1.970570029273077672e-01,2.143491135383118473e-01,2.321123533056727029e-01,2.503111787811428957e-01,2.689103147669035798e-01,2.878748859174689589e-01,3.071705382515613203e-01,3.267635502431664452e-01,3.466209333027386874e-01,3.667105215912391247e-01,3.870010512300722239e-01,4.074622290781273470e-01,4.280647913424984741e-01,4.487805523718065293e-01,4.695824440504761110e-01,4.904445462691223168e-01,5.113421089909230277e-01,5.322515664671843005e-01,5.531505441780684151e-01,5.740178590875788522e-01,5.948335138063480798e-01,6.155786852525640951e-01,6.362357083915112232e-01,6.567880556186705965e-01,6.772203123310839290e-01,6.975181492076211187e-01,7.176682916917611621e-01,7.376584871412400490e-01,7.574774700781513603e-01,7.771149259414136257e-01,7.965614537114870108e-01,8.158085277452873374e-01,8.348484591278243494e-01,8.536743568164825158e-01,8.722800888243661399e-01,8.906602436609224460e-01,9.088100922213285804e-01,9.267255502909610421e-01,9.444031418077600826e-01,9.618399630034841774e-01,9.790336475247186643e-01,9.959823326160746060e-01,1.012684626431211266e+00,1.029139576522127175e+00,1.045346639543496048e+00,1.061305652196610660e+00,1.077016803426674496e+00,1.092480607877625465e+00,1.107697880600340357e+00,1.122669713002837133e+00,1.137397450024885348e+00,1.151882668514165875e+00,1.166127156776711749e+00,1.180132895270710858e+00,1.193902038409817123e+00,1.207436897439789103e+00,1.220739924350504380e+00,1.233813696784144653e+00,1.246660903899480477e+00,1.259284333151751367e+00,1.271686857947485594e+00,1.283871426133777360e+00,1.295841049281919455e+00,1.307598792725908954e+00,1.319147766317109172e+00,1.330491115857275863e+00,1.341632015173181980e+00,1.352573658797213252e+00,1.363319255219487269e+00
1.800000000000000211e-02,1.354952841128828807e-02,1.953861143341008647e-02,2.658882434015397839e-02,3.468067100878514941e-02,4.379199406284898372e-02,5.389812367268308202e-02,6.497204048894254791e-02,7.698455075326281205e-02,8.990447153832729910e-02,1.036988240147682649e-01,1.183330326239618036e-01,1.337711280524653545e-01,1.499759519533905294e-01,1.669093614395482095e-01,1.845324314793458931e-01,2.028056534553632217e-01,2.216891282932212659e-01,2.411427527306008456e-01,2.611263974688818323e-01,2.816000761287857368e-01,3.025241041127665342e-01,3.238592466571525996e-01,3.455668555330065339e-01,3.676089940235622855e-01,3.899485499655810372e-01,4.125493367901440500e-01,4.353761826338312657e-01,4.583950077128933209e-01,4.815728902603108041e-01,5.048781214182823662e-01,5.282802495567856527e-01,5.517501145527626827e-01,5.752598726147885033e-01,5.987830122755823936e-01,6.222943622003270780e-01,6.457700914735262643e-01,6.691877030321417008e-01,6.925260209091346209e-01,7.157651719404501955e-01,7.388865625710046015e-01,7.618728513724695173e-01,7.847079178585738557e-01,8.073768281532314184e-01,8.298657980338951523e-01,8.521621538379203775e-01,8.742542916840904121e-01,8.961316354254229566e-01,9.177845937134483378e-01,9.392045165188024347e-01,9.603836514185429829e-01,9.813150999274120601e-01,1.001992774118537932e+00,1.022411353748994722e+00,1.042566244077331117e+00,1.062453534533730259e+00,1.082069958378919727e+00,1.101412853465308705e+00,1.120480124193084182e+00,1.139270204735112868e+00,1.157782023587393239e+00,1.176014969486433248e+00,1.193968858721187187e+00,1.211643903855008864e+00,1.229040683862328676e+00,1.246160115675382984e+00,1.263003427128192024e+00,1.279572131277996183e+00,1.295868002078436776e+00,1.311893051373800745e+00,1.327649507179549770e+00,1.343139793211044486e+00,1.358366509619763018e+00,1.373332414894317566e+00,1.388040408882162957e+00,1.402493516886915703e+00,1.416694874795720427e+00,1.430647715190921376e+00,1.444355354400499669e+00,1.457821180442159470e+00,1.471048641816647740e+00,1.484041237106747957e+00,1.496802505339435374e+00,1.509336017069829783e+00,1.521645366146865186e+00,1.533734162121923150e+00
2.000000000000000042e-02,1.505503156809809631e-02,2.170956825934453743e-02,2.954313815572663995e-02,3.853407889865016756e-02,4.865777118094331138e-02,5.988680408075897077e-02,7.219115609882503781e-02,8.553838972584755507e-02,9.989385726480809469e-02,1.152209155719647327e-01,1.314811473599575564e-01,1.486345867249614650e-01,1.666399466148783537e-01,1.854548460439424395e-01,2.050360349770509738e-01,2.253396149504035550e-01,2.463212536591347090e-01,2.679363919228898161e-01,2.901404416320908508e-01,3.128889734764285779e-01,3.361378934586294331e-01,3.598436073968361848e-01,3.839631728144516365e-01,4.084544378039580703e-01,4.332761666284233315e-01,4.583881519890489198e-01,4.837513140375902521e-01,5.093277863476591838e-01,5.350809891781230787e-01,5.609756904647581477e-01,5.869780550630950833e-01,6.130556828364028821e-01,6.391776362386537569e-01,6.653144580839803757e-01,6.914381802225855189e-01,7.175223238594735653e-01,7.435418922579350998e-01,7.694733565657050356e-01,7.952946354893889458e-01,8.209850695233382734e-01,8.465253904138549945e-01,8.718976865095264817e-01,8.970853646147014526e-01,9.220731089265501446e-01,9.468468375976891727e-01,9.713936574267670876e-01,9.957018171393586803e-01,1.019760659681609116e+00,1.043560573909780409e+00,1.067092946020603117e+00,1.090350111030457647e+00,1.113325304576153085e+00,1.136012615276660753e+00,1.158406937863701192e+00,1.180503927259699992e+00,1.202299953754355277e+00,1.223792059405898414e+00,1.244977915770093313e+00,1.265855783039014026e+00,1.286424470652659080e+00,1.306683299429370004e+00,1.326632065245763270e+00,1.346271004283343231e+00,1.365600759847031886e+00,1.384622350750425390e+00,1.403337141253546472e+00,1.421746812531106796e+00,1.439853335642707455e+00,1.457658945970889519e+00,1.475166119088388461e+00,1.492377548012271404e+00,1.509296121799736490e+00,1.525924905438130530e+00,1.542267120980180817e+00,1.558326129874350485e+00,1.574105416439689042e+00,1.589608572434356937e+00,1.604839282667221756e+00,1.619801311602399263e+00,1.634498490907386303e+00,1.648934707896386298e+00,1.663113894821594663e+00,1.677040018966477364e+00,1.690717073496516676e+00,1.704149069024359031e+00
2.199999999999999872e-02,1.656053472490790629e-02,2.388052508527898840e-02,3.249745197129930152e-02,4.238748678851517876e-02,5.352354829903763905e-02,6.587548448883485952e-02,7.941027170870754159e-02,9.409222869843231196e-02,1.098832429912889042e-01,1.267430071291612004e-01,1.446292620959533093e-01,1.634980453974576031e-01,1.833039412763661780e-01,2.040003306483366696e-01,2.255396384747560545e-01,2.478735764454438883e-01,2.709533790250481800e-01,2.947300311151787588e-01,3.191544857952999248e-01,3.441778708240714191e-01,3.697516828044923320e-01,3.958279681365197700e-01,4.223594900958967946e-01,4.492998815843538551e-01,4.766037832912656258e-01,5.042269671879537896e-01,5.321264454413492384e-01,5.602605649824250467e-01,5.885890880959353533e-01,6.170732595112339292e-01,6.456758605694046249e-01,6.743612511200430815e-01,7.030953998625191215e-01,7.318459038923783577e-01,7.605819982448440708e-01,7.892745562454207553e-01,8.178960814837286097e-01,8.464206922222755614e-01,8.748240990383278071e-01,9.030835764756720563e-01,9.311779294552403607e-01,9.590874551604789966e-01,9.867939010761715979e-01,1.014280419819205026e+00,1.041531521357458079e+00,1.068533023169443652e+00,1.095271998853294404e+00,1.121736725649770117e+00,1.147916631300758272e+00,1.173802240622663362e+00,1.199385122133503456e+00,1.224657835033768238e+00,1.249613876804326784e+00,1.274247631650071266e+00,1.298554319985669947e+00,1.322529949129790605e+00,1.346171265346488122e+00,1.369475707347102444e+00,1.392441361342915407e+00,1.415066917717924921e+00,1.437351629372306983e+00,1.459295271770339575e+00,1.480898104711677377e+00,1.502160835831734875e+00,1.523084585825467796e+00,1.543670855378901141e+00,1.563921493784217187e+00,1.583838669206978134e+00,1.603424840567978515e+00,1.622682730997227152e+00,1.641615302813498545e+00,1.660225733979709961e+00,1.678517395981943494e+00,1.696493833078198898e+00,1.714158742861785489e+00,1.731515958083657880e+00,1.748569429677792497e+00,1.765323210933943843e+00,1.781781442762639056e+00,1.797948339998124645e+00,1.813828178686024861e+00,1.829425284303753951e+00,1.844744020863124945e+00,1.859788780846168166e+00,1.874563975926794690e+00
2.400000000000000050e-02,1.806603788171771627e-02,2.605148191121344631e-02,3.545176578687196656e-02,4.624089467838019690e-02,5.838932541713197366e-02,7.186416489691076215e-02,8.662938731859004537e-02,1.026460676710170689e-01,1.198726287177697136e-01,1.382650986863576681e-01,1.577773768319490622e-01,1.783615040699537690e-01,1.999679359378540022e-01,2.225458152527309275e-01,2.460432419724611630e-01,2.704075379404842772e-01,2.955855043909616509e-01,3.215236703074677571e-01,3.481685299585090543e-01,3.754667681717143157e-01,4.033654721503553420e-01,4.318123288762034107e-01,4.607558073773420082e-01,4.901453253647496955e-01,5.199313999541079756e-01,5.500657823868586593e-01,5.805015768451082803e-01,6.111933436171910206e-01,6.420971870137477389e-01,6.731708285577098216e-01,7.043736660757141665e-01,7.356668194036833919e-01,7.670131634863845971e-01,7.983773497007764508e-01,8.297258162671026227e-01,8.610267886313681673e-01,8.922502707095221197e-01,9.233680278788460871e-01,9.543535625872667794e-01,9.851820834280059502e-01,1.015830468496625949e+00,1.046277223811431734e+00,1.076502437537641743e+00,1.106487730711860129e+00,1.136216205117227096e+00,1.165672388912120550e+00,1.194842180567230461e+00,1.223712791617931117e+00,1.252272688691736580e+00,1.280511535224723829e+00,1.308420133236549265e+00,1.335990365491383836e+00,1.363215138331992815e+00,1.390088325436441563e+00,1.416604712711640124e+00,1.442759944505226155e+00,1.468550471287078052e+00,1.493973498924112020e+00,1.519026939646817009e+00,1.543709364783190763e+00,1.568019959315243961e+00,1.591958478294915880e+00,1.615525205140011744e+00,1.638720911816438086e+00,1.661546820900510424e+00,1.684004569504255810e+00,1.706096175037328022e+00,1.727824002771248812e+00,1.749190735165067512e+00,1.770199342906066065e+00,1.790853057614725907e+00,1.811155346159683655e+00,1.831109886525756680e+00,1.850720545176216980e+00,1.869991355849220716e+00,1.888926499727626940e+00,1.907530286921228280e+00,1.925807139200666152e+00,1.943761573922879071e+00,1.961398189088863431e+00,1.978721649475663646e+00,1.995736673785913684e+00,2.012448022759772748e+00,2.028860488195820100e+00,2.044978882829231015e+00
2.600000000000000228e-02,1.957154103852752625e-02,2.822243873714790074e-02,3.840607960244463159e-02,5.009430256824522198e-02,6.325510253522631521e-02,7.785284530498666478e-02,9.384850292847256303e-02,1.111999066436018396e-01,1.298620144442505231e-01,1.497871902435541636e-01,1.709254915679448428e-01,1.932249627424499350e-01,2.166319305993418542e-01,2.410912998571251853e-01,2.665468454701662715e-01,2.929414994355246105e-01,3.202176297568751773e-01,3.483173094997567554e-01,3.771825741217181838e-01,4.067556655193572124e-01,4.369792614962182964e-01,4.677966896158871069e-01,4.991521246587872218e-01,5.309907691451455358e-01,5.632590166169503254e-01,5.959045975857636401e-01,6.288767082488673221e-01,6.621261222519569944e-01,6.956052859315600134e-01,7.292683976041856031e-01,7.630714715820237082e-01,7.969723876873238133e-01,8.309309271102499617e-01,8.649087955091745439e-01,8.988696342893612856e-01,9.327790210173155794e-01,9.666044599353157407e-01,1.000315363535416724e+00,1.033883026136205752e+00,1.067280590380339955e+00,1.100483007538011426e+00,1.133466992462384360e+00,1.166210973999111999e+00,1.198695041604515232e+00,1.230900888876996113e+00,1.262811754654797225e+00,1.294412362281166518e+00,1.325688857586092118e+00,1.356628746082714665e+00,1.387220829826784296e+00,1.417455144339595074e+00,1.447322895948999211e+00,1.476816399859659068e+00,1.505929019222811638e+00,1.534655105437610301e+00,1.562989939880661927e+00,1.590929677227667982e+00,1.618471290501121373e+00,1.645612517950718390e+00,1.672351811848456826e+00,1.698688289258181161e+00,1.724621684819492407e+00,1.750152305568346112e+00,1.775280987801141519e+00,1.800009055975553274e+00,1.824338283629610702e+00,1.848270856290438857e+00,1.871809336335519713e+00,1.894956629762156508e+00,1.917715954814905199e+00,1.940090812415953048e+00,1.962084958339657570e+00,1.983702377069569867e+00,2.004947257274235284e+00,2.025823968836655720e+00,2.046337041371595777e+00,2.066491144164664284e+00,2.086291067467388238e+00,2.105741705083119086e+00,2.124848038179602217e+00,2.143615120265302654e+00,2.162048063268073417e+00,2.180152024656420551e+00,2.197932195545471590e+00,2.215393789731666896e+00
2.800000000000000058e-02,2.107704419533733622e-02,3.039339556308235171e-02,4.136039341801729663e-02,5.394771045811023319e-02,6.812087965332064288e-02,8.384152571306256740e-02,1.010676185383550529e-01,1.197537456161865826e-01,1.398514001707313326e-01,1.613092818007506313e-01,1.840736063039405679e-01,2.080884214149460731e-01,2.332959252608296785e-01,2.596367844615193876e-01,2.870504489678713522e-01,3.154754609305649438e-01,3.448497551227885927e-01,3.751109486920456981e-01,4.061966182849272022e-01,4.380445628670000535e-01,4.705930508420811953e-01,5.037810503555706365e-01,5.375484419402323244e-01,5.718362129255413207e-01,6.065866332797926752e-01,6.417434127846685099e-01,6.772518396526263640e-01,7.130589008867228573e-01,7.491133848493722880e-01,7.853659666506613846e-01,8.217692770883331388e-01,8.582779559709640127e-01,8.948486907341153263e-01,9.314402413175725259e-01,9.680134523116197265e-01,1.004531253403262880e+00,1.040958649161109140e+00,1.077262699191987139e+00,1.113412489685144502e+00,1.149379097332673627e+00,1.185135546579396904e+00,1.220656761113336986e+00,1.255919510460582034e+00,1.290902352497170114e+00,1.325585572636764908e+00,1.359951120397473900e+00,1.393982543995102130e+00,1.427664923554252896e+00,1.460984803473692528e+00,1.493930124428844541e+00,1.526490155442640884e+00,1.558655426406614364e+00,1.590417661387325099e+00,1.621769713009181713e+00,1.652705498163580033e+00,1.683219935256097255e+00,1.713308883168257690e+00,1.742969082078130727e+00,1.772198096254619770e+00,1.800994258913722668e+00,1.829356619201118139e+00,1.857284891344068711e+00,1.884779405996680479e+00,1.911841063785844508e+00,1.938471291050595680e+00,1.964671997754965149e+00,1.990445537543549470e+00,2.015794669899790392e+00,2.040722524359245504e+00,2.065232566723743890e+00,2.089328567217179966e+00,2.113014570519630819e+00,2.136294867613382831e+00,2.159173969372253143e+00,2.181656581824090946e+00,2.203747583015564615e+00,2.225452001408099623e+00,2.246774995734110547e+00,2.267721836243358879e+00,2.288297887270340780e+00,2.308508591054940773e+00,2.328359452750232705e+00,2.347856026553068354e+00,2.367003902895123080e+00,2.385808696634102777e+00
2.999999999999999889e-02,2.258254735214714273e-02,3.256435238901680268e-02,4.431470723358995473e-02,5.780111834797524439e-02,7.298665677141497055e-02,8.983020612113845615e-02,1.082867341482375567e-01,1.283075845887713395e-01,1.498407858972121420e-01,1.728313733579470712e-01,1.972217210399363208e-01,2.229518800874422113e-01,2.499599199223175028e-01,2.781822690659136454e-01,3.075540524655764330e-01,3.380094224256053326e-01,3.694818804887020636e-01,4.019045878843346964e-01,4.352106624481362762e-01,4.693334602146428391e-01,5.042068401879441497e-01,5.397654110952542217e-01,5.759447592216774270e-01,6.126816567059371055e-01,6.499142499426349140e-01,6.875822279835732687e-01,7.256269710563852948e-01,7.639916795214887202e-01,8.026214837671845626e-01,8.414635356971371660e-01,8.804670825946426804e-01,9.195835242546042121e-01,9.587664543579805798e-01,9.979716871259705080e-01,1.037157270333878278e+00,1.076283485789210292e+00,1.115312838386902650e+00,1.154210034848557553e+00,1.192941953234083474e+00,1.231477604285007299e+00,1.269788085620782381e+00,1.307846529764289611e+00,1.345628046922052068e+00,1.383109663389824995e+00,1.420270256396533703e+00,1.457090486140150576e+00,1.493552725709037965e+00,1.529640989522413674e+00,1.565340860864670613e+00,1.600639419030904786e+00,1.635525166545686471e+00,1.669987956864229517e+00,1.704018922914991130e+00,1.737610406795551787e+00,1.770755890889549988e+00,1.803449930631532583e+00,1.835688089108847398e+00,1.867466873655139858e+00,1.898783674558521151e+00,1.929636705978988509e+00,1.960024949144054895e+00,1.989948097868644794e+00,2.019406506425014403e+00,2.048401139770547719e+00,2.076933526125638085e+00,2.105005711880319819e+00,2.132620218796660083e+00,2.159780003464061071e+00,2.186488418956334279e+00,2.212749178632582581e+00,2.238566322018407106e+00,2.263944182699604735e+00,2.288887358157195795e+00,2.313400681470271003e+00,2.337489194811525728e+00,2.361158124659533453e+00,2.384412858651535405e+00,2.407258924000832412e+00,2.429701967403598672e+00,2.451747736361079344e+00,2.473402061844579336e+00,2.494670842232391994e+00,2.515560028449715713e+00,2.536075610244774570e+00,2.556223603536538214e+00
3.200000000000000067e-02,2.408805050895695618e-02,3.473530921495125712e-02,4.726902104916262670e-02,6.165452623784026254e-02,7.785243388950929821e-02,9.581888652921435878e-02,1.155058497581200605e-01,1.368614235613560826e-01,1.598301716236929515e-01,1.843534649151435667e-01,2.103698357759320736e-01,2.378153387599383772e-01,2.666239145838053548e-01,2.967277536703079033e-01,3.280576559632815137e-01,3.605433839206456659e-01,3.941140058546155345e-01,4.286982270766236947e-01,4.642247066113454057e-01,5.006223575622857913e-01,5.378206295338071596e-01,5.757497718349379179e-01,6.143410765031226406e-01,6.535271004863328903e-01,6.932418666054773748e-01,7.334210431824782495e-01,7.740021024601444477e-01,8.149244581562546941e-01,8.561295826849969481e-01,8.975611047436130585e-01,9.391648881009522221e-01,9.808890925382446335e-01,1.022684217981846055e+00,1.064503132934368601e+00,1.106301088356136830e+00,1.148035718175157704e+00,1.189667027612696160e+00,1.231157370505128190e+00,1.272471416783022446e+00,1.313576111237341193e+00,1.354440624662167858e+00,1.395036298415242237e+00,1.435336583383522324e+00,1.475316974282480098e+00,1.514954940156302721e+00,1.554229851882827251e+00,1.593122907422974022e+00,1.631617055490574675e+00,1.669696918255648699e+00,1.707348713632965032e+00,1.744560177648732280e+00,1.781320487321844892e+00,1.817620184442657161e+00,1.853451100581922084e+00,1.888806283615520165e+00,1.923679926006968355e+00,1.958067295049437329e+00,1.991964665232149212e+00,2.025369252862422531e+00,2.058279153044254350e+00,2.090693279086992096e+00,2.122611304393221321e+00,2.154033606853348992e+00,2.184961215755250930e+00,2.215395761200680713e+00,2.245339426005674266e+00,2.274794900049770696e+00,2.303765337028331750e+00,2.332254313553423497e+00,2.360265790541421715e+00,2.387804076819634247e+00,2.414873794879578206e+00,2.441479848701008759e+00,2.467627393568289307e+00,2.493321807798960954e+00,2.518568666303502734e+00,2.543373715894971188e+00,2.567742852267554721e+00,2.591682098563838910e+00,2.615197585451817908e+00,2.638295532634218343e+00,2.660982231714551727e+00,2.683264030346363960e+00,2.705147317594426504e+00,2.726638510438974539e+00
3.400000000000000244e-02,2.559355366576676616e-02,3.690626604088571849e-02,5.022333486473529174e-02,6.550793412770528068e-02,8.271821100760363976e-02,1.018075669372902614e-01,1.227249653680025782e-01,1.454152625339408533e-01,1.698195573501737610e-01,1.958755564723400344e-01,2.235179505119278542e-01,2.526787974324345432e-01,2.832879092452931791e-01,3.152732382747021611e-01,3.485612594609866499e-01,3.830773454156860547e-01,4.187461312205290609e-01,4.554918662689126929e-01,4.932387507745544797e-01,5.319112549099286325e-01,5.714344188796700585e-01,6.117341325746215031e-01,6.527373937845678542e-01,6.943725442667287862e-01,7.365694832683197246e-01,7.792598583813831192e-01,8.223772338639034896e-01,8.658572367910206680e-01,9.096376816028093337e-01,9.536586737900889510e-01,9.978626936072617637e-01,1.042194660821884833e+00,1.086601981605711531e+00,1.131034578742766694e+00,1.175444906378395382e+00,1.219787950561105117e+00,1.264021216838489670e+00,1.308104706161698605e+00,1.352000880331961419e+00,1.395674618189675087e+00,1.439093163703553557e+00,1.482226067066195085e+00,1.525045119844992580e+00,1.567524285175135201e+00,1.609639623916071738e+00,1.651369217625504149e+00,1.692693089136909856e+00,1.733593121458735675e+00,1.774052975646626784e+00,1.814058008235025499e+00,1.853595188751778311e+00,1.892653017779460489e+00,1.931221445970323414e+00,1.969291794368292159e+00,2.006856676341490342e+00,2.043909921382403905e+00,2.080446500990027481e+00,2.116462456809158788e+00,2.151954831166324134e+00,2.186921600109520636e+00,2.221361609029929074e+00,2.255274510917797848e+00,2.288660707281683582e+00,2.321521291739954140e+00,2.353857996275723341e+00,2.385673140131029157e+00,2.416969581302881753e+00,2.447750670592602873e+00,2.478020208150512271e+00,2.507782402450260406e+00,2.537041831620861831e+00,2.565803407059552121e+00,2.594072339244822167e+00,2.621854105666307611e+00,2.649154420786396180e+00,2.675979207947471572e+00,2.702334573138406970e+00,2.728226780534277029e+00,2.753662229724078703e+00,2.778647434542556915e+00,2.803189003423856906e+00,2.827293621196711015e+00,2.850968032243011763e+00,2.874219024944078438e+00,2.897053417341410420e+00
3.600000000000000422e-02,2.709905682257657614e-02,3.907722286682017293e-02,5.317764868030795677e-02,6.936134201757029882e-02,8.758398812569796743e-02,1.077962473453661640e-01,1.299440809778850958e-01,1.539691015065256241e-01,1.798089430766545982e-01,2.073976480295365299e-01,2.366660652479236071e-01,2.675422561049307091e-01,2.999519039067810589e-01,3.338187228790964189e-01,3.690648629586917862e-01,4.056113069107264435e-01,4.433782565864425318e-01,4.822855054612016912e-01,5.222527949377636647e-01,5.632001522575714736e-01,6.050482082255330685e-01,6.477184933143051992e-01,6.911337110660130678e-01,7.352179880471245710e-01,7.798970999311620744e-01,8.250986735802881000e-01,8.707523652676625314e-01,9.167900154257866419e-01,9.631457805206216083e-01,1.009756242836564732e+00,1.056560499113571305e+00,1.103500229105525365e+00,1.150519745229577007e+00,1.197566024551164787e+00,1.244588724400654156e+00,1.291540182947052529e+00,1.338375406064283402e+00,1.385052041818269242e+00,1.431530343880900391e+00,1.477773125142009203e+00,1.523745702744939035e+00,1.569415835717147711e+00,1.614753656306462837e+00,1.659731596067790305e+00,1.704324307675840755e+00,1.748508583368180824e+00,1.792263270850845913e+00,1.835569187426896676e+00,1.878409033037604869e+00,1.920767302837085966e+00,1.962630199854824120e+00,2.003985548237075864e+00,2.044822707497989445e+00,2.085132488154662234e+00,2.124907069067460519e+00,2.164139916757839455e+00,2.202825706930617411e+00,2.240960248386168363e+00,2.278540409470225736e+00,2.315564047174786477e+00,2.352029938972866496e+00,2.387937717442374375e+00,2.423287807710017727e+00,2.458081367724657351e+00,2.492320231350765969e+00,2.526006854256384049e+00,2.559144262555992366e+00,2.591736004156873552e+00,2.623786102747601490e+00,2.655299014359099541e+00,2.686279586422088972e+00,2.716733019239526037e+00,2.746664829788635132e+00,2.776080817764325914e+00,2.804987033773831406e+00,2.833389749591440854e+00,2.861295430381842753e+00,2.888710708800999338e+00,2.915642360884318940e+00,2.942097283633295479e+00,2.968082474213495914e+00,2.993605010678870748e+00,3.018672034139659566e+00,3.043290732293730372e+00,3.067468324243846300e+00
3.799999999999999906e-02,2.860455997938638265e-02,4.124817969275462043e-02,5.613196249588061487e-02,7.321474990743531697e-02,9.244976524379229510e-02,1.137849277534420389e-01,1.371631965877675718e-01,1.625229404791103671e-01,1.897983288031353799e-01,2.189197395867329698e-01,2.498141799839193322e-01,2.824057147774268195e-01,3.166158985682688276e-01,3.523642074834906213e-01,3.895684664563968114e-01,4.281452684057667213e-01,4.680103819523559472e-01,5.090791446534905784e-01,5.512668391009726276e-01,5.944890496052143147e-01,6.386619975713959674e-01,6.837028540539887844e-01,7.295300283474581704e-01,7.760634318275203558e-01,8.232247165940043132e-01,8.709374887791928588e-01,9.191274966714214623e-01,9.677227940605523937e-01,1.016653879438433883e+00,1.065853811883040514e+00,1.115258304619880736e+00,1.164805797389165454e+00,1.214437508853442038e+00,1.264097470359562658e+00,1.313732542422912486e+00,1.363292415332999719e+00,1.412729595290076690e+00,1.461999377474839656e+00,1.511059807429838919e+00,1.559871632094342653e+00,1.608398241786324290e+00,1.656605604368100115e+00,1.704462192767932649e+00,1.751938906960445186e+00,1.799008991435609328e+00,1.845647949110857278e+00,1.891833452564781526e+00,1.937545253395057454e+00,1.982765090428582733e+00,2.027476597439146211e+00,2.071665210957869707e+00,2.115318078694691017e+00,2.158423969025655254e+00,2.200973181941032308e+00,2.242957461793430252e+00,2.284369912133274561e+00,2.325204912871206897e+00,2.365458039963177050e+00,2.405125987774126894e+00,2.444206494240051875e+00,2.482698268915803030e+00,2.520600923966950013e+00,2.557914908138351873e+00,2.594641443709360118e+00,2.630782466425808153e+00,2.666340568381738052e+00,2.701318943809102535e+00,2.735721337721143787e+00,2.769551997344690264e+00,2.802815626267937787e+00,2.835517341223315668e+00,2.867662631419499064e+00,2.899257320332448096e+00,2.930307529862343774e+00,2.960819646761265744e+00,2.990800291235409247e+00,3.020256287625278091e+00,3.049194637067721203e+00,3.077622492044558289e+00,3.105547132724033599e+00,3.132975945003134033e+00,3.159916400161029593e+00,3.186376036036306925e+00,3.212362439643381418e+00,3.237883231146282181e+00
4.000000000000000083e-02,3.011006313619619262e-02,4.341913651868907487e-02,5.908627631145327991e-02,7.706815779730033511e-02,9.731554236188662277e-02,1.197736081615179415e-01,1.443823121976500756e-01,1.710767794516951101e-01,1.997877145296161894e-01,2.304418311439294653e-01,2.629622947199151128e-01,2.972691734499229299e-01,3.332798932297567074e-01,3.709096920878848791e-01,4.100720699541019476e-01,4.506792299008071101e-01,4.926425073182694181e-01,5.358727838457796322e-01,5.802808832641817016e-01,6.257779469528571559e-01,6.722757869172588663e-01,7.196872147936723696e-01,7.679263456289032730e-01,8.169088756079161406e-01,8.665523332568466630e-01,9.167763039780978396e-01,9.675026280751805041e-01,1.018655572695318368e+00,1.070161978356246157e+00,1.121951380929516295e+00,1.173956110126190167e+00,1.226111365672805764e+00,1.278355272477307514e+00,1.330628916167960751e+00,1.382876360445171038e+00,1.435044647718947131e+00,1.487083784515870200e+00,1.538946713131410071e+00,1.590589270978777892e+00,1.641970139046676547e+00,1.693050780827709989e+00,1.743795373019052963e+00,1.794170729229402905e+00,1.844146217853100289e+00,1.893693675195378345e+00,1.942787314853534175e+00,1.991403634278717361e+00,2.039521319363218232e+00,2.087121147819560818e+00,2.134185892041206234e+00,2.180700222060915294e+00,2.226650609152306171e+00,2.272025230553321506e+00,2.316813875727402383e+00,2.361007854519399984e+00,2.404599907508710555e+00,2.447584118811796827e+00,2.489955831540186626e+00,2.531711566078028053e+00,2.572848941305318160e+00,2.613366598858740009e+00,2.653264130491526540e+00,2.692542008566686462e+00,2.731201519694063773e+00,2.769244701500850780e+00,2.806674282507092943e+00,2.843493625062213592e+00,2.879706671285414910e+00,2.915317891941779038e+00,2.950332238176776922e+00,2.984755096024542809e+00,3.018592243599472980e+00,3.051849810876261060e+00,3.084534241960361634e+00,3.116652259748700970e+00,3.148210832879378085e+00,3.179217144868713874e+00,3.209678565334443512e+00,3.239602623204798526e+00,3.268996981814772607e+00,3.297869415792772596e+00,3.326227789643189325e+00,3.354080037932954728e+00,3.381434146993033352e+00,3.408298138048718062e+00
4.200000000000000261e-02,3.161556629300600607e-02,4.559009334462352930e-02,6.204059012702594494e-02,8.092156568716535325e-02,1.021813194799809643e-01,1.257622885695938442e-01,1.516014278075325794e-01,1.796306184242798809e-01,2.097771002560969988e-01,2.419639227011259330e-01,2.761104094559108657e-01,3.121326321224190958e-01,3.499438878912445317e-01,3.894551766922791369e-01,4.305756734518070283e-01,4.732131913958474989e-01,5.172746326841829445e-01,5.626664230380685749e-01,6.092949274273908866e-01,6.570668443005001080e-01,7.058895762631218762e-01,7.556715755333560658e-01,8.063226629103484866e-01,8.577543193883120365e-01,9.098799499196890128e-01,9.626151191770027093e-01,1.015877759478939657e+00,1.069588351330084341e+00,1.123670077274058432e+00,1.178048949975992077e+00,1.232653915632499819e+00,1.287416933956446075e+00,1.342273036101172989e+00,1.397160361976358844e+00,1.452020178467429590e+00,1.506796880104894543e+00,1.561437973741663932e+00,1.615894048787980708e+00,1.670118734527716864e+00,1.724068645999010441e+00,1.777703319869095466e+00,1.830985141670005589e+00,1.883879265690873162e+00,1.936353528745755392e+00,1.988378358955147363e+00,2.039926680596210851e+00,2.090973815992653417e+00,2.141497385331379455e+00,2.191477205210539125e+00,2.240895186643266701e+00,2.289735233163961325e+00,2.337983139609921768e+00,2.385626492080987759e+00,2.432654569513772902e+00,2.479058247245370161e+00,2.524829902884146104e+00,2.569963324752386757e+00,2.614453623117196202e+00,2.658297144381929655e+00,2.701491388370584001e+00,2.744034928801676987e+00,2.785927337016103067e+00,2.827169108995020608e+00,2.867761595678766984e+00,2.907706936575893408e+00,2.947007996632447835e+00,2.985668306315324205e+00,3.023692004849685588e+00,3.061083786538868257e+00,3.097848850085616057e+00,3.133992850825770393e+00,3.169521855779446451e+00,3.204442301420074468e+00,3.238760954058379937e+00,3.272484872736136197e+00,3.305621374523347367e+00,3.338178002112149656e+00,3.370162493601165821e+00,3.401582754365038763e+00,3.432446830905511170e+00,3.462762886582411603e+00,3.492539179125349058e+00,3.521784039829602531e+00,3.550505854342684842e+00,3.578713044951153943e+00
4.399999999999999745e-02,3.312106944981581258e-02,4.776105017055797680e-02,6.499490394259860304e-02,8.477497357703035752e-02,1.070470965980752781e-01,1.317509689776697190e-01,1.588205434174150832e-01,1.881844573968646239e-01,2.197664859825778083e-01,2.534860142583224007e-01,2.892585241919066186e-01,3.269960907949152062e-01,3.666078825527323559e-01,4.080006612966733393e-01,4.510792769495121091e-01,4.957471528908877767e-01,5.419067580500963599e-01,5.894600622303575177e-01,6.383089715905998496e-01,6.883557416481428382e-01,7.395033656089846641e-01,7.916559362730395399e-01,8.447189801917935892e-01,8.985997631687077103e-01,9.532075665825312516e-01,1.008453934375907579e+00,1.064252890882698477e+00,1.120521129964850093e+00,1.177178176191870707e+00,1.234146519022467858e+00,1.291351721138809250e+00,1.348722502240086163e+00,1.406190799725038243e+00,1.463691807784756715e+00,1.521163996489688142e+00,1.578549112490841511e+00,1.635792162967457219e+00,1.692841384444551123e+00,1.749648198076655614e+00,1.806167152951344113e+00,1.862355858910480721e+00,1.918174910320957993e+00,1.973587802152343196e+00,2.028560839638410052e+00,2.083063042714916158e+00,2.137066046338887304e+00,2.190543997706588808e+00,2.243473451299540233e+00,2.295833262601516545e+00,2.347604481245326724e+00,2.398770244267006913e+00,2.449315670067536477e+00,2.499227753608653568e+00,2.548495263300142533e+00,2.597108639971339894e+00,2.645059898259581210e+00,2.692342530692976244e+00,2.738951414694204889e+00,2.784882722685830814e+00,2.830133835435849843e+00,2.874703258744613965e+00,2.918590543540679150e+00,2.961796209423354753e+00,3.004321671663469751e+00,3.046169171650935592e+00,3.087341710757802282e+00,3.127842987568434374e+00,3.167677338413956267e+00,3.206849681135957031e+00,3.245365461994454304e+00,3.283230605626997090e+00,3.320451467959419922e+00,3.357034791963886988e+00,3.392987666156397797e+00,3.428317485723570979e+00,3.463031916167315760e+00,3.497138859355584994e+00,3.530646421867887685e+00,3.563562885525278112e+00,3.595896679996249290e+00,3.627656357372049722e+00,3.658850568607507903e+00,3.689488041726249890e+00,3.719577561692336332e+00,3.749127951853589380e+00
4.599999999999999922e-02,3.462657260662561909e-02,4.993200699649243124e-02,6.794921775817126808e-02,8.862838146689537566e-02,1.119128737161696197e-01,1.377396493857456217e-01,1.660396590272975870e-01,1.967382963694493669e-01,2.297558717090586178e-01,2.650081058155188685e-01,3.024066389279023714e-01,3.418595494674113722e-01,3.832718772142201802e-01,4.265461459010675971e-01,4.715828804472171898e-01,5.182811143859281655e-01,5.665388834160098863e-01,6.162537014226465715e-01,6.673230157538089236e-01,7.196446389957857903e-01,7.731171549548476740e-01,8.276402970127232361e-01,8.831152974732388028e-01,9.394452069491034951e-01,9.965351832453736014e-01,1.054292749574812449e+00,1.112628022286457519e+00,1.171453908599616067e+00,1.230686275109682981e+00,1.290244088068943640e+00,1.350049526645118680e+00,1.410028070523726473e+00,1.470108563348903719e+00,1.530223253593154809e+00,1.590307814511946694e+00,1.650301344876788923e+00,1.710146352193250729e+00,1.769788720101121537e+00,1.829177661625594586e+00,1.888265659903678007e+00,1.947008397951866421e+00,2.005364678971910841e+00,2.063296338613813230e+00,2.120768150531065377e+00,2.177747726474684953e+00,2.234205412081564202e+00,2.290114179420525087e+00,2.345449517267701012e+00,2.400189319992494852e+00,2.454313775847387191e+00,2.507805255370052500e+00,2.560648200525152074e+00,2.612829015136319821e+00,2.664335957086512607e+00,2.715159032697310071e+00,2.765289893635016760e+00,2.814721736633566174e+00,2.863449206271214464e+00,2.911468300989732416e+00,2.958776282501115684e+00,3.005371588687550943e+00,3.051253750065255677e+00,3.096423309851688899e+00,3.140881747648172961e+00,3.184631406725978220e+00,3.227675424883156730e+00,3.270017668821545431e+00,3.311662671978226946e+00,3.352615575733045805e+00,3.392882073903293438e+00,3.432468360428224230e+00,3.471381080139393838e+00,3.509627282507699952e+00,3.547214378254416101e+00,3.584150098711006205e+00,3.620442457811284598e+00,3.656099716599020777e+00,3.691130350134609994e+00,3.725543016685518349e+00,3.759346529086988298e+00,3.792549828161688730e+00,3.825161958089667635e+00,3.857192043622897693e+00,3.888649269041988266e+00,3.919542858756025705e+00
4.800000000000000100e-02,3.613207576343543254e-02,5.210296382242689261e-02,7.090353157374393311e-02,9.248178935676039381e-02,1.167786508342639473e-01,1.437283297938215243e-01,1.732587746371800907e-01,2.052921353420341377e-01,2.397452574355394272e-01,2.765301973727153362e-01,3.155547536638981243e-01,3.567230081399075381e-01,3.999358718757080045e-01,4.450916305054618549e-01,4.920864839449223260e-01,5.408150758809685543e-01,5.911710087819233017e-01,6.430473406149355142e-01,6.963370599170181086e-01,7.509335363434286315e-01,8.067309443007106839e-01,8.636246577524068213e-01,9.215116147546840164e-01,9.802906507294993910e-01,1.039862799908215951e+00,1.100131564773717319e+00,1.161003153690216561e+00,1.222386687234382041e+00,1.284194374027495478e+00,1.346341657115419643e+00,1.408747332151428333e+00,1.471333638807366784e+00,1.534026326972769194e+00,1.596754699401552902e+00,1.659451632534205245e+00,1.722053577262736335e+00,1.784500541419044239e+00,1.846736055757692174e+00,1.908707125174533559e+00,1.970364166856011900e+00,2.031660936993251898e+00,2.092554447622863467e+00,2.153004875075283486e+00,2.212975461423720258e+00,2.272432410234454192e+00,2.331344777824241099e+00,2.389684361134460922e+00,2.447425583235862234e+00,2.504545377383473159e+00,2.561023070449447658e+00,2.616840266473098531e+00,2.671980730982767671e+00,2.726430276663985630e+00,2.780176650872883126e+00,2.833209425423280248e+00,2.885519889010452310e+00,2.937100942574156104e+00,2.987946997848224040e+00,3.038053879293634019e+00,3.087418729566381526e+00,3.136039918630487922e+00,3.183916956589831759e+00,3.231050410280023488e+00,3.277441823632876172e+00,3.323093641801020848e+00,3.368009139008511621e+00,3.412192350074656044e+00,3.455648005542497625e+00,3.498381470330135024e+00,3.540398685812132129e+00,3.581706115229451814e+00,3.622310692319367309e+00,3.662219773051513361e+00,3.701441090352433960e+00,3.739982711698441431e+00,3.777852999455253880e+00,3.815060573842456559e+00,3.851614278401332303e+00,3.887523147845758142e+00,3.922796378177726861e+00,3.957443298951327293e+00,3.991473347571827368e+00,4.024896045519545495e+00,4.057720976391640200e+00,4.089957765658462030e+00
5.000000000000000278e-02,3.763757892024524598e-02,5.427392064836134705e-02,7.385784538931659815e-02,9.633519724662541195e-02,1.216444279523582889e-01,1.497170102018974269e-01,1.804778902470625945e-01,2.138459743146189085e-01,2.497346431620202367e-01,2.880522889299118039e-01,3.287028683998938772e-01,3.715864668124037040e-01,4.165998665371958842e-01,4.636371151098561127e-01,5.125900874426274623e-01,5.633490373760089431e-01,6.158031341478368281e-01,6.698409798072245680e-01,7.253511040802271825e-01,7.822224336910714726e-01,8.403447336465735829e-01,8.996090184920905175e-01,9.599079320361292300e-01,1.021136094509895287e+00,1.083190416571058412e+00,1.145970379972622188e+00,1.209378285093975602e+00,1.273319465869148015e+00,1.337702472945307752e+00,1.402439226161895425e+00,1.467445137657737764e+00,1.532639207091007316e+00,1.597944090596634448e+00,1.663286145209950995e+00,1.728595450556464019e+00,1.793805809648683747e+00,1.858854730644837971e+00,1.923683391414262811e+00,1.988236588723472531e+00,2.052462673808345794e+00,2.116313476034637375e+00,2.179744216273816093e+00,2.242713411536753743e+00,2.305182772316375139e+00,2.367117093994222987e+00,2.428484143566917552e+00,2.489254542848396756e+00,2.549401649204023013e+00,2.608901434774451022e+00,2.667732365051508125e+00,2.725875277576144562e+00,2.783313261440382824e+00,2.840031538191651883e+00,2.896017344659253201e+00,2.951259818149250425e+00,3.005749884385887860e+00,3.059480148514746034e+00,3.112444789425233171e+00,3.164639457597535177e+00,3.216061176631647811e+00,3.266708248573425344e+00,3.316580163114408286e+00,3.365677510708358078e+00,3.414001899617579827e+00,3.461555876876063920e+00,3.508342853133866512e+00,3.554367031327767101e+00,3.599633339106768748e+00,3.644147364927224242e+00,3.687915297720971264e+00,3.730943870030678955e+00,3.773240304499341224e+00,3.814812263595326325e+00,3.855667802450452264e+00,3.895815324685876657e+00,3.935263541099222717e+00,3.974021431085892342e+00,4.012098206668054168e+00,4.049503279005998380e+00,4.086246227268465425e+00,4.122336769740965856e+00,4.157784737053987101e+00,4.192600047416193298e+00,4.226792683741291690e+00,4.260372672560897911e+00
5.200000000000000455e-02,3.914308207705505249e-02,5.644487747429580149e-02,7.681215920488926319e-02,1.001886051364904440e-01,1.265102050704526304e-01,1.557056906099733296e-01,1.876970058569451261e-01,2.223998132872036793e-01,2.597240288885010462e-01,2.995743804871083271e-01,3.418509831358896855e-01,3.864499254848998699e-01,4.332638611986837085e-01,4.821825997142503706e-01,5.330936909403325430e-01,5.858829988710492209e-01,6.404352595137503545e-01,6.966346189995135108e-01,7.543651482434363675e-01,8.135113310387144248e-01,8.739585229924365928e-01,9.355933792317742137e-01,9.983042493175744436e-01,1.061981538290291072e+00,1.126518033233900651e+00,1.191809195171527280e+00,1.257753416497734644e+00,1.324252244503913989e+00,1.391210571863120027e+00,1.458536795208371206e+00,1.526142943164047416e+00,1.593944775374647627e+00,1.661861854220499923e+00,1.729817591018349088e+00,1.797739268578722571e+00,1.865558042034631159e+00,1.933208919870631481e+00,2.000630727070833448e+00,2.067766052272411503e+00,2.134561180760679910e+00,2.200966015076022853e+00,2.266933984924768719e+00,2.332421947998223999e+00,2.397390083209030465e+00,2.461801777753992226e+00,2.525623509309594450e+00,2.588824724562333035e+00,2.651377715172184235e+00,2.713257492165429330e+00,2.774441659653568593e+00,2.834910288679190149e+00,2.894645791897998421e+00,2.953632799719318136e+00,3.011858038445623276e+00,3.069310210875220601e+00,3.125979879761323854e+00,3.181859354455335964e+00,3.236942581002242747e+00,3.291225035901436780e+00,3.344703623696913652e+00,3.397376578516362322e+00,3.449243369638984813e+00,3.500304611136692223e+00,3.550561975602283038e+00,3.600018111951106548e+00,3.648676567259221404e+00,3.696541712580877714e+00,3.743618672671039427e+00,3.789913259524313016e+00,3.835431909629810399e+00,3.880181624831906095e+00,3.924169916679315140e+00,3.967404754139139733e+00,4.009894514548470568e+00,4.051647937673311439e+00,4.092674082743191555e+00,4.132982288329328568e+00,4.172582134934776477e+00,4.211483410166238173e+00,4.249696076359204433e+00,4.287230240530605307e+00,4.324096126536146834e+00,4.360304049312841101e+00,4.395864391090943180e+00,4.430787579463333792e+00
5.399999999999999939e-02,4.064858523386485900e-02,5.861583430023024899e-02,7.976647302046192822e-02,1.040420130263554482e-01,1.313759821885469303e-01,1.616943710180492322e-01,1.949161214668276021e-01,2.309536522597883945e-01,2.697134146149818279e-01,3.110964720443047393e-01,3.549990978718853829e-01,4.013133841573959804e-01,4.499278558601715328e-01,5.007280843186445729e-01,5.535972944380376237e-01,6.084169603660896097e-01,6.650673848796637699e-01,7.234282581918024535e-01,7.833791924066453305e-01,8.448002283863571549e-01,9.075723123382994917e-01,9.715777399714576879e-01,1.036700566599019435e+00,1.102826982070686856e+00,1.169845649896742890e+00,1.237648010370431928e+00,1.306128547901493686e+00,1.375185023138679741e+00,1.444718670780932301e+00,1.514634364254846988e+00,1.584840748670356847e+00,1.655250343658287715e+00,1.725779617844365177e+00,1.796349036826746959e+00,1.866883086600980901e+00,1.937310274420578349e+00,2.007563109096424547e+00,2.077578062727403641e+00,2.147295515821350254e+00,2.216659687713013138e+00,2.285618554117408330e+00,2.354123753575721345e+00,2.422130484459693811e+00,2.489597394101685346e+00,2.556486461513760577e+00,2.622762875052270903e+00,2.688394906276268426e+00,2.753353781140344569e+00,2.817613549556407193e+00,2.881150954255628616e+00,2.943945299782235736e+00,3.005978322355613130e+00,3.067234061246983945e+00,3.127698732231993350e+00,3.187360603601189890e+00,3.246209875136758960e+00,3.304238560395925450e+00,3.361440372579251878e+00,3.417810614205337938e+00,3.473346070762179494e+00,3.528044908459298856e+00,3.581906576163560896e+00,3.634931711565026369e+00,3.687122051586985805e+00,3.738480347026148731e+00,3.789010281384575407e+00,3.838716393833987883e+00,3.887604006235310106e+00,3.935679154121401790e+00,3.982948521538648645e+00,4.029419379633132792e+00,4.075099528859288611e+00,4.119997244682952697e+00,4.164121226646487983e+00,4.207480550660746665e+00,4.250084624387160837e+00,4.291943145572763463e+00,4.333066063201498785e+00,4.373463541326477966e+00,4.413145925449942553e+00,4.452123711320242982e+00,4.490407516018305678e+00,4.528008051209488904e+00,4.564936098440594670e+00,4.601202486365768785e+00
5.600000000000000117e-02,4.215408839067467245e-02,6.078679112616470342e-02,8.272078683603459326e-02,1.078954209162204664e-01,1.362417593066412858e-01,1.676830514261251348e-01,2.021352370767101059e-01,2.395074912323731653e-01,2.797028003414626651e-01,3.226185636015012625e-01,3.681472126078811358e-01,4.161768428298921463e-01,4.665918505216593570e-01,5.192735689230387752e-01,5.741008979357427044e-01,6.309509218611298875e-01,6.896995102455771853e-01,7.502218973840913963e-01,8.123932365698544045e-01,8.760891257340001070e-01,9.411861016841623906e-01,1.007562100711141273e+00,1.075096883880464649e+00,1.143672425851082641e+00,1.213173266559585350e+00,1.283486825569337020e+00,1.354503679305252728e+00,1.426117801773445715e+00,1.498226769698744576e+00,1.570731933301322769e+00,1.643538554176666278e+00,1.716555911941928025e+00,1.789697381468230653e+00,1.862880482635145052e+00,1.936026904623239453e+00,2.009062506806525761e+00,2.081917298322218279e+00,2.154525398383974277e+00,2.226824979370289004e+00,2.298758194665347254e+00,2.370271093158793807e+00,2.441313522226673971e+00,2.511839020921164067e+00,2.581804704994340227e+00,2.651171145273529817e+00,2.719902240794947801e+00,2.787965087990204260e+00,2.855329847108505792e+00,2.921969606947385056e+00,2.987860248857689083e+00,3.052980310885281767e+00,3.117310852813228728e+00,3.180835322774650198e+00,3.243539426018363425e+00,3.305410996327160067e+00,3.366439870512194510e+00,3.426617766336515380e+00,3.485938164156261454e+00,3.544396192509239540e+00,3.601988517827445335e+00,3.658713238402236279e+00,3.714569782688137423e+00,3.769558811993360958e+00,3.823682127571689016e+00,3.876942582101191359e+00,3.929343995509930298e+00,3.980891075087098940e+00,4.031589339799580785e+00,4.081445048718491009e+00,4.130465133447487780e+00,4.178657134434359932e+00,4.226029141039261638e+00,4.272589735226765661e+00,4.318347938744506287e+00,4.363313163648181892e+00,4.407495166031129230e+00,4.450904002816199245e+00,4.493549991468221094e+00,4.535443672486717759e+00,4.576595774540681560e+00,4.617017182109881546e+00,4.656718905500465411e+00,4.695712053106136707e+00,4.734007805790246159e+00,4.771617393268205554e+00
5.800000000000000294e-02,4.365959154748448590e-02,6.295774795209915786e-02,8.567510065160725830e-02,1.117488288060854845e-01,1.411075364247356134e-01,1.736717318342010374e-01,2.093543526865926097e-01,2.480613302049579361e-01,2.896921860679435023e-01,3.341406551586977303e-01,3.812953273438769441e-01,4.310403015023883122e-01,4.832558451831472368e-01,5.378190535274330886e-01,5.946045014334477852e-01,6.534848833561702763e-01,7.143316356114907117e-01,7.770155365763804500e-01,8.414072807330635895e-01,9.073780230816429482e-01,9.747998910300254005e-01,1.043546461450824969e+00,1.113493201161909862e+00,1.184517869631478426e+00,1.256500883222427811e+00,1.329325640768241890e+00,1.402878810709011770e+00,1.477050580408211689e+00,1.551734868616557073e+00,1.626829502347798773e+00,1.702236359682975930e+00,1.777861480225568336e+00,1.853615145092096128e+00,1.929411928443543145e+00,2.005170722645498227e+00,2.080814739192473173e+00,2.156271487548012011e+00,2.231472734040544914e+00,2.306354442919228198e+00,2.380856701617681370e+00,2.454923632200179284e+00,2.528503290877626597e+00,2.601547557382634324e+00,2.674012015886995552e+00,2.745855829033298612e+00,2.817041606537624698e+00,2.887535269704140539e+00,2.957305913076666570e+00,3.026325664338363364e+00,3.094569543459749550e+00,3.162015321988327354e+00,3.228643383270844325e+00,3.294436584302316451e+00,3.359380119804733944e+00,3.423461389053130244e+00,3.486669865887630060e+00,3.548996972277105311e+00,3.610435955733270585e+00,3.670981770813141143e+00,3.730630964892711177e+00,3.789381568345173257e+00,3.847232989212713505e+00,3.904185912421695104e+00,3.960242203556392226e+00,4.015404817176233543e+00,4.069677709635285190e+00,4.123065756340209553e+00,4.175574673363851907e+00,4.227210943315579783e+00,4.277981745356326471e+00,4.327894889235587073e+00,4.376958753219235554e+00,4.425182225770578626e+00,4.472574650842524591e+00,4.519145776635617118e+00,4.564905707675098512e+00,4.609864860059635028e+00,4.654033919734943403e+00,4.697423803646957552e+00,4.740045623631420568e+00,4.781910652899520997e+00,4.823030294982625144e+00,4.863416055002784510e+00,4.903079513139898538e+00,4.942032300170641435e+00
5.999999999999999778e-02,4.516509470429428547e-02,6.512870477803360536e-02,8.862941446717990945e-02,1.156022366959504888e-01,1.459733135428299411e-01,1.796604122422769123e-01,2.165734682964751134e-01,2.566151691775426791e-01,2.996815717944242841e-01,3.456627467158941425e-01,3.944434420798726415e-01,4.459037601748844226e-01,4.999198398446350056e-01,5.563645381318272909e-01,6.151081049311528659e-01,6.760188448512106651e-01,7.389637609774041271e-01,8.038091757686693928e-01,8.704213248962725524e-01,9.386669204292856783e-01,1.008413680375888299e+00,1.079530822190508443e+00,1.151889518443354854e+00,1.225363313411874211e+00,1.299828499885269828e+00,1.375164455967146537e+00,1.451253942112770590e+00,1.527983359042977440e+00,1.605242967534369125e+00,1.682927071394274332e+00,1.760934165189285361e+00,1.839167048509208424e+00,1.917532908715961160e+00,1.995943374251941016e+00,2.074314540667756557e+00,2.152566971578420585e+00,2.230625676773805299e+00,2.308420069697115107e+00,2.385883906468166948e+00,2.462955208570014598e+00,2.539576171241564762e+00,2.615693059528579223e+00,2.691256093844104136e+00,2.766219326779649990e+00,2.840540512793067407e+00,2.914180972280301152e+00,2.987105451418075930e+00,3.059281979044827349e+00,3.130681721729341227e+00,3.201278838061809573e+00,3.271050333091372941e+00,3.339975913728459034e+00,3.408037845829982260e+00,3.475220813591103575e+00,3.541511781779099977e+00,3.606899861263065166e+00,3.671376178217694797e+00,3.734933747310279717e+00,3.797567349117042301e+00,3.859273411957977018e+00,3.920049898288109791e+00,3.979896195737289588e+00,4.038813012850028805e+00,4.096802279541095437e+00,4.153867052251276171e+00,4.210011423760639637e+00,4.265240437593320166e+00,4.319560006928122142e+00,4.372976837912668557e+00,4.425498357265165161e+00,4.477132644036814213e+00,4.527888365399209469e+00,4.577774716314391590e+00,4.626801362940542006e+00,4.674978389623051456e+00,4.722316249319066905e+00,4.768825717303070810e+00,4.814517848001664824e+00,4.859403934807197345e+00,4.903495472722158688e+00,4.946804123689158672e+00,4.989341684464783988e+00,5.031120056899431425e+00,5.072151220489549139e+00,5.112447207073076427e+00
6.199999999999999956e-02,4.667059786110409891e-02,6.729966160396806674e-02,9.158372828275257449e-02,1.194556445858155069e-01,1.508390906609242688e-01,1.856490926503528149e-01,2.237925839063576172e-01,2.651690081501274499e-01,3.096709575209050658e-01,3.571848382730906657e-01,4.075915568158683944e-01,4.607672188473805885e-01,5.165838345061228853e-01,5.749100227362214932e-01,6.356117084288579466e-01,6.985528063462509429e-01,7.635958863433176536e-01,8.306028149609583355e-01,8.994353690594816264e-01,9.699558177769286305e-01,1.042027469721751309e+00,1.115515182930192140e+00,1.190285835724800068e+00,1.266208757192269996e+00,1.343156116548112289e+00,1.421003271166051629e+00,1.499629073516529632e+00,1.578916137677743414e+00,1.658751066452181622e+00,1.739024640440750114e+00,1.819631970695594791e+00,1.900472616792848735e+00,1.981450672339826635e+00,2.062474820060339109e+00,2.143458358690015331e+00,2.224319203964367997e+00,2.304979865999599031e+00,2.385367405353685744e+00,2.465413370017105699e+00,2.545053715522348714e+00,2.624228710282950239e+00,2.702882828179531849e+00,2.780964630305574392e+00,2.858426637672305315e+00,2.935225196552836646e+00,3.011320338022977605e+00,3.086675633132011765e+00,3.161258045012988571e+00,3.235037779120319090e+00,3.307988132663870040e+00,3.380085344194418973e+00,3.451308444186074631e+00,3.521639107357648069e+00,3.591061507377473649e+00,3.659562174505070153e+00,3.727129856638501160e+00,3.793755384158284727e+00,3.859431538887289292e+00,3.924152927420943460e+00,3.987915859023242859e+00,4.050718228231047213e+00,4.112559402261866559e+00,4.173440113278363839e+00,4.233362355525798648e+00,4.292329287326318799e+00,4.350345137885994085e+00,4.407415118846430779e+00,4.463545340492393265e+00,4.518742732509757332e+00,4.573014969174003852e+00,4.626370398838041353e+00,4.678817977579182497e+00,4.730367206858204554e+00,4.781028075038560310e+00,4.830811002610486682e+00,4.879726790963036187e+00,4.927786574546506593e+00,4.975001776268387133e+00,5.021384065967437138e+00,5.066945321812896808e+00,5.111697594478798123e+00,5.155653073946943721e+00,5.198824058796079228e+00,5.241222927839201517e+00,5.282862113975513196e+00
6.400000000000000133e-02,4.817610101791391236e-02,6.947061842990251423e-02,9.453804209832525340e-02,1.233090524756805251e-01,1.557048677790185964e-01,1.916377730584287176e-01,2.310116995162401210e-01,2.737228471227121651e-01,3.196603432473859030e-01,3.687069298302871334e-01,4.207396715518641472e-01,4.756306775198767545e-01,5.332478291676107096e-01,5.934555073406158066e-01,6.561153119265630274e-01,7.210867678412913317e-01,7.882280117092310689e-01,8.573964541532473893e-01,9.284494132226908114e-01,1.001244715124571583e+00,1.075641259067614319e+00,1.151499543669875836e+00,1.228682153006245281e+00,1.307054200972665781e+00,1.386483733210954750e+00,1.466842086364956499e+00,1.548004204920288895e+00,1.629848916312509388e+00,1.712259165369993896e+00,1.795122209487226117e+00,1.878329776201904444e+00,1.961778185076489267e+00,2.045368435963692111e+00,2.129006265868737202e+00,2.212602176712273661e+00,2.296071436350315409e+00,2.379334055225392319e+00,2.462314741010256380e+00,2.544942833566044893e+00,2.627152222474682386e+00,2.708881249324335716e+00,2.790072596830484475e+00,2.870673166767044648e+00,2.950633948564960196e+00,3.029909880312605441e+00,3.108459703765654503e+00,3.186245814845948043e+00,3.263234110981149350e+00,3.339393836511297398e+00,3.414697427265930063e+00,3.489120355297464560e+00,3.562640974643689784e+00,3.635240368885314322e+00,3.706902201163844168e+00,3.777612567231040330e+00,3.847359852013936710e+00,3.916134590098874657e+00,3.983929330464298424e+00,4.050738505724845062e+00,4.116558306088508701e+00,4.181386558173984191e+00,4.245222608786442642e+00,4.308067213706697984e+00,4.369922431510501859e+00,4.430791522401361426e+00,4.490678852011348532e+00,4.549589800099541392e+00,4.607530674056663500e+00,4.664508627106846994e+00,4.720531581082843431e+00,4.775608153639268494e+00,4.829747589759156412e+00,4.882959697402017518e+00,4.935254787136578614e+00,4.986643615597921908e+00,5.037137332607005469e+00,5.086747431789942375e+00,5.135485704535109441e+00,5.183364197127677819e+00,5.230395170903635815e+00,5.276591065268436687e+00,5.321964463429103454e+00,5.366528060692727919e+00,5.410294635188853007e+00,5.453277020877949077e+00
6.600000000000000311e-02,4.968160417472371887e-02,7.164157525583697561e-02,9.749235591389791844e-02,1.271624603655455432e-01,1.605706448971129241e-01,1.976264534665046202e-01,2.382308151261226248e-01,2.822766860952969359e-01,3.296497289738667402e-01,3.802290213874836011e-01,4.338877862878599556e-01,4.904941361923728649e-01,5.499118238290985339e-01,6.120009919450101199e-01,6.766189154242682191e-01,7.436207293363317206e-01,8.128601370751445954e-01,8.841900933455363321e-01,9.574634573858998854e-01,1.032533612472214424e+00,1.109255048413477107e+00,1.187483904409559532e+00,1.267078470287690495e+00,1.347899644753061787e+00,1.429811349873796988e+00,1.512680901563861369e+00,1.596379336324047937e+00,1.680781694947275362e+00,1.765767264287806171e+00,1.851219778533701898e+00,1.937027581708213875e+00,2.023083753360129577e+00,2.109286199587557586e+00,2.195537711677135295e+00,2.281745994734532434e+00,2.367823668736262821e+00,2.453688244451186051e+00,2.539262076666827017e+00,2.624472297114983643e+00,2.709250729427016502e+00,2.793533788365721637e+00,2.877262365481437101e+00,2.960381703228514905e+00,3.042841259457615521e+00,3.124594564072374236e+00,3.205599069508331400e+00,3.285815996559883878e+00,3.365210176949310572e+00,3.443749893902275261e+00,3.521406721867990530e+00,3.598155366400510591e+00,3.673973505101305381e+00,3.748841630412980575e+00,3.822742894950214243e+00,3.895662959957010507e+00,3.967589847389372260e+00,4.038513796039464587e+00,4.108427122041308444e+00,4.177324084028747109e+00,4.245200753153774542e+00,4.312054888116921170e+00,4.377885815311018725e+00,4.442694314135032130e+00,4.506482507495205070e+00,4.569253757476404054e+00,4.631012566136703867e+00,4.691764481352652005e+00,4.751516007620934623e+00,4.810274521703935768e+00,4.868048192991682122e+00,4.924845908440496522e+00,4.980677201939130327e+00,5.035552187945831371e+00,5.089481499234596917e+00,5.142476228585357134e+00,5.194547874250973862e+00,5.245708289033378158e+00,5.295969632801831750e+00,5.345344328287917612e+00,5.393845019994374823e+00,5.441484536058075250e+00,5.488275852911262298e+00,5.534232062589375722e+00,5.579366342538505386e+00,5.623691927780384958e+00
6.800000000000000488e-02,5.118710733153353232e-02,7.381253208177143699e-02,1.004466697294705835e-01,1.310158682554105614e-01,1.654364220152072795e-01,2.036151338745805228e-01,2.454499307360051563e-01,2.908305250678817067e-01,3.396391147003475219e-01,3.917511129446800688e-01,4.470359010238557085e-01,5.053575948648690863e-01,5.665758184905863581e-01,6.305464765494043222e-01,6.971225189219732998e-01,7.661546908313721094e-01,8.374922624410581218e-01,9.109837325378253858e-01,9.864775015491089594e-01,1.063822509819857265e+00,1.142868837759340117e+00,1.223468265149243006e+00,1.305474787569135708e+00,1.388745088533457572e+00,1.473138966536639449e+00,1.558519716762766238e+00,1.644754467727806979e+00,1.731714473582041336e+00,1.819275363205618667e+00,1.907317347580177902e+00,1.995725387214523527e+00,2.084389321643769666e+00,2.173203963211423062e+00,2.262069157485533388e+00,2.350889812756790764e+00,2.439575901122210233e+00,2.528042433676979339e+00,2.616209412323397210e+00,2.704001760663922838e+00,2.791349236379350174e+00,2.878186327407107115e+00,2.964452134132390171e+00,3.050090239689985161e+00,3.135048570350270403e+00,3.219279247832143476e+00,3.302738435251008298e+00,3.385386178273819713e+00,3.467186242917471350e+00,3.548105951293253568e+00,3.628116016470050997e+00,3.707190377503556622e+00,3.785306035558920978e+00,3.862442891940646827e+00,3.938583588736584318e+00,4.013713352682980684e+00,4.087819842764807809e+00,4.160893001980054962e+00,4.232924913618317575e+00,4.303909662332648267e+00,4.373843200219041272e+00,4.442723218059858148e+00,4.510549021835595696e+00,4.577321414563367163e+00,4.643042583479908281e+00,4.707715992551446682e+00,4.771346280262058315e+00,4.833939162605763507e+00,4.895501341185205746e+00,4.956040416301024543e+00,5.015564804900520812e+00,5.074083663241723663e+00,5.131606814119104243e+00,5.188144678489644335e+00,5.243708211332615221e+00,5.298308841572792360e+00,5.351958415894943144e+00,5.404669146276813940e+00,5.456453561068554059e+00,5.507324459448157405e+00,5.557294869085113831e+00,5.606378006847713813e+00,5.654587242393422031e+00,5.701936064486023525e+00,5.748438049888156876e+00,5.794106834682820839e+00
7.000000000000000666e-02,5.269261048834334576e-02,7.598348890770588449e-02,1.034009835450432485e-01,1.348692761452755795e-01,1.703021991333016072e-01,2.096038142826564254e-01,2.526690463458876601e-01,2.993843640404664774e-01,3.496285004268283592e-01,4.032732045018765921e-01,4.601840157598514613e-01,5.202210535373652522e-01,5.832398131520742934e-01,6.490919611537986356e-01,7.176261224196783806e-01,7.886886523264124982e-01,8.621243878069715372e-01,9.377773717301143286e-01,1.015491545712318144e+00,1.095111407167500106e+00,1.176482627105203127e+00,1.259452625888926702e+00,1.343871104850580922e+00,1.429590532313853357e+00,1.516466583199481688e+00,1.604358531961671330e+00,1.693129599131566021e+00,1.782647252216807310e+00,1.872783462123430942e+00,1.963414916626653683e+00,2.054423192720832958e+00,2.145694889927410198e+00,2.237121726835288538e+00,2.328600603293931481e+00,2.420033630779049538e+00,2.511328133508157645e+00,2.602396622902773071e+00,2.693156747979967847e+00,2.783531224212861588e+00,2.873447743331684290e+00,2.962838866448492592e+00,3.051641902783342797e+00,3.139798776151455417e+00,3.227255881242925728e+00,3.313963931591912271e+00,3.399877800993684751e+00,3.484956359987755992e+00,3.569162308885632573e+00,3.652462008684231876e+00,3.734825311072111464e+00,3.816225388606602209e+00,3.896638566016536132e+00,3.976044153468313080e+00,4.054424282522954393e+00,4.131763745408950861e+00,4.208049838140243359e+00,4.283272207920644448e+00,4.357422705195326706e+00,4.430495240636549426e+00,4.502485647284307113e+00,4.573391548002795126e+00,4.643212228360171778e+00,4.711948514991701309e+00,4.779602659464611492e+00,4.846178227626489310e+00,4.911679994387412762e+00,4.976113843858874120e+00,5.039486674749475981e+00,5.101806310898114205e+00,5.163081416809360391e+00,5.223321418042950803e+00,5.282536426299078158e+00,5.340737169033457299e+00,5.397934923430633525e+00,5.454141454560227587e+00,5.509368957538912426e+00,5.563630003520249723e+00,5.616937489335276368e+00,5.669304590608398087e+00,5.720744718175851951e+00,5.771271477637353264e+00,5.820898631875581763e+00,5.869640066382671328e+00,5.917509757237808365e+00,5.964521741585256720e+00
7.200000000000000844e-02,5.419811364515315227e-02,7.815444573364034586e-02,1.063552973606159135e-01,1.387226840351405976e-01,1.751679762513959349e-01,2.155924946907323281e-01,2.598881619557701916e-01,3.079382030130512482e-01,3.596178861533091964e-01,4.147952960590730598e-01,4.733321304958472142e-01,5.350845122098614182e-01,5.999038078135621177e-01,6.676374457581928379e-01,7.381297259173835723e-01,8.112226138214528870e-01,8.867565131728850636e-01,9.645710109224033824e-01,1.044505589875527329e+00,1.126400304515142947e+00,1.210096416451066137e+00,1.295436986628610398e+00,1.382267422132026136e+00,1.470435976094249142e+00,1.559794199862324149e+00,1.650197347160576200e+00,1.741504730535325063e+00,1.833580030851573284e+00,1.926291561041243217e+00,2.019512485673129465e+00,2.113120998227142611e+00,2.207000458211050731e+00,2.301039490459154013e+00,2.395132049102329574e+00,2.489177448801308312e+00,2.583080365894105057e+00,2.676750812128566803e+00,2.770104083636538483e+00,2.863060687761800782e+00,2.955546250284018406e+00,3.047491405489878069e+00,3.138831671434295423e+00,3.229507312612925674e+00,3.319463192135580609e+00,3.408648615351681510e+00,3.497017166736361649e+00,3.584526541701691826e+00,3.671138374853793351e+00,3.756818066075209739e+00,3.841534605674171932e+00,3.925260399709648240e+00,4.007971096474151729e+00,4.089645414995978889e+00,4.170264976309324467e+00,4.249814138134921038e+00,4.328279833515678909e+00,4.405651413861234822e+00,4.481920496772336726e+00,4.557080818940451472e+00,4.631128094349572955e+00,4.704059877945732993e+00,4.775875434884748749e+00,4.846575615420035454e+00,4.916162735449314702e+00,4.984640462701531938e+00,5.052013708512768098e+00,5.118288525111984733e+00,5.183472008313747104e+00,5.247572205495202979e+00,5.310598028718199082e+00,5.372559172844177944e+00,5.433466038479052074e+00,5.493329659577270263e+00,5.552161635528651829e+00,5.609974067547662813e+00,5.666779499182881707e+00,5.722590860763685505e+00,5.777421417601998677e+00,5.831284721768637880e+00,5.884194567266590958e+00,5.936164948426991828e+00,5.987210021357741496e+00,6.037344068279319131e+00,6.086581464587460744e+00,6.134936648487692601e+00
7.399999999999999634e-02,5.570361680196295878e-02,8.032540255957477948e-02,1.093096111761885647e-01,1.425760919250056158e-01,1.800337533694902348e-01,2.215811750988081752e-01,2.671072775656526122e-01,3.164920419856359635e-01,3.696072718797899226e-01,4.263173876162694720e-01,4.864802452318429116e-01,5.499479708823574731e-01,6.165678024750498309e-01,6.861829303625869292e-01,7.586333294150885420e-01,8.337565753164930538e-01,9.113886385387983680e-01,9.913646501146922141e-01,1.073519634038736070e+00,1.157689201862785788e+00,1.243710205796928925e+00,1.331421347368293873e+00,1.420663739413471127e+00,1.511281419874644705e+00,1.603121816525166166e+00,1.696036162359480848e+00,1.789879861939083883e+00,1.884512809486338814e+00,1.979799659959055269e+00,2.075610054719605024e+00,2.171818803733451819e+00,2.268306026494690375e+00,2.364957254083019045e+00,2.461663494910727223e+00,2.558321266823566198e+00,2.654832598280052025e+00,2.751105001354359647e+00,2.847051419293108676e+00,2.942590151310739088e+00,3.037644757236351634e+00,3.132143944531263102e+00,3.226021440085247605e+00,3.319215849074395042e+00,3.411670503028235046e+00,3.503333299111449861e+00,3.594156532479037658e+00,3.684096723415627217e+00,3.773114440821953686e+00,3.861174123466187158e+00,3.948243900276231511e+00,4.034295410812693383e+00,4.119303626931766438e+00,4.203246676523644254e+00,4.286105670095694542e+00,4.367864530860890326e+00,4.448509828891113571e+00,4.528030619801823420e+00,4.606418288349344969e+00,4.683666397244351742e+00,4.759770541414837908e+00,4.834728207888669083e+00,4.908538641409323944e+00,4.981202715848369600e+00,5.052722811434017025e+00,5.123102697776573677e+00,5.192347422638121657e+00,5.260463206365094457e+00,5.327457341878017338e+00,5.393338100092290865e+00,5.458114640627036884e+00,5.521796927645404196e+00,5.584395650659024213e+00,5.645922150121082339e+00,5.706388347626669244e+00,5.765806680535096262e+00,5.824190040826849213e+00,5.881551718007120400e+00,5.937905345868720097e+00,5.993264852928876785e+00,6.047644416357329078e+00,6.101058419216629503e+00,6.153521410839900341e+00,6.205048070175966046e+00,6.255653171937111345e+00,6.305351555390127594e+00
7.599999999999999811e-02,5.720911995877276529e-02,8.249635938550924086e-02,1.122639249917612297e-01,1.464294998148706339e-01,1.848995304875845902e-01,2.275698555068840778e-01,2.743263931755351437e-01,3.250458809582207342e-01,3.795966576062707598e-01,4.378394791734659397e-01,4.996283599678386644e-01,5.648114295548536390e-01,6.332317971365376552e-01,7.047284149669812425e-01,7.791369329127936227e-01,8.562905368115334426e-01,9.360207639047118944e-01,1.018158289306981157e+00,1.102533678201945255e+00,1.188978099210428629e+00,1.277323995142791935e+00,1.367405708107977569e+00,1.459060056694916341e+00,1.552126863655040712e+00,1.646449433188008626e+00,1.741874977558385718e+00,1.838254993342842925e+00,1.935445588121104787e+00,2.033307758876867766e+00,2.131707623766081028e+00,2.230516609239761472e+00,2.329611594778330907e+00,2.428875017706884076e+00,2.528194940719125317e+00,2.627465084845824972e+00,2.726584830665999437e+00,2.825459190580153379e+00,2.923998754949679313e+00,3.022119614859677839e+00,3.119743264188685306e+00,3.216796483572648579e+00,3.313211208736200231e+00,3.408924385535865298e+00,3.503877813920890372e+00,3.598017982871218656e+00,3.691295898221714555e+00,3.783666905129563052e+00,3.875090506790114908e+00,3.965530180857165465e+00,4.054953194878292422e+00,4.143330421915739414e+00,4.230636157389382035e+00,4.316847938051310507e+00,4.401946363882064617e+00,4.485914923586860503e+00,4.568739824266549121e+00,4.650409825742413794e+00,4.730916079926354101e+00,4.810251975548253789e+00,4.888412988480103749e+00,4.965396537831606061e+00,5.041201847933900027e+00,5.115829816276703745e+00,5.189282887418720236e+00,5.261564932851616305e+00,5.332681136763476104e+00,5.402637887618205070e+00,5.471442675442287573e+00,5.539103994689380528e+00,5.605631252535875575e+00,5.671034682446631336e+00,5.735325262838998128e+00,5.798514640664896191e+00,5.860615059724687548e+00,5.921639293522531489e+00,5.981600582470818495e+00,6.040512575250556182e+00,6.098389274135442406e+00,6.155244984089116578e+00,6.211094265448067198e+00,6.265951890006268066e+00,6.319832800322059185e+00,6.372752072072613849e+00,6.424724879286762835e+00,6.475766462292564363e+00
7.799999999999999989e-02,5.871462311558257874e-02,8.466731621144368836e-02,1.152182388073338948e-01,1.502829077047356521e-01,1.897653076056789179e-01,2.335585359149599805e-01,2.815455087854176752e-01,3.335997199308054495e-01,3.895860433327515415e-01,4.493615707306624074e-01,5.127764747038344728e-01,5.796748882273498049e-01,6.498957917980255905e-01,7.232738995713754449e-01,7.996405364104987035e-01,8.788244983065738314e-01,9.606528892706254208e-01,1.044951928499270100e+00,1.131547722365154440e+00,1.220266996558071471e+00,1.310937784488654723e+00,1.403390068847661043e+00,1.497456373976361554e+00,1.592972307435436496e+00,1.689777049850850865e+00,1.787713792757290587e+00,1.886630124746601966e+00,1.986378366755870761e+00,2.086815857794679818e+00,2.187805192812556587e+00,2.289214414746071125e+00,2.390917163061970996e+00,2.492792781330749552e+00,2.594726386527523410e+00,2.696608902868083746e+00,2.798337063051946849e+00,2.899813379805947111e+00,3.000946090606249506e+00,3.101649078408617033e+00,3.201841771141019422e+00,3.301449022614034501e+00,3.400400977387152857e+00,3.498632921997335554e+00,3.596085124813545253e+00,3.692702666630987896e+00,3.788435263964391453e+00,3.883237086843498886e+00,3.977066572758275687e+00,4.069886238248143329e+00,4.161662489480352001e+00,4.252365433018785446e+00,4.341968687846996744e+00,4.430449199578976760e+00,4.517787057668434691e+00,4.603965316312829792e+00,4.688969819641985559e+00,4.772789031683003280e+00,4.855413871503364120e+00,4.936837553852154947e+00,5.017055435545370479e+00,5.096064867774543039e+00,5.173865054458476997e+00,5.250456916705037891e+00,5.325842963403424335e+00,5.400027167926658933e+00,5.473014850888831440e+00,5.544812568871315683e+00,5.615428009006558696e+00,5.684869889286469302e+00,5.753147864444715154e+00,5.820272437247858477e+00,5.886254875018972044e+00,5.951107131208709156e+00,6.014841771822704963e+00,6.077471906509966715e+00,6.139011124114786888e+00,6.199473432493991965e+00,6.258873202402164715e+00,6.317225115249357259e+00,6.374544114538806205e+00,6.430845360795906629e+00,6.486144189804218918e+00,6.540456073969261652e+00,6.593796586636414325e+00,6.646181369195000244e+00
8.000000000000000167e-02,6.022012627239238525e-02,8.683827303737814973e-02,1.181725526229065598e-01,1.541363155946006702e-01,1.946310847237732455e-01,2.395472163230358831e-01,2.887646243953001512e-01,3.421535589033902203e-01,3.995754290592323787e-01,4.608836622878589306e-01,5.259245894398302257e-01,5.945383468998458598e-01,6.665597864595134148e-01,7.418193841757697582e-01,8.201441399082038952e-01,9.013584598016142202e-01,9.852850146365388362e-01,1.071745567691559264e+00,1.160561766528363403e+00,1.251555893905714312e+00,1.344551573834517733e+00,1.439374429587344739e+00,1.535852691257806546e+00,1.633817751215832281e+00,1.733104666513693326e+00,1.833552607956195679e+00,1.935005256150361008e+00,2.037311145390636735e+00,2.140323956712492315e+00,2.243902761859032591e+00,2.347912220252380333e+00,2.452222731345611528e+00,2.556710544954615028e+00,2.661257832335921503e+00,2.765752720890342076e+00,2.870089295437894261e+00,2.974167569031740399e+00,3.077893426262820142e+00,3.181178541957555783e+00,3.283940278093353093e+00,3.386101561655419978e+00,3.487590746038105927e+00,3.588341458458805810e+00,3.688292435706200578e+00,3.787387350390756691e+00,3.885574629707068350e+00,3.982807268557434721e+00,4.079042638726436465e+00,4.174242295639121636e+00,4.268371784082412468e+00,4.361400444121830589e+00,4.453301218304612341e+00,4.544050461106643013e+00,4.633627751454804766e+00,4.722015709038799969e+00,4.809199815017421109e+00,4.895168237623593654e+00,4.979911663080373252e+00,5.063423132156056106e+00,5.145697882610636320e+00,5.226733197717480017e+00,5.306528260983053080e+00,5.385084017133372924e+00,5.462403039388127546e+00,5.538489403001701561e+00,5.613348565014185887e+00,5.686987250124427185e+00,5.759413342570829819e+00,5.830635783883558076e+00,5.900664476353553844e+00,5.969510192049085617e+00,6.037184487198945959e+00,6.103699621752522120e+00,6.169068483920723267e+00,6.233304519497401941e+00,6.296421665758756170e+00,6.358434289737427747e+00,6.419357130668887024e+00,6.479205246409597052e+00,6.537993963629545213e+00,6.595738831585545192e+00,6.652455579286378651e+00,6.708160075865909455e+00,6.762868293986066703e+00,6.816596276097436125e+00
8.200000000000000344e-02,6.172562942920219869e-02,8.900922986331261111e-02,1.211268664384792249e-01,1.579897234844656884e-01,1.994968618418675732e-01,2.455358967311117857e-01,2.959837400051826828e-01,3.507073978759749910e-01,4.095648147857132160e-01,4.724057538450553984e-01,5.390727041758259785e-01,6.094018055723420257e-01,6.832237811210012390e-01,7.603648687801640715e-01,8.406477434059089759e-01,9.238924212966546090e-01,1.009917140002452474e+00,1.098539206883848207e+00,1.189575810691572588e+00,1.282844791253357375e+00,1.378165363180380742e+00,1.475358790327028435e+00,1.574249008539251760e+00,1.674663194996228066e+00,1.776432283176535787e+00,1.879391423155100549e+00,1.983380387554120050e+00,2.088243924025402709e+00,2.193832055630304811e+00,2.300000330905508594e+00,2.406610025758689986e+00,2.513528299629251617e+00,2.620628308578480503e+00,2.727789278144319596e+00,2.834896538912600850e+00,2.941841527823841673e+00,3.048521758257534131e+00,3.154840761919390779e+00,3.260708005506494978e+00,3.366038785045687209e+00,3.470754100696805455e+00,3.574780514689058553e+00,3.678049994920276067e+00,3.780499746598855459e+00,3.882072034150525930e+00,3.982713995449744804e+00,4.082377450271370556e+00,4.181018704694597687e+00,4.278598353030099943e+00,4.375081078684472935e+00,4.470435455224876620e+00,4.564633748762227938e+00,4.657651722634309266e+00,4.749468445241174841e+00,4.840066101764770146e+00,4.929429810392856659e+00,5.017547443564183141e+00,5.104409454657382383e+00,5.190008710459958152e+00,5.274340329675902161e+00,5.357401527660416996e+00,5.439191467507630051e+00,5.519711117561707070e+00,5.598963115372830757e+00,5.676951638076744189e+00,5.753682279139541222e+00,5.829161931377537798e+00,5.903398676135100942e+00,5.976401678480647739e+00,6.048181088262392535e+00,6.118747946850313646e+00,6.188114099378919875e+00,6.256292112296335084e+00,6.323295196018741571e+00,6.389137132484837167e+00,6.453832207402725452e+00,6.517395146980863530e+00,6.579841058935609333e+00,6.641185377569836845e+00,6.701443812720284221e+00,6.760632302375184643e+00,6.818766968768538383e+00,6.875864077762557258e+00,6.931940001335718193e+00,6.987011182999872005e+00
8.400000000000000522e-02,6.323113258601201214e-02,9.118018668924705861e-02,1.240811802540518899e-01,1.618431313743307065e-01,2.043626389599619286e-01,2.515245771391876883e-01,3.032028556150651588e-01,3.592612368485597618e-01,4.195542005121939977e-01,4.839278454022518661e-01,5.522208189118217314e-01,6.242652642448381917e-01,6.998877757824890633e-01,7.789103533845582739e-01,8.611513469036140567e-01,9.464263827916949978e-01,1.034549265368365889e+00,1.125332846076137150e+00,1.218589854854781773e+00,1.314133688601000216e+00,1.411779152526243752e+00,1.511343151066712132e+00,1.612645325820696973e+00,1.715508638776624073e+00,1.819759899839378026e+00,1.925230238354005419e+00,2.031755518957879314e+00,2.139176702660168683e+00,2.247340154548116864e+00,2.356097899951984154e+00,2.465307831264999638e+00,2.574833867912892149e+00,2.684546072202345979e+00,2.794320723952717689e+00,2.904040356934859179e+00,3.013593760209789085e+00,3.122875947483327863e+00,3.231788097575961416e+00,3.340237469055433728e+00,3.448137291998020881e+00,3.555406639738190933e+00,3.661970283340011179e+00,3.767758531381746323e+00,3.872707057491510785e+00,3.976756717910294725e+00,4.079853361192421701e+00,4.181947631985306835e+00,4.282994770662758910e+00,4.382954410421078251e+00,4.481790373286533402e+00,4.579470466327922651e+00,4.675966279219843535e+00,4.771252984161975519e+00,4.865309139027545804e+00,4.958116494490740322e+00,5.049659805768292209e+00,5.139926649504773515e+00,5.228907246234392403e+00,5.316594288763859311e+00,5.402982776741168003e+00,5.488069857603353974e+00,5.571854674032206134e+00,5.654338217990041215e+00,5.735523191357533968e+00,5.815413873151786817e+00,5.894015993264895670e+00,5.971336612630648411e+00,6.047384009699371177e+00,6.122167573077736513e+00,6.195697700171232114e+00,6.267985701651540786e+00,6.339043711558892902e+00,6.408884602840148936e+00,6.477521908116759874e+00,6.544969745472272393e+00,6.611242749046694733e+00,6.676356004224299312e+00,6.740324987202331641e+00,6.803165508730077526e+00,6.864893661811022341e+00,6.925525773164823207e+00,6.985078358250698116e+00,7.043568079659205061e+00,7.101011708685369683e+00,7.157426089902307886e+00
8.600000000000000699e-02,6.473663574282181865e-02,9.335114351518151998e-02,1.270354940696245549e-01,1.656965392641957247e-01,2.092284160780562563e-01,2.575132575472636187e-01,3.104219712249476903e-01,3.678150758211445326e-01,4.295435862386748349e-01,4.954499369594483338e-01,5.653689336478174843e-01,6.391287229173343576e-01,7.165517704439768876e-01,7.974558379889525872e-01,8.816549504013191374e-01,9.689603442867352756e-01,1.059181390734279304e+00,1.152126485268426315e+00,1.247603899017990736e+00,1.345422585948643057e+00,1.445392941872106762e+00,1.547327511806395606e+00,1.651041643102142187e+00,1.756354082557019858e+00,1.863087516502220486e+00,1.971069053552910288e+00,2.080130650361638356e+00,2.190109481294934657e+00,2.300848253465929361e+00,2.412195468998460157e+00,2.524005636771309291e+00,2.636139436196532682e+00,2.748463835826211454e+00,2.860852169761115782e+00,2.973184174957117953e+00,3.085345992595736497e+00,3.197230136709121151e+00,3.308735433232532053e+00,3.419766932604372922e+00,3.530235798950354997e+00,3.640059178779576410e+00,3.749160051990963805e+00,3.857467067843216579e+00,3.964914368384165666e+00,4.071441401670063520e+00,4.176992726935098155e+00,4.281517813699243113e+00,4.384970836630920132e+00,4.487310467812055670e+00,4.588499667888593869e+00,4.688505477430968682e+00,4.787298809677458244e+00,4.884854245689641772e+00,4.981149832813915879e+00,5.076166887216710499e+00,5.169889801143727759e+00,5.262305855445363001e+00,5.353405037811401534e+00,5.443179867067761357e+00,5.531625223806433844e+00,5.618738187546291840e+00,5.704517880556782217e+00,5.788965318418376249e+00,5.872083267342237178e+00,5.953876108226829444e+00,6.034349707390250117e+00,6.113511293883759024e+00,6.191369343263642300e+00,6.267933467674825287e+00,6.343214312080070805e+00,6.417223456452767927e+00,6.489973323738866817e+00,6.561477093383961900e+00,6.631748620214778178e+00,6.700802358459707619e+00,6.768653290690663127e+00,6.835316861467735094e+00,6.900808915469053950e+00,6.965145639890317319e+00,7.028343510901761348e+00,7.090419243954461770e+00,7.151389747732857849e+00,7.211272081555852864e+00,7.270083416035022061e+00,7.327840996804743767e+00
8.799999999999999489e-02,6.624213889963162516e-02,9.552210034111595360e-02,1.299898078851972061e-01,1.695499471540607150e-01,2.140941931961505562e-01,2.635019379553394381e-01,3.176410868348301664e-01,3.763689147937292478e-01,4.395329719651556166e-01,5.069720285166448015e-01,5.785170483838132371e-01,6.539921815898304125e-01,7.332157651054647118e-01,8.160013225933466785e-01,9.021585538990242181e-01,9.914943057817755534e-01,1.083813516100192720e+00,1.178920124460715035e+00,1.276617943181199699e+00,1.376711483296285676e+00,1.479006731217969328e+00,1.583311872546079080e+00,1.689437960383587178e+00,1.797199526337415421e+00,1.906415133165062503e+00,2.016907868751815158e+00,2.128505781765396954e+00,2.241042259929700187e+00,2.354356352383741413e+00,2.468293038044935717e+00,2.582703442277618500e+00,2.697445004480172326e+00,2.812381599450076486e+00,2.927383615569513431e+00,3.042327992979376283e+00,3.157098224981683021e+00,3.271584325934914439e+00,3.385682768889102245e+00,3.499296396153311228e+00,3.612334305902688225e+00,3.724711717820961443e+00,3.836349820641915986e+00,3.947175604304686392e+00,4.057121679276820103e+00,4.166126085429832315e+00,4.274132092677774608e+00,4.381087995413177616e+00,4.486946902599080467e+00,4.591666525203033089e+00,4.695208962490653448e+00,4.797540488534013825e+00,4.898631340135072954e+00,4.998455507217307137e+00,5.096990526600285065e+00,5.194217279942679788e+00,5.290119796519162421e+00,5.384685061385952487e+00,5.477902829388409778e+00,5.569765445371661627e+00,5.660267670871699686e+00,5.749406517489227930e+00,5.837181087081358299e+00,5.923592418846709506e+00,6.008643343326939501e+00,6.092338343301871184e+00,6.174683421515604564e+00,6.255685975136868748e+00,6.335354676827912535e+00,6.413699362271914062e+00,6.490730923988908607e+00,6.566461211253994179e+00,6.640902935918839844e+00,6.714069583927773976e+00,6.785975332312795594e+00,6.856634971447141957e+00,6.926063832334631520e+00,6.994277718711169989e+00,7.061292843735775371e+00,7.127125771050556224e+00,7.191793359992498580e+00,7.255312714744099445e+00,7.317701137215015805e+00,7.378976083452499779e+00,7.439155123384672663e+00,7.498255903707178760e+00
8.999999999999999667e-02,6.774764205644143167e-02,9.769305716705041498e-02,1.329441217007698850e-01,1.734033550439257332e-01,2.189599703142448839e-01,2.694906183634153685e-01,3.248602024447126424e-01,3.849227537663140186e-01,4.495223576916363983e-01,5.184941200738412137e-01,5.916651631198089900e-01,6.688556402623265784e-01,7.498797597669525361e-01,8.345468071977408808e-01,9.226621573967292989e-01,1.014028267276815942e+00,1.108445641466106135e+00,1.205713763653003978e+00,1.305631987344408884e+00,1.408000380643928517e+00,1.512620520563832338e+00,1.619296233285762776e+00,1.727834277665032392e+00,1.838044970117811205e+00,1.949742749827904964e+00,2.062746683950719806e+00,2.176880913169155995e+00,2.291975038564466161e+00,2.407864451301553910e+00,2.524390607091411720e+00,2.641401247783927708e+00,2.758750572763812858e+00,2.876299363073941961e+00,2.993915061377911524e+00,3.111471811001634613e+00,3.228850457367630433e+00,3.345938515160707727e+00,3.462630104545672438e+00,3.578825859702249979e+00,3.694432812855022341e+00,3.809364256862347364e+00,3.923539589292868612e+00,4.036884140766156648e+00,4.149328990169474984e+00,4.260810769189601110e+00,4.371271458420451061e+00,4.480658177127113895e+00,4.588922968567240801e+00,4.696022582594011396e+00,4.801918257092713915e+00,4.906575499637059856e+00,5.009963870592688551e+00,5.112056768744973390e+00,5.212831220386655140e+00,5.312267672668649965e+00,5.410349791894597971e+00,5.507064267326541973e+00,5.602400620965419797e+00,5.696351023675562786e+00,5.788910117936965527e+00,5.880074847432164908e+00,5.969844293605934382e+00,6.058219519275043652e+00,6.145203419311642712e+00,6.230800578376913812e+00,6.315017135640959012e+00,6.397860656389980250e+00,6.479340010392182769e+00,6.559465256869002836e+00,6.638247535897747298e+00,6.715698966055221319e+00,6.791832548098813760e+00,6.866662074471586941e+00,6.940202044410813897e+00,7.012467584434577184e+00,7.083474373978600802e+00,7.153238575954605771e+00,7.221776772002497680e+00,7.289105902210796017e+00,7.355243209083237588e+00,7.420206185533738008e+00,7.484012526697175538e+00,7.546680085349147582e+00,7.608226830734324153e+00,7.668670810609614641e+00
9.199999999999999845e-02,6.925314521325123818e-02,9.986401399298486248e-02,1.358984355163425362e-01,1.772567629337907513e-01,2.238257474323392393e-01,2.754792987714912433e-01,3.320793180545951739e-01,3.934765927388987339e-01,4.595117434181172356e-01,5.300162116310377369e-01,6.048132778558047429e-01,6.837190989348227443e-01,7.665437544284403604e-01,8.530922918021351942e-01,9.431657608944343796e-01,1.036562228771856331e+00,1.133077766832019773e+00,1.232507402845293143e+00,1.334646031507617847e+00,1.439289277991571581e+00,1.546234309909695348e+00,1.655280594025446472e+00,1.766230594946477606e+00,1.878890413898206990e+00,1.993070366490747203e+00,2.108585499149624898e+00,2.225256044572915037e+00,2.342907817199232134e+00,2.461372550219365962e+00,2.580488176137887280e+00,2.700099053290237361e+00,2.820056141047452947e+00,2.940217126697807437e+00,3.060446507186309617e+00,3.180615629023893387e+00,3.300602689753577845e+00,3.420292704386501459e+00,3.539577440202243075e+00,3.658355323251189173e+00,3.776531319807356013e+00,3.894016795903732842e+00,4.010729357943821682e+00,4.126592677227626460e+00,4.241536301062130754e+00,4.355495452949369906e+00,4.468410824163128403e+00,4.580228358841050174e+00,4.690899034535402023e+00,4.800378639984989704e+00,4.908627551694774382e+00,5.015610510740104999e+00,5.121296401050304148e+00,5.225658030272639643e+00,5.328671914173025215e+00,5.430318065394620142e+00,5.530579787270033520e+00,5.629443473267132347e+00,5.726898412542428929e+00,5.822936601979464832e+00,5.917552565002231368e+00,6.010743177375101887e+00,6.102507500130511353e+00,6.192846619703377797e+00,6.281763495296345923e+00,6.369262813451956440e+00,6.455350849766313459e+00,6.540035337643090863e+00,6.623325343956453892e+00,6.705231151466091610e+00,6.785764147806586877e+00,6.864936720856448460e+00,6.942762160278787675e+00,7.019254565015399905e+00,7.094428756508832201e+00,7.168300197422012410e+00,7.240884915622569196e+00,7.312199433198041554e+00,7.382260700269219988e+00,7.451086033371036699e+00,7.518693058173976596e+00,7.585099656323377459e+00,7.650323916179335271e+00,7.714384087245795385e+00,7.777298538083976531e+00,7.839085717512051410e+00
9.400000000000000022e-02,7.075864837006105856e-02,1.020349708189193239e-01,1.388527493319152151e-01,1.811101708236557695e-01,2.286915245504335670e-01,2.814679791795671737e-01,3.392984336644777055e-01,4.020304317114835047e-01,4.695011291445980173e-01,5.415383031882342602e-01,6.179613925918004957e-01,6.985825576073189103e-01,7.832077490899281846e-01,8.716377764065293965e-01,9.636693643921394603e-01,1.059096190266896720e+00,1.157709892197933188e+00,1.259301042037582086e+00,1.363660075670827032e+00,1.470578175339214422e+00,1.579848099255558358e+00,1.691264954765130168e+00,1.804626912227922819e+00,1.919735857678602997e+00,2.036397983153589664e+00,2.154424314348529990e+00,2.273631175976674079e+00,2.393840595833998108e+00,2.514880649137178459e+00,2.636585745184363283e+00,2.758796858796547014e+00,2.881361709331093479e+00,3.004134890321672913e+00,3.126977952994707710e+00,3.249759447046152161e+00,3.372354922139525257e+00,3.494646893612295191e+00,3.616524775858813712e+00,3.737884786800127923e+00,3.858629826759690129e+00,3.978669334945118319e+00,4.097919126594773864e+00,4.216301213689097160e+00,4.333743611954785635e+00,4.450180136709139589e+00,4.565550189905804856e+00,4.679798540554985564e+00,4.792875100503563246e+00,4.904734697375968011e+00,5.015336846296834850e+00,5.124645521843151030e+00,5.232628931507919745e+00,5.339259291800305895e+00,5.444512607959396178e+00,5.548368458120590319e+00,5.650809782645469070e+00,5.751822679207721833e+00,5.851396204119438060e+00,5.949522180283365991e+00,6.046195012067497210e+00,6.141411507318038865e+00,6.235170706655087436e+00,6.327473720131712831e+00,6.418323571281049134e+00,6.507725048526999068e+00,6.595684563891668795e+00,6.682210018896201476e+00,6.767310677520725015e+00,6.850997046063181273e+00,6.933280759715425567e+00,7.014174475657675600e+00,7.093691772458760703e+00,7.171847055559213757e+00,7.248655468606849617e+00,7.324132810409447636e+00,7.398295457266538477e+00,7.471160290441477336e+00,7.542744628535942297e+00,7.613066164531276492e+00,7.682142907264715603e+00,7.749993127113016023e+00,7.816635305661495003e+00,7.882088089142443188e+00,7.946370245433628021e+00,8.009500624414487291e+00
9.600000000000000200e-02,7.226415152687086507e-02,1.042059276448537852e-01,1.418070631474878662e-01,1.849635787135207876e-01,2.335573016685278946e-01,2.874566595876430486e-01,3.465175492743601815e-01,4.105842706840682754e-01,4.794905148710788545e-01,5.530603947454306724e-01,6.311095073277962486e-01,7.134460162798150762e-01,7.998717437514160089e-01,8.901832610109237098e-01,9.841729678898446521e-01,1.081630151761937109e+00,1.182342017563846603e+00,1.286094681229871028e+00,1.392674119834036217e+00,1.501867072686857263e+00,1.613461888601421368e+00,1.727249315504813643e+00,1.843023229509368033e+00,1.960581301458998782e+00,2.079725599816431902e+00,2.200263129547434637e+00,2.322006307380433121e+00,2.444773374468764082e+00,2.568388748054990955e+00,2.692683314230839287e+00,2.817494664302856666e+00,2.942667277614733568e+00,3.068052653945538388e+00,3.193509398803105803e+00,3.318903265068410491e+00,3.444107154525472669e+00,3.569001082838088479e+00,3.693472111515384348e+00,3.817414250349067117e+00,3.940728333712023801e+00,4.063321873986503796e+00,4.185108895245726934e+00,4.306009750150566973e+00,4.425950922847440516e+00,4.544864820468908384e+00,4.662689555648482198e+00,4.779368722268921843e+00,4.894851166471724468e+00,5.009090754766946318e+00,5.122046140898895317e+00,5.233680532946197062e+00,5.343961461965535342e+00,5.452860553327971260e+00,5.560353301745766252e+00,5.666418850846560495e+00,5.771039778020904620e+00,5.874201885148312208e+00,5.975893995696448080e+00,6.076107758587268037e+00,6.174837459132763051e+00,6.272079837260975843e+00,6.367833913179663519e+00,6.462100820560046976e+00,6.554883647265752344e+00,6.646187283602041695e+00,6.736018278017023242e+00,6.824384700149312089e+00,6.911296011084995250e+00,6.996762940660270047e+00,7.080797371624264258e+00,7.163412230458903629e+00,7.244621384638734618e+00,7.324439546103026721e+00,7.402882180704867920e+00,7.479965423396882862e+00,7.555705998910507759e+00,7.630121147684913119e+00,7.703228556802664606e+00,7.775046295691516285e+00,7.845592756355453723e+00,7.914886597902654586e+00,7.982946695143654736e+00,8.049792091039090991e+00,8.115441952783280399e+00,8.179915531316924060e+00
9.800000000000000377e-02,7.376965468368067158e-02,1.063768844707882327e-01,1.447613769630605451e-01,1.888169866033858058e-01,2.384230787866222501e-01,2.934453399957189790e-01,3.537366648842427130e-01,4.191381096566530462e-01,4.894799005975596917e-01,5.645824863026271956e-01,6.442576220637920015e-01,7.283094749523112421e-01,8.165357384129039442e-01,9.087287456153180232e-01,1.004676571387549844e+00,1.104164113256977497e+00,1.206974142929760241e+00,1.312888320422159971e+00,1.421688163997245180e+00,1.533155970034500104e+00,1.647075677947284378e+00,1.763233676244497339e+00,1.881419546790813246e+00,2.001426745239394567e+00,2.123053216479274585e+00,2.246101944746339729e+00,2.370381438784192163e+00,2.495706153103530056e+00,2.621896846972803008e+00,2.748780883277314846e+00,2.876192469809166319e+00,3.003972845898374100e+00,3.131970417569403420e+00,3.260040844611503896e+00,3.388047083090669265e+00,3.515859386911420081e+00,3.643355272063882211e+00,3.770419447171954985e+00,3.896943713898005868e+00,4.022826840664357917e+00,4.147974413027889717e+00,4.272298663896680004e+00,4.395718286612037673e+00,4.518158233740095397e+00,4.639549504228677179e+00,4.759828921391158651e+00,4.878938903982858122e+00,4.996827232439884803e+00,5.113446812157923738e+00,5.228755435500955784e+00,5.342715544049243093e+00,5.455293992423150051e+00,5.566461814855637513e+00,5.676193995532136327e+00,5.784469243572530672e+00,5.891269773396340170e+00,5.996581091088901694e+00,6.100391787273457211e+00,6.202693336891169196e+00,6.303479906198029781e+00,6.402748167203912821e+00,6.500497119704240490e+00,6.596727920988381122e+00,6.691443723250455555e+00,6.784649518677085211e+00,6.876351992142377689e+00,6.966559381402422702e+00,7.055281344649266373e+00,7.142528835257358821e+00,7.228313983533103837e+00,7.312649985260130769e+00,7.395550996818708533e+00,7.477032036646839686e+00,7.557108892802886224e+00,7.635798036384318088e+00,7.713116540554477041e+00,7.789082004928348901e+00,7.863712485069386915e+00,7.937026426851756078e+00,8.009042605446193619e+00,8.079780068692294037e+00,8.149258084625813581e+00,8.217496092935739682e+00,8.284513660132931889e+00,8.350330438219359053e+00
1.000000000000000056e-01,7.527515784049049197e-02,1.085478412967226941e-01,1.477156907786331963e-01,1.926703944932508239e-01,2.432888559047165777e-01,2.994340204037948538e-01,3.609557804941251891e-01,4.276919486292378170e-01,4.994692863240404734e-01,5.761045778598236078e-01,6.574057367997877543e-01,7.431729336248074080e-01,8.331997330743917685e-01,9.272742302197122255e-01,1.025180174885254925e+00,1.126698074752017886e+00,1.231606268295673656e+00,1.339681959614449136e+00,1.450702208160454365e+00,1.564444867382142945e+00,1.680689467293147166e+00,1.799218036984181035e+00,1.919815864072258460e+00,2.042272189019790574e+00,2.166380833142116824e+00,2.291940759945244377e+00,2.418756570187951205e+00,2.546638931738296030e+00,2.675404945890615505e+00,2.804878452323790849e+00,2.934890275315475527e+00,3.065278414182014632e+00,3.195888181193268895e+00,3.326572290419901989e+00,3.457190901112928039e+00,3.587611619297367493e+00,3.717709461289675943e+00,3.847366782828525622e+00,3.976473177446945062e+00,4.104925347616691589e+00,4.232626952069274751e+00,4.359488432547632186e+00,4.485426823073507485e+00,4.610365544632750279e+00,4.734234187988445974e+00,4.856968287133835105e+00,4.978509085696793512e+00,5.098803298408046025e+00,5.217802869548902045e+00,5.335464730103016251e+00,5.451750555152289124e+00,5.566626522880765648e+00,5.680063076383303766e+00,5.792034689318506402e+00,5.902519636298500849e+00,6.011499768771775720e+00,6.118960297029492068e+00,6.224889578850466343e+00,6.329278915195070354e+00,6.432122353263295622e+00,6.533416497146850688e+00,6.633160326228816572e+00,6.731355021416716156e+00,6.828003799235159654e+00,6.923111753752127839e+00,7.016685706267733025e+00,7.108734062655534203e+00,7.199266678213537496e+00,7.288294729854448484e+00,7.375830595441942528e+00,7.461887740061357910e+00,7.546480608998682449e+00,7.629624527190652650e+00,7.711335604900904528e+00,7.791630649371753314e+00,7.870527082198445434e+00,7.948042862171784684e+00,8.024196413336108336e+00,8.099006558011996759e+00,8.172492454536930850e+00,8.244673539481931712e+00,8.315569474107974202e+00,8.385200094832386597e+00,8.453585367482583379e+00,8.520745345121795822e+00
1.020000000000000073e-01,7.678066099730029848e-02,1.107187981226571416e-01,1.506700045942058752e-01,1.965238023831158698e-01,2.481546330228109054e-01,3.054227008118707842e-01,3.681748961040077206e-01,4.362457876018225877e-01,5.094586720505213107e-01,5.876266694170201310e-01,6.705538515357835072e-01,7.580363922973035740e-01,8.498637277358795927e-01,9.458197148241065388e-01,1.045683778382960005e+00,1.149232036247058275e+00,1.256238393661587072e+00,1.366475598806738079e+00,1.479716252323663550e+00,1.595733764729786008e+00,1.714303256639010176e+00,1.835202397723864731e+00,1.958212181353703674e+00,2.083117632800186136e+00,2.209708449804959063e+00,2.337779575144149469e+00,2.467131701591710247e+00,2.597571710373062004e+00,2.728913044808428001e+00,2.860976021370266853e+00,2.993588080821785180e+00,3.126583982465654721e+00,3.259805944817134371e+00,3.393103736228300082e+00,3.526334719135186369e+00,3.659363851683314905e+00,3.792063650515469231e+00,3.924314118485096259e+00,4.056002640995884256e+00,4.187023854569025261e+00,4.317279491110660672e+00,4.446678201198585256e+00,4.575135359534978186e+00,4.702572855525406048e+00,4.828918871748214769e+00,4.954107652876512446e+00,5.078079267410729791e+00,5.200779364376207248e+00,5.322158926939880352e+00,5.442174024705076718e+00,5.560785566255334267e+00,5.677959053338381246e+00,5.793664337910970019e+00,5.907875383104876477e+00,6.020570029024471026e+00,6.131729764147212158e+00,6.241339502970081554e+00,6.349387370427476363e+00,6.455864493498972401e+00,6.560764800328561464e+00,6.664084827089787666e+00,6.765823532753393543e+00,6.865982121845050301e+00,6.964563875219862865e+00,7.061573988827170467e+00,7.157019420393087472e+00,7.250908743908644816e+00,7.343252011777808619e+00,7.434060624451537258e+00,7.523347207350781218e+00,7.611125494862585050e+00,7.697410221178656364e+00,7.782217017734466502e+00,7.865562316998922832e+00,7.947463262359188541e+00,8.027937623842415604e+00,8.107003719415221354e+00,8.184680341602831533e+00,8.260986689172236552e+00,8.335942303627669858e+00,8.409567010271571164e+00,8.481880863590133046e+00,8.552904096729035288e+00,8.622657074832234869e+00,8.691160252024230815e+00
1.040000000000000091e-01,7.828616415411010498e-02,1.128897549485916030e-01,1.536243184097785264e-01,2.003772102729808879e-01,2.530204101409052608e-01,3.114113812199466591e-01,3.753940117138902521e-01,4.447996265744073585e-01,5.194480577770020924e-01,5.991487609742166542e-01,6.837019662717793711e-01,7.728998509697997399e-01,8.665277223973674170e-01,9.643651994285007412e-01,1.066187381880665086e+00,1.171765997742098442e+00,1.280870519027500709e+00,1.393269237999027022e+00,1.508730296486872735e+00,1.627022662077428850e+00,1.747917045984873186e+00,1.871186758463548427e+00,1.996608498635148887e+00,2.123963076580582143e+00,2.253036066467801302e+00,2.383618390343054561e+00,2.515506832995469289e+00,2.648504489007827978e+00,2.782421143726240054e+00,2.917073590416742412e+00,3.052285886328094833e+00,3.187889550749295253e+00,3.323723708440999847e+00,3.459635182036698176e+00,3.595478537157445142e+00,3.731116084069262318e+00,3.866417839741262963e+00,4.001261454141666896e+00,4.135532104544823007e+00,4.269122361521359821e+00,4.401932030152045705e+00,4.533867969849537438e+00,4.664843895996447998e+00,4.794780166418060929e+00,4.923603555507984453e+00,5.051247018619188900e+00,5.177649449124666070e+00,5.302755430344368470e+00,5.426514984330858660e+00,5.548883319307137185e+00,5.669820577358380298e+00,5.789291583795996843e+00,5.907265599438636272e+00,6.023716076891246551e+00,6.138620421750441203e+00,6.251959759522647708e+00,6.363718708910671928e+00,6.473885162004485494e+00,6.582450071802873559e+00,6.689407247393827305e+00,6.794753157032724644e+00,6.898486739277969626e+00,7.000609222273384447e+00,7.101123951204566076e+00,7.200036223902213095e+00,7.297353134518442808e+00,7.393083425161755429e+00,7.487237345342078854e+00,7.579826519048626032e+00,7.670863819259620797e+00,7.760363249663812191e+00,7.848339833358630280e+00,7.934809508278279466e+00,8.019789029096941135e+00,8.103295875346622879e+00,8.185348165486383110e+00,8.265964576658657137e+00,8.345164269869552953e+00,8.422966820332476345e+00,8.499392152718408866e+00,8.574460481061210615e+00,8.648192253072293667e+00,8.720608098625682203e+00,8.791728782181886359e+00,8.861575158926667584e+00
1.059999999999999970e-01,7.979166731091991149e-02,1.150607117745260366e-01,1.565786322253511775e-01,2.042306181628458783e-01,2.578861872589995330e-01,3.174000616280225340e-01,3.826131273237726726e-01,4.533534655469920183e-01,5.294374435034828741e-01,6.106708525314130664e-01,6.968500810077750129e-01,7.877633096422957948e-01,8.831917170588552413e-01,9.829106840328948325e-01,1.086690985378369945e+00,1.194299959237138831e+00,1.305502644393413902e+00,1.420062877191315964e+00,1.537744340650081476e+00,1.658311559425071469e+00,1.781530835330735973e+00,1.907171119203231680e+00,2.035004815916593657e+00,2.164808520360977706e+00,2.296363683130643540e+00,2.429457205541959208e+00,2.563881964399228330e+00,2.699437267642593508e+00,2.835929242644052106e+00,2.973171159463217972e+00,3.110983691834404041e+00,3.249195119032934898e+00,3.387641472064864878e+00,3.526166627845095825e+00,3.664622355179703028e+00,3.802868316455209285e+00,3.940772028967055807e+00,4.078208789798236644e+00,4.215061568093761757e+00,4.351220868473692605e+00,4.486584569193430738e+00,4.621057738500489620e+00,4.754552432457917810e+00,4.886987477310714922e+00,5.018288239267752360e+00,5.148386384361865353e+00,5.277219630838600573e+00,5.404731496312528805e+00,5.530871041721836079e+00,5.655592613909196764e+00,5.778855588461425441e+00,5.900624114253611552e+00,6.020866860966301637e+00,6.139556770677616626e+00,6.256670814476410492e+00,6.372189754898082370e+00,6.486097914851261415e+00,6.598382953581493737e+00,6.709035650106774717e+00,6.818049694459092258e+00,6.925421486975660734e+00,7.031149945802544821e+00,7.135236322701718592e+00,7.237684027189268399e+00,7.338498458977254835e+00,7.437686848643796367e+00,7.535258106414865154e+00,7.631222678906349088e+00,7.725592413645714807e+00,7.818380431168458600e+00,7.909601004465038443e+00,7.999269445538602419e+00,8.087401998822091542e+00,8.174015741194958551e+00,8.259128488334058105e+00,8.342758707130352391e+00,8.424925433902091143e+00,8.505648198136274374e+00,8.584946951492716138e+00,8.662842001809146097e+00,8.739353951850848290e+00,8.814503642554450735e+00,8.888312100522329118e+00,8.960800489531537849e+00,9.031990065829102576e+00
1.079999999999999988e-01,8.129717046772971800e-02,1.172316686004604980e-01,1.595329460409238564e-01,2.080840260527108965e-01,2.627519643770938607e-01,3.233887420360984644e-01,3.898322429336552042e-01,4.619073045195767890e-01,5.394268292299636558e-01,6.221929440886094786e-01,7.099981957437707658e-01,8.026267683147919607e-01,8.998557117203430655e-01,1.001456168637289146e+00,1.107194588876075247e+00,1.216833920732179219e+00,1.330134769759327540e+00,1.446856516383604907e+00,1.566758384813290661e+00,1.689600456772714310e+00,1.815144624676598983e+00,1.943155479942915376e+00,2.073401133198038870e+00,2.205653964141373713e+00,2.339691299793485779e+00,2.475296020740863856e+00,2.612257095802987372e+00,2.750370046277359481e+00,2.889437341561864603e+00,3.029268728509693975e+00,3.169681497340713694e+00,3.310500687316575430e+00,3.451559235688730354e+00,3.592698073653493918e+00,3.733766173201961802e+00,3.874620548841156698e+00,4.015126218192849095e+00,4.155156125454807281e+00,4.294591031642700507e+00,4.433319375426026276e+00,4.571237108234816660e+00,4.708247507151442690e+00,4.844260968919387622e+00,4.979194788203370692e+00,5.112972923027521155e+00,5.245525750104541807e+00,5.376789812552536851e+00,5.506707562280689139e+00,5.635227099112814386e+00,5.762301908511257231e+00,5.887890599564471472e+00,6.011956644711226261e+00,6.134468122493967890e+00,6.255397464463986701e+00,6.374721207202379780e+00,6.492419750273517920e+00,6.608477120791850901e+00,6.722880745158503757e+00,6.835621228410675876e+00,6.946692141524358988e+00,7.056089816918597712e+00,7.163813152327121792e+00,7.269863423130052738e+00,7.374244103173971610e+00,7.476960694052297463e+00,7.578020562769150814e+00,7.677432787667975767e+00,7.775208012470620211e+00,7.871358308242803581e+00,7.965897043077297290e+00,8.058838759266265583e+00,8.150199057718577222e+00,8.239994489365905395e+00,8.328242453292975966e+00,8.414961101321493331e+00,8.500169248774321673e+00,8.583886291145526926e+00,8.666132126402997571e+00,8.746927082652955932e+00,8.826291850899885105e+00,8.904247422640485965e+00,8.980815032036611356e+00,9.056016102418977809e+00,9.129872196881189339e+00,9.202404972731537569e+00
1.100000000000000006e-01,8.280267362453953839e-02,1.194026254263949594e-01,1.624872598564965076e-01,2.119374339425759146e-01,2.676177414951882438e-01,3.293774224441743392e-01,3.970513585435377357e-01,4.704611434921615598e-01,5.494162149564445485e-01,6.337150356458060019e-01,7.231463104797665187e-01,8.174902269872881266e-01,9.165197063818308898e-01,1.020001653241683348e+00,1.127698192373780328e+00,1.239367882227219608e+00,1.354766895125240955e+00,1.473650155575893850e+00,1.595772428976499846e+00,1.720889354120357151e+00,1.848758414022461993e+00,1.979139840682599072e+00,2.111797450479484084e+00,2.246499407921769276e+00,2.383018916456328462e+00,2.521134835939768948e+00,2.660632227206746414e+00,2.801302824912125455e+00,2.942945440479677099e+00,3.085366297556169979e+00,3.228379302847022903e+00,3.371806255600215518e+00,3.515476999312595829e+00,3.659229519461892011e+00,3.802909991224220576e+00,3.946372781227104110e+00,4.089480407418642827e+00,4.232103461111377918e+00,4.374120495191639257e+00,4.515417882378360837e+00,4.655889647276202581e+00,4.795437275802394872e+00,4.933969505380858322e+00,5.071402099096025573e+00,5.207657606787290838e+00,5.342665115847218260e+00,5.476359994266473130e+00,5.608683628248850361e+00,5.739583156503791805e+00,5.869011203113317698e+00,5.996925610667517503e+00,6.123289175168841858e+00,6.248069384021634143e+00,6.371238158250356776e+00,6.492771599928349957e+00,6.612649745648953470e+00,6.730856326732441275e+00,6.847378536735512888e+00,6.962206806714577922e+00,7.075334588589624829e+00,7.186758146861534691e+00,7.296476358851697874e+00,7.404490523558386883e+00,7.510804179158674820e+00,7.615422929127340090e+00,7.718354276894506150e+00,7.819607468921086380e+00,7.919193346034890446e+00,8.017124202839893243e+00,8.113413654986135981e+00,8.208076514067492724e+00,8.301128669898551138e+00,8.392586979909717471e+00,8.482469165390995158e+00,8.570793714308928557e+00,8.657579790418289178e+00,8.742847148388962708e+00,8.826616054669718991e+00,8.908907213813195725e+00,8.989741699990624113e+00,9.069140893430125416e+00,9.147126421518770201e+00,9.223720104315624724e+00,9.298943904230840829e+00,9.372819879633974338e+00
1.120000000000000023e-01,8.430817678134934490e-02,1.215735822523294068e-01,1.654415736720691865e-01,2.157908418324409328e-01,2.724835186132825715e-01,3.353661028522502696e-01,4.042704741534202117e-01,4.790149824647463306e-01,5.594056006829253302e-01,6.452371272030025251e-01,7.362944252157622715e-01,8.323536856597842926e-01,9.331837010433187141e-01,1.038547137846077550e+00,1.148201795871485409e+00,1.261901843722259775e+00,1.379399020491154371e+00,1.500443794768182793e+00,1.624786473139708809e+00,1.752178251468000214e+00,1.882372203368324781e+00,2.015124201422282546e+00,2.150193767760929298e+00,2.287344851702165283e+00,2.426346533119170701e+00,2.566973651138674040e+00,2.709007358610505456e+00,2.852235603546891429e+00,2.996453539397489152e+00,3.141463866602645538e+00,3.287077108353332555e+00,3.433111823883856051e+00,3.579394762936461305e+00,3.725760965270290104e+00,3.872053809246478906e+00,4.018125013613051522e+00,4.163834596644436559e+00,4.309050796767948555e+00,4.453649958740578008e+00,4.597516389330694508e+00,4.740542186317587614e+00,4.882627044453347942e+00,5.023678041842328135e+00,5.163609409988680454e+00,5.302342290547059633e+00,5.439804481589895602e+00,5.575930175980408521e+00,5.710659694217011584e+00,5.843939213894770113e+00,5.975720497715378166e+00,6.105960621770563534e+00,6.234621705626457455e+00,6.361670645549300396e+00,6.487078852036726850e+00,6.610821992654320134e+00,6.732879741024389020e+00,6.853235532673030761e+00,6.971876328312522908e+00,7.088792385018479081e+00,7.203977035654890670e+00,7.317426476804472557e+00,7.429139565376274845e+00,7.539117623986721917e+00,7.647364255143378031e+00,7.753885164202382718e+00,7.858687991019860597e+00,7.961782150174197881e+00,8.063178679599161569e+00,8.162890097436982018e+00,8.260930266894975560e+00,8.357314268868719864e+00,8.452058282078523277e+00,8.545179470453531323e+00,8.636695877489012574e+00,8.726626327296363783e+00,8.814990332062258460e+00,8.901808005632398491e+00,8.987099982936442188e+00,9.070887344973435518e+00,9.153191549081363121e+00,9.234034364219763091e+00,9.313437811000930822e+00,9.391424106212273415e+00,9.468015611580492319e+00,9.543234786536411107e+00
1.140000000000000041e-01,8.581367993815915141e-02,1.237445390782638682e-01,1.683958874876418377e-01,2.196442497223059509e-01,2.773492957313768992e-01,3.413547832603261445e-01,4.114895897633027433e-01,4.875688214373311014e-01,5.693949864094061120e-01,6.567592187601989373e-01,7.494425399517580244e-01,8.472171443322804585e-01,9.498476957048065383e-01,1.057092622450471975e+00,1.168705399369190490e+00,1.284435805217300164e+00,1.404031145857068008e+00,1.527237433960471957e+00,1.653800517302917994e+00,1.783467148815643055e+00,1.915985992714187791e+00,2.051108562161966464e+00,2.188590085042374511e+00,2.328190295482561289e+00,2.469674149782012940e+00,2.612812466337578687e+00,2.757382490014264498e+00,2.903168382181657403e+00,3.049961638315301649e+00,3.197561435649121542e+00,3.345774913859642208e+00,3.494417392167496583e+00,3.643312526560326781e+00,3.792292411078688197e+00,3.941197627268737680e+00,4.089877245998999378e+00,4.238188785870230291e+00,4.385998132424519191e+00,4.533179422289516758e+00,4.679614896283028180e+00,4.825194725358973535e+00,4.969816813104301012e+00,5.113386578303798835e+00,5.255816720881335335e+00,5.397026974306828428e+00,5.536943847332572055e+00,5.675500357694344800e+00,5.812635760185172806e+00,5.948295271285748420e+00,6.082429792317438633e+00,6.214995632873609566e+00,6.345954236084073052e+00,6.475271907076966649e+00,6.602919545823096925e+00,6.728872385380290311e+00,6.853109736399824570e+00,6.975614738613621135e+00,7.096374119889532039e+00,7.215377963322380239e+00,7.332619482720156512e+00,7.448094806747409535e+00,7.561802771900850928e+00,7.673744724415056062e+00,7.783924331128081242e+00,7.892347399277425346e+00,7.999021705145215044e+00,8.103956831427307606e+00,8.207164013163431804e+00,8.308655992034070792e+00,8.408446878803815139e+00,8.506552023669947005e+00,8.602987894258497192e+00,8.697771960997343399e+00,8.790922589587031766e+00,8.882458940283799009e+00,8.972400873706227742e+00,9.060768862875834273e+00,9.147583911203163609e+00,9.232867476133675311e+00,9.316641398172102129e+00,9.398927835009402543e+00,9.479749200483089666e+00,9.559128108108920330e+00,9.637087318930145585e+00,9.713649693438846100e+00
1.160000000000000059e-01,8.731918309496897179e-02,1.259154959041983157e-01,1.713502013032145166e-01,2.234976576121709690e-01,2.822150728494712268e-01,3.473434636684020749e-01,4.187087053731852193e-01,4.961226604099158721e-01,5.793843721358870047e-01,6.682813103173954605e-01,7.625906546877538883e-01,8.620806030047766244e-01,9.665116903662944736e-01,1.075638107054866177e+00,1.189209002866895570e+00,1.306969766712340553e+00,1.428663271222981423e+00,1.554031073152760900e+00,1.682814561466127179e+00,1.814756046163285896e+00,1.949599782060050801e+00,2.087092922901649938e+00,2.226986402323819725e+00,2.369035739262956852e+00,2.513001766444855622e+00,2.658651281536483779e+00,2.805757621418023540e+00,2.954101160816423377e+00,3.103469737233114145e+00,3.253659004695597545e+00,3.404472719365951860e+00,3.555722960451136672e+00,3.707230290184192256e+00,3.858823856887086290e+00,4.010341445290996454e+00,4.161629478384946346e+00,4.312542975096024023e+00,4.462945468081089828e+00,4.612708885838456396e+00,4.761713403235362740e+00,4.909847264400358569e+00,5.057006581755253194e+00,5.203095114765268647e+00,5.348024031773991105e+00,5.491711658066597224e+00,5.634083213075249397e+00,5.775070539408281078e+00,5.914611826153333141e+00,6.052651328676726727e+00,6.189139086919499100e+00,6.324030643976654709e+00,6.457286766541688650e+00,6.588873168604632902e+00,6.718760239609467888e+00,6.846922778106260488e+00,6.973339731775260120e+00,7.097993944554210621e+00,7.220871911466541171e+00,7.341963541626282286e+00,7.461261929785422353e+00,7.578763136690346514e+00,7.694465978425427011e+00,7.808371824843390208e+00,7.920484407112784453e+00,8.030809634352467086e+00,8.139355419270570380e+00,8.246131512680419107e+00,8.351149346727703815e+00,8.454421886631159566e+00,8.555963490712652941e+00,8.655789778471174145e+00,8.753917506438471108e+00,8.850364451541157251e+00,8.945149301685049181e+00,9.038291553271234235e+00,9.129811415350197024e+00,9.219729720119270056e+00,9.308067839469886806e+00,9.394847607293915104e+00,9.480091247262841136e+00,9.563821305799041994e+00,9.646060589965250287e+00,9.726832110005569021e+00,9.806159026279797075e+00,9.884064600341282869e+00
1.180000000000000077e-01,8.882468625177877830e-02,1.280864527301327771e-01,1.743045151187871955e-01,2.273510655020359872e-01,2.870808499675655545e-01,3.533321440764779497e-01,4.259278209830677508e-01,5.046764993825005874e-01,5.893737578623677864e-01,6.798034018745918727e-01,7.757387694237496412e-01,8.769440616772727903e-01,9.831756850277822979e-01,1.094183591659260379e+00,1.209712606364600651e+00,1.329503728207380941e+00,1.453295396588894839e+00,1.580824712345049843e+00,1.711828605629336142e+00,1.846044943510928737e+00,1.983213571405913811e+00,2.123077283641333413e+00,2.265382719605264938e+00,2.409881183043352859e+00,2.556329383107697861e+00,2.704490096735388427e+00,2.854132752821782582e+00,3.005033939451189351e+00,3.156977836150926198e+00,3.309756573742073105e+00,3.463170524872261513e+00,3.617028528734777204e+00,3.771148053808057732e+00,3.925355302695484383e+00,4.079485263313254784e+00,4.233381710770894202e+00,4.386897164321817755e+00,4.539892803737660465e+00,4.692238349387395147e+00,4.843811910187696412e+00,4.994499803441744490e+00,5.144196350406206264e+00,5.292803651226739348e+00,5.440231342666645986e+00,5.586396341826366907e+00,5.731222578817925850e+00,5.874640721122216469e+00,6.016587892121494363e+00,6.157007386067705035e+00,6.295848381521559567e+00,6.433065655079700740e+00,6.568619296999303359e+00,6.702474430132299155e+00,6.834600933395837963e+00,6.964973170832230664e+00,7.093569727150695670e+00,7.220373150494800996e+00,7.345369703043551191e+00,7.468549119930183444e+00,7.589904376850689083e+00,7.709431466633283492e+00,7.827129184950003982e+00,7.942998925271725241e+00,8.057044483097488552e+00,8.169271869427509714e+00,8.279689133395924827e+00,8.388306193933530608e+00,8.495134680291974050e+00,8.600187781228248340e+00,8.703480102621492520e+00,8.805027533272403062e+00,8.904847118618445023e+00,9.002956942084971104e+00,9.099376013783068373e+00,9.194124166258669462e+00,9.287221956994166305e+00,9.378690577362705838e+00,9.468551767736608227e+00,9.556827738454156673e+00,9.643541096353580144e+00,9.728714776588679669e+00,9.812371979447409132e+00,9.894536111902215936e+00,9.975230733629448565e+00,1.005447950724371786e+01
1.199999999999999956e-01,9.033018940858857093e-02,1.302574095560672107e-01,1.772588289343598189e-01,2.312044733919009776e-01,2.919466270856598822e-01,3.593208244845538246e-01,4.331469365929502269e-01,5.132303383550853582e-01,5.993631435888485681e-01,6.913254934317882849e-01,7.888868841597452830e-01,8.918075203497688452e-01,9.998396796892700111e-01,1.112729076263654582e+00,1.230216209862305732e+00,1.352037689702421330e+00,1.477927521954808254e+00,1.607618351537338786e+00,1.740842649792545105e+00,1.877333840858571357e+00,2.016827360751776599e+00,2.159061644381016887e+00,2.303779036886709708e+00,2.450726626823748422e+00,2.599656999770539656e+00,2.750328911934293075e+00,2.902507884225541179e+00,3.055966718085954881e+00,3.210485935068738250e+00,3.365854142788548664e+00,3.521868330378570722e+00,3.678334097018416848e+00,3.835065817431922319e+00,3.991886748503882032e+00,4.148629081335513114e+00,4.305133943156841170e+00,4.461251353547610599e+00,4.616840139394230214e+00,4.771767812936333897e+00,4.925910417140029196e+00,5.079152342483129523e+00,5.231386119057158446e+00,5.382512187688208272e+00,5.532438653559299979e+00,5.681081025586134814e+00,5.828361944560602304e+00,5.974210902836151860e+00,6.118563958089654697e+00,6.261363443458682454e+00,6.402557676123619146e+00,6.542100666182745883e+00,6.679951827456918068e+00,6.816075691659964519e+00,6.950441627182207149e+00,7.083023563558199953e+00,7.213799722526130331e+00,7.342752356435389594e+00,7.469867494620559434e+00,7.595134698234084603e+00,7.718546823915954036e+00,7.840099796576219582e+00,7.959792391474579176e+00,8.077626025700057610e+00,8.193604559082190875e+00,8.307734104502552341e+00,8.420022847521279274e+00,8.530480875186640333e+00,8.639120013856244285e+00,8.745953675825337115e+00,8.850996714530330323e+00,8.954265288073628426e+00,9.055776730798418939e+00,9.155549432628783180e+00,9.253602725881084012e+00,9.349956779246102911e+00,9.444632498638133811e+00,9.537651434606141621e+00,9.629035696003329647e+00,9.718807869614394690e+00,9.806990945444317376e+00,9.893608247378317344e+00,9.978683368929567976e+00,1.006224011379886285e+01,1.014430244097909828e+01,1.022489441414615285e+01
1.219999999999999973e-01,9.183569256539839132e-02,1.324283663820016721e-01,1.802131427499324978e-01,2.350578812817659957e-01,2.968124042037542099e-01,3.653095048926296995e-01,4.403660522028327029e-01,5.217841773276701289e-01,6.093525293153293498e-01,7.028475849889848082e-01,8.020349988957410359e-01,9.066709790222650112e-01,1.016503674350757835e+00,1.131274560868048784e+00,1.250719813360010813e+00,1.374571651197461497e+00,1.502559647320721670e+00,1.634411990729627728e+00,1.769856693955754290e+00,1.908622738206214420e+00,2.050441150097639387e+00,2.195046005120700805e+00,2.342175354168154922e+00,2.491572070604143985e+00,2.642984616433382339e+00,2.796167727133198166e+00,2.950883015629300221e+00,3.106899496720720855e+00,3.263994033986550747e+00,3.421951711835024668e+00,3.580566135884879930e+00,3.739639665302057381e+00,3.898983581055787795e+00,4.058418194312280569e+00,4.217772899357771443e+00,4.376886175542788138e+00,4.535605542773404331e+00,4.693787475050800850e+00,4.851297276485272647e+00,5.008008924092363756e+00,5.163804881524515444e+00,5.318575887708110628e+00,5.472220724149678972e+00,5.624645964451955749e+00,5.775765709345903609e+00,5.925501310303278757e+00,6.073781084550088138e+00,6.220540024057815920e+00,6.365719500849659873e+00,6.509266970725679613e+00,6.651135677285791914e+00,6.791284357914533665e+00,6.929676953187630772e+00,7.066282320968577224e+00,7.201073956284170130e+00,7.334029717901566769e+00,7.465131562375979968e+00,7.594365286197568565e+00,7.721720276537985761e+00,7.847189270981219877e+00,7.970768126519156560e+00,8.092455597999155259e+00,8.212253126128393532e+00,8.330164635066893197e+00,8.446196339577594969e+00,8.560356561646633722e+00,8.672655556439750058e+00,8.783105347420514519e+00,8.891719570422425889e+00,8.998513326439169902e+00,9.103503042874855566e+00,9.206706342978391078e+00,9.308141923172595256e+00,9.407829437979103204e+00,9.505789392233538138e+00,9.602043040282103092e+00,9.696612291849577403e+00,9.789519624270052844e+00,9.880788000774634483e+00,9.970440794535056384e+00,1.005850171816795680e+01,1.014499475841172682e+01,1.022994411569551154e+01,1.031337414832875155e+01,nan
1.239999999999999991e-01,9.334119572220819783e-02,1.345993232079361335e-01,1.831674565655051490e-01,2.389112891716310139e-01,3.016781813218485375e-01,3.712981853007056299e-01,4.475851678127152344e-01,5.303380163002548997e-01,6.193419150418101315e-01,7.143696765461813314e-01,8.151831136317367887e-01,9.215344376947611771e-01,1.033167669012245771e+00,1.149820045472442986e+00,1.271223416857715893e+00,1.397105612692501886e+00,1.527191772686635307e+00,1.661205629921916671e+00,1.798870738118963253e+00,1.939911635553857261e+00,2.084054939443502619e+00,2.231030365860384279e+00,2.380571671449600135e+00,2.532417514384539992e+00,2.686312233096224578e+00,2.842006542332103258e+00,2.999258147033059263e+00,3.157832275355486829e+00,3.317502132904363243e+00,3.478049280881500227e+00,3.639263941391189583e+00,3.800945233585697469e+00,3.962901344679653270e+00,4.124949640120678218e+00,4.286916717380030661e+00,4.448638407928735994e+00,4.609959731999198063e+00,4.770734810707371487e+00,4.930826740034211397e+00,5.090107431044697428e+00,5.248457420565900478e+00,5.405765656359063698e+00,5.561929260611148784e+00,5.716853275344610630e+00,5.870450393105673292e+00,6.022640676045955210e+00,6.173351266264023529e+00,6.322516090025977142e+00,6.470075558240638181e+00,6.615976265327740080e+00,6.760170688388837945e+00,6.902616888372149262e+00,7.043278214715296137e+00,7.182123014754947299e+00,7.319124349010140307e+00,7.454259713277002319e+00,7.587510768316569454e+00,7.718863077774578585e+00,7.848305854841886919e+00,7.975831718046485719e+00,8.101436456462094426e+00,8.225118804523733118e+00,8.346880226556727678e+00,8.466724711051597296e+00,8.584658574652637597e+00,8.700690275771988169e+00,8.814830237692861559e+00,8.927090680984786530e+00,9.037485465019514663e+00,9.146029938348007704e+00,9.252740797676082707e+00,9.357635955158364993e+00,9.460734413716409108e+00,9.562056150077120620e+00,9.661622005220973364e+00,9.759453581926072374e+00,9.855573149093013186e+00,9.950003552536774265e+00,1.004276813193487428e+01,1.013389064362579362e+01,1.022339518895759625e+01,1.031130614789388744e+01,nan,nan,nan
1.260000000000000009e-01,9.484669887901800434e-02,1.367702800338705948e-01,1.861217703810778279e-01,2.427646970614960320e-01,3.065439584399428652e-01,3.772868657087815047e-01,4.548042834225977660e-01,5.388918552728395595e-01,6.293313007682910243e-01,7.258917681033777436e-01,8.283312283677325416e-01,9.363978963672573430e-01,1.049831663673733484e+00,1.168365530076837411e+00,1.291727020355420974e+00,1.419639574187542275e+00,1.551823898052548723e+00,1.687999269114205614e+00,1.827884782282172438e+00,1.971200532901500102e+00,2.117668728789365407e+00,2.267014726600067753e+00,2.418967988731045349e+00,2.573262958164935998e+00,2.729639849759066816e+00,2.887845357531007906e+00,3.047633278436818305e+00,3.208765053990252802e+00,3.371010231822175296e+00,3.534146849927976231e+00,3.697961746897499236e+00,3.862250801869338002e+00,4.026819108303518746e+00,4.191481085929076755e+00,4.356060535402288991e+00,4.520390640314682962e+00,4.684313921224990906e+00,4.847682146363942124e+00,5.010356203583150148e+00,5.172205937997031100e+00,5.333109959607286399e+00,5.492955425010016768e+00,5.651637797072619485e+00,5.809060586237265511e+00,5.965135076865442088e+00,6.119780041788632552e+00,6.272921447977959808e+00,6.424492155994137477e+00,6.574431615631616488e+00,6.722685559929800547e+00,6.869205699491883976e+00,7.013949418829764859e+00,7.156879476242962390e+00,7.297963708541317374e+00,7.437174741736110484e+00,7.574489708652437869e+00,7.709889974257159828e+00,7.843360869351587716e+00,7.974891433145788966e+00,8.104474165111751560e+00,8.232104786405031405e+00,8.357782011048309201e+00,8.481507326985061823e+00,8.603284787036299619e+00,8.723120809727680225e+00,8.841023989897342616e+00,8.957004918945973060e+00,9.071076014549056765e+00,9.183251359616605214e+00,9.293546550256847283e+00,9.401978552477309847e+00,9.508565567338338909e+00,9.613326904260222960e+00,9.716282862175139812e+00,9.817454618208408590e+00,9.916864123570041656e+00,1.001453400633644897e+01,1.011048748080349746e+01,1.020474826309511585e+01,1.029734049271653262e+01,nan,nan,nan,nan,nan
1.280000000000000027e-01,9.635220203582782472e-02,1.389412368598050285e-01,1.890760841966505068e-01,2.466181049513610501e-01,3.114097355580371929e-01,3.832755461168574351e-01,4.620233990324802420e-01,5.474456942454243302e-01,6.393206864947718060e-01,7.374138596605742668e-01,8.414793431037282945e-01,9.512613550397535089e-01,1.066495658335221419e+00,1.186911014681231613e+00,1.312230623853126055e+00,1.442173535682582663e+00,1.576456023418462138e+00,1.714792908306494779e+00,1.856898826445381623e+00,2.002489430249143165e+00,2.151282518135228639e+00,2.302999087339751672e+00,2.457364306012490562e+00,2.614108401945331561e+00,2.772967466421909499e+00,2.933684172729912998e+00,3.096008409840577791e+00,3.259697832625018776e+00,3.424518330739987793e+00,3.590244418974452234e+00,3.756659552403808888e+00,3.923556370152978534e+00,4.090736871927384222e+00,4.258012531737474404e+00,4.425204353424547321e+00,4.592142872700630818e+00,4.758668110450784638e+00,4.924629482020512761e+00,5.089885667132089786e+00,5.254304444949364772e+00,5.417762498648671432e+00,5.580145193660968950e+00,5.741346333534089297e+00,5.901267897129920392e+00,6.059819760625210883e+00,6.216919407531309005e+00,6.372491629691896087e+00,6.526468221962298699e+00,6.678787673022594795e+00,6.829394854531860126e+00,6.978240710594929119e+00,7.125281949287379568e+00,7.270480737770628643e+00,7.413804402327688337e+00,7.555225134462080661e+00,7.694719704027873419e+00,7.832269180197749314e+00,7.967858660928596848e+00,8.101477011449690124e+00,8.233116612177017402e+00,8.362773116347968383e+00,8.490445217572885284e+00,8.616134427413395969e+00,8.739844863021003718e+00,8.861583044802722853e+00,8.981357704022697064e+00,9.099179600199082785e+00,9.215061348113327000e+00,9.329017254213693988e+00,9.441063162165686862e+00,9.551216307278536988e+00,9.659495179518312824e+00,9.765919394804035036e+00,9.870509574273157227e+00,9.973287231195843816e+00,1.007427466521401094e+01,1.017349486357988475e+01,1.027097140907021888e+01,1.036672839425535564e+01,nan,nan,nan,nan,nan,nan
1.300000000000000044e-01,9.785770519263763123e-02,1.411121936857394898e-01,1.920303980122231580e-01,2.504715128412260960e-01,3.162755126761315205e-01,3.892642265249333100e-01,4.692425146423627735e-01,5.559995332180091010e-01,6.493100722212525877e-01,7.489359512177707900e-01,8.546274578397241584e-01,9.661248137122496749e-01,1.083159652996709355e+00,1.205456499285625815e+00,1.332734227350831357e+00,1.464707497177623052e+00,1.601088148784375775e+00,1.741586547498783721e+00,1.885912870608590586e+00,2.033778327596786006e+00,2.184896307481091426e+00,2.338983448079435146e+00,2.495760623293935776e+00,2.654953845725727568e+00,2.816295083084751738e+00,2.979522987928818090e+00,3.144383541244336833e+00,3.310630611259784750e+00,3.478026429657800289e+00,3.646341988020928238e+00,3.815357357910118541e+00,3.984861938436618622e+00,4.154654635551249697e+00,4.324543977545872941e+00,4.494348171446805651e+00,4.663895105086577786e+00,4.833022299676578371e+00,5.001576817677083397e+00,5.169415130681028536e+00,5.336402951901699332e+00,5.502415037690057353e+00,5.667334962311922020e+00,5.831054869995559997e+00,5.993475208022576162e+00,6.154504444384979678e+00,6.314058773273985459e+00,6.472061811405831477e+00,6.628444287930459922e+00,6.783143730413573103e+00,6.936104149133920593e+00,7.087275721697975150e+00,7.236614479744995165e+00,7.384081999298294896e+00,7.529645096114058411e+00,7.673275527188050837e+00,7.814949699403308969e+00,7.954648386138339689e+00,8.092356452505606867e+00,8.228062589753591283e+00,8.361759059242283243e+00,8.493441446290905361e+00,8.623108424097461366e+00,8.750761527841730114e+00,8.876404939005706041e+00,9.000045279877765481e+00,9.121691418148053287e+00,9.241354281452194286e+00,9.359046681677599011e+00,9.474783148810782762e+00,9.588579774074524664e+00,9.700454062079764128e+00,9.810424791698286739e+00,9.918511885347848889e+00,1.002473628637117642e+01,1.012911984418327904e+01,1.023168520685797844e+01,1.033245572082332053e+01,nan,nan,nan,nan,nan,nan,nan,nan
1.320000000000000062e-01,9.936320834944743774e-02,1.432831505116739512e-01,1.949847118277958369e-01,2.543249207310910864e-01,3.211412897942258482e-01,3.952529069330092404e-01,4.764616302522452496e-01,5.645533721905938718e-01,6.592994579477334804e-01,7.604580427749672022e-01,8.677755725757199112e-01,9.809882723847457298e-01,1.099823647658197068e+00,1.224001983890020240e+00,1.353237830848536438e+00,1.487241458672663441e+00,1.625720274150289191e+00,1.768380186691072664e+00,1.914926914771799771e+00,2.065067224944428848e+00,2.218510096826954214e+00,2.374967808819119064e+00,2.534156940575380990e+00,2.695799289506123575e+00,2.859622699747593977e+00,3.025361803127722737e+00,3.192758672648095875e+00,3.361563389894550724e+00,3.531534528575612342e+00,3.702439557067403797e+00,3.874055163416427749e+00,4.046167506720259155e+00,4.218572399175115173e+00,4.391075423354270590e+00,4.563491989469064869e+00,4.735647337472525642e+00,4.907376488902372103e+00,5.078524153333654034e+00,5.248944594229967286e+00,5.418501458854033004e+00,5.587067576731443275e+00,5.754524730962874202e+00,5.920763406457029809e+00,6.085682518915231043e+00,6.249189128144748473e+00,6.411198139016662800e+00,6.571631993119767756e+00,6.730420353898621144e+00,6.887499787804550522e+00,7.042813443735981060e+00,7.196310732801021182e+00,7.347947010202610763e+00,7.497683260825961149e+00,7.645485789900428486e+00,7.791325919914021014e+00,7.935179694778744519e+00,8.077027592078929175e+00,8.216854244082616887e+00,8.354648168057494217e+00,8.490401506307549084e+00,8.624109776233842339e+00,8.755771630622037449e+00,8.885388628270064260e+00,9.012965014990410140e+00,9.138507514952808108e+00,9.262025132273407735e+00,9.383528962705304011e+00,9.503032015241869246e+00,9.620549043407871537e+00,9.736096385983364243e+00,9.849691816880993045e+00,9.961354403878260655e+00,1.007110437589166274e+01,1.017896299846919383e+01,1.028495245717071427e+01,nan,nan,nan,nan,nan,nan,nan,nan,nan,nan
1.340000000000000080e-01,1.008687115062572581e-01,1.454541073376084126e-01,1.979390256433684880e-01,2.581783286209561323e-01,3.260070669123202314e-01,4.012415873410851153e-01,4.836807458621277811e-01,5.731072111631786425e-01,6.692888436742142622e-01,7.719801343321637255e-01,8.809236873117156641e-01,9.958517310572418957e-01,1.116487642319685003e+00,1.242547468494414442e+00,1.373741434346241519e+00,1.509775420167703830e+00,1.650352399516202606e+00,1.795173825883361829e+00,1.943940958935008956e+00,2.096356122292071689e+00,2.252123886172817446e+00,2.410952169558802538e+00,2.572553257856826203e+00,2.736644733286519138e+00,2.902950316410436660e+00,3.071200618326627829e+00,3.241133804051854916e+00,3.412496168529316698e+00,3.585042627493424838e+00,3.758537126113879800e+00,3.932752968922737402e+00,4.107473075003899687e+00,4.282490162798980649e+00,4.457606869162669128e+00,4.632635807491323199e+00,4.807399569858472610e+00,4.981730678128165835e+00,5.155471488990223783e+00,5.328474057778906037e+00,5.500599965806366676e+00,5.671720115772828308e+00,5.841714499613827272e+00,6.010471942918500510e+00,6.177889829807885924e+00,6.343873811904518156e+00,6.508337504759339254e+00,6.671202174833704035e+00,6.832396419866781478e+00,6.991855845195528829e+00,7.149522738338041528e+00,7.305345743904067213e+00,7.459279540660226360e+00,7.611284522353627402e+00,7.761326483686798561e+00,7.909376312639991191e+00,8.055409690154180069e+00,8.199406798019518661e+00,8.341352035659625130e+00,8.481233746361395376e+00,8.619043953372816702e+00,8.754778106176779318e+00,8.888434837146615308e+00,9.020015728698400181e+00,9.149525090975114239e+00,9.276969750027850736e+00,9.402358846398762182e+00,9.525703643958415512e+00,9.647017348806139481e+00,9.766314938004960311e+00,9.883612997892203822e+00,9.998929571682220185e+00,1.011228401605823457e+01,1.022369686643547482e+01,1.033318971056721303e+01,nan,nan,nan,nan,nan,nan,nan,nan,nan,nan,nan
1.360000000000000098e-01,1.023742146630670646e-01,1.476250641635428740e-01,2.008933394589411670e-01,2.620317365108211227e-01,3.308728440304145590e-01,4.072302677491610456e-01,4.908998614720103126e-01,5.816610501357634133e-01,6.792782294006950439e-01,7.835022258893601377e-01,8.940718020477114170e-01,1.010715189729738173e+00,1.133151636981172716e+00,1.261092953098808644e+00,1.394245037843946600e+00,1.532309381662744219e+00,1.674984524882116244e+00,1.821967465075650772e+00,1.972955003098217919e+00,2.127645019639714530e+00,2.285737675518680234e+00,2.446936530298486012e+00,2.610949575138271417e+00,2.777490177066915145e+00,2.946277933073278898e+00,3.117039433525532477e+00,3.289508935455613958e+00,3.463428947164082672e+00,3.638550726411237335e+00,3.814634695160355804e+00,3.991450774429047055e+00,4.168778643287539332e+00,4.346407926422846124e+00,4.524138314971066777e+00,4.701779625513581529e+00,4.879151802244420466e+00,5.056084867353958678e+00,5.232418824646794420e+00,5.408003521327845675e+00,5.582698472758700348e+00,5.756372654814214229e+00,5.928904268264780342e+00,6.100180479379970322e+00,6.270097140700540805e+00,6.438558495664286951e+00,6.605476870502016595e+00,6.770772356547639426e+00,6.934372485834942701e+00,7.096211902586507136e+00,7.256232032940101995e+00,7.414380755007113244e+00,7.570612071117841957e+00,7.724885783881293655e+00,7.877167177473168636e+00,8.027426705365961368e+00,8.175639685529615619e+00,8.321786003960109923e+00,8.465849827236635150e+00,8.607819324665296534e+00,8.747686400438082543e+00,8.885446436119716296e+00,9.021098043671191391e+00,9.154642829126734327e+00,9.286085166959816561e+00,9.415431985102893364e+00,9.542692560524116629e+00,9.667878325211527013e+00,9.791002682370411492e+00,9.912080832602049085e+00,1.003112960980104162e+01,1.014816732648344733e+01,1.026321362823820849e+01,nan,nan,nan,nan,nan,nan,nan,nan,nan,nan,nan,nan,nan
1.380000000000000115e-01,1.038797178198768711e-01,1.497960209894773076e-01,2.038476532745138181e-01,2.658851444006861686e-01,3.357386211485088867e-01,4.132189481572369205e-01,4.981189770818927887e-01,5.902148891083481841e-01,6.892676151271759366e-01,7.950243174465566609e-01,9.072199167837071698e-01,1.025578648402234228e+00,1.149815631642660652e+00,1.279638437703202847e+00,1.414748641341651680e+00,1.554843343157784608e+00,1.699616650248029659e+00,1.848761104267939714e+00,2.001969047261427104e+00,2.158933916987357371e+00,2.319351464864543466e+00,2.482920891038169930e+00,2.649345892419716630e+00,2.818335620847310707e+00,2.989605549736121137e+00,3.162878248724437569e+00,3.337884066859373000e+00,3.514361725798848646e+00,3.692058825329049387e+00,3.870732264206831363e+00,4.050148579935356707e+00,4.230084211571179864e+00,4.410325690046711600e+00,4.590669760779465314e+00,4.770923443535840747e+00,4.950904034630367434e+00,5.130439056579752410e+00,5.309366160303365056e+00,5.487532984876784425e+00,5.664796979711034908e+00,5.841025193855599262e+00,6.016094036915732524e+00,6.189889015841441022e+00,6.362304451593195687e+00,6.533243179424055747e+00,6.702616236244693049e+00,6.870342538261575704e+00,7.036348551803103923e+00,7.200567959977485444e+00,7.362941327542162462e+00,7.523415766110158387e+00,7.681944601575456666e+00,7.838487045408959908e+00,7.993007871259538710e+00,8.145477098091930657e+00,8.295869680905051169e+00,8.444165209900699409e+00,8.590347618813645170e+00,8.734404902969197693e+00,8.876328847503348385e+00,9.016114766062653274e+00,9.153761250195767474e+00,9.289269929555068472e+00,9.422645242944520660e+00,9.553894220177935992e+00,9.683026274649471077e+00,9.810053006464636738e+00,9.934988015934681727e+00,1.005784672719913964e+01,1.017864622170988120e+01,1.029740508128467447e+01,nan,nan,nan,nan,nan,nan,nan,nan,nan,nan,nan,nan,nan,nan
1.400000000000000133e-01,1.053852209766866915e-01,1.519669778154117690e-01,2.068019670900864970e-01,2.697385522905511590e-01,3.406043982666032144e-01,4.192076285653128509e-01,5.053380926917753202e-01,5.987687280809329549e-01,6.992570008536567183e-01,8.065464090037531841e-01,9.203680315197029227e-01,1.040442107074730504e+00,1.166479626304148587e+00,1.298183922307597271e+00,1.435252244839356761e+00,1.577377304652824996e+00,1.724248775613943074e+00,1.875554743460228657e+00,2.030983091424636289e+00,2.190222814335000212e+00,2.352965254210406254e+00,2.518905251777853405e+00,2.687742209701161844e+00,2.859181064627706714e+00,3.032933166398963376e+00,3.208717063923342661e+00,3.386259198263132042e+00,3.565294504433614620e+00,3.745566924246861884e+00,3.926829833253307367e+00,4.108846385441665916e+00,4.291389779854820397e+00,4.474243453670577075e+00,4.657201206587862963e+00,4.840067261558099077e+00,5.022656267016315290e+00,5.204793245805546142e+00,5.386313495959935693e+00,5.567062448425723176e+00,5.746895486663368580e+00,5.925677732896985184e+00,6.103283805566685594e+00,6.279597552302910834e+00,6.454511762485851456e+00,6.627927863183824542e+00,6.799755601987369502e+00,6.969912719975511983e+00,7.138324617771265146e+00,7.304924017368463751e+00,7.469650622144222929e+00,7.632450777213204418e+00,7.793277132033072263e+00,7.952088306936626161e+00,8.108848565045908785e+00,8.263527490817901722e+00,8.416099676280486719e+00,8.566544415841288895e+00,8.714845410390653413e+00,8.860990481273098851e+00,9.004971294568614226e+00,9.146783096005590252e+00,9.286424456720343557e+00,9.423897029983402618e+00,9.559205318929222983e+00,9.692356455252978620e+00,9.823359988774825524e+00,9.952227687717748239e+00,1.007897334949895196e+01,1.020361262179622841e+01,1.032616283361872078e+01,nan,nan,nan,nan,nan,nan,nan,nan,nan,nan,nan,nan,nan,nan,nan
1.420000000000000151e-01,1.068907241334964980e-01,1.541379346413462303e-01,2.097562809056591482e-01,2.735919601804162049e-01,3.454701753846975421e-01,4.251963089733887258e-01,5.125572083016578517e-01,6.073225670535177256e-01,7.092463865801375000e-01,8.180685005609495963e-01,9.335161462556986756e-01,1.055305565747226559e+00,1.183143620965636300e+00,1.316729406911991473e+00,1.455755848337062064e+00,1.599911266147865385e+00,1.748880900979856712e+00,1.902348382652517822e+00,2.059997135587845474e+00,2.221511711682643053e+00,2.386579043556269042e+00,2.554889612517537323e+00,2.726138526982607058e+00,2.900026508408102721e+00,3.076260783061806059e+00,3.254555879122247308e+00,3.434634329666891084e+00,3.616227283068380594e+00,3.799075023164674381e+00,3.982927402299783370e+00,4.167544190947976013e+00,4.352695348138460929e+00,4.538161217294442551e+00,4.723732652396261500e+00,4.909211079580357406e+00,5.094408499402262258e+00,5.279147435031339874e+00,5.463260831616506330e+00,5.646591911974661926e+00,5.828993993615702252e+00,6.010330271938371105e+00,6.190473574217637776e+00,6.369306088764380647e+00,6.546719073378506337e+00,6.722612546943594225e+00,6.896894967730046844e+00,7.069482901689447374e+00,7.240300683739425480e+00,7.409280074759441170e+00,7.576359916746283396e+00,7.741485788316250449e+00,7.904609662490687860e+00,8.065689568464291526e+00,8.224689258832279748e+00,8.381577883543871010e+00,8.536329671655922269e+00,8.688923621781878381e+00,8.839343201967663433e+00,8.987576059577001786e+00,9.133613741633880068e+00,9.277451425948527231e+00,9.419087663244919639e+00,9.558524130411736763e+00,9.695765394913927082e+00,9.830818690328021248e+00,9.963693702900181748e+00,1.009440236897085796e+01,1.022295868306322397e+01,1.034937851639331718e+01,nan,nan,nan,nan,nan,nan,nan,nan,nan,nan,nan,nan,nan,nan,nan,nan
1.440000000000000169e-01,1.083962272903063045e-01,1.563088914672806917e-01,2.127105947212318271e-01,2.774453680702811953e-01,3.503359525027918697e-01,4.311849893814646562e-01,5.197763239115403833e-01,6.158764060261024964e-01,7.192357723066183928e-01,8.295905921181461196e-01,9.466642609916944284e-01,1.070169024419722836e+00,1.199807615627124235e+00,1.335274891516385676e+00,1.476259451834767145e+00,1.622445227642905774e+00,1.773513026345770127e+00,1.929142021844806765e+00,2.089011179751054659e+00,2.252800609030285894e+00,2.420192832902132274e+00,2.590873973257220797e+00,2.764534844264052271e+00,2.940871952188498284e+00,3.119588399724648298e+00,3.300394694321152400e+00,3.483009461070650126e+00,3.667160061703146567e+00,3.852583122082486433e+00,4.039024971346258930e+00,4.226241996454285221e+00,4.414000916422101461e+00,4.602078980918308027e+00,4.790264098204659149e+00,4.978354897602616624e+00,5.166160731788210114e+00,5.353501624257133606e+00,5.540208167273076967e+00,5.726121375523601564e+00,5.911092500568036812e+00,6.094982810979756138e+00,6.277663342868590846e+00,6.459014625225851347e+00,6.638926384271161218e+00,6.817297230703363020e+00,6.994034333472723297e+00,7.169053083403383653e+00,7.342276749707586703e+00,7.513636132150419478e+00,7.683069211348343863e+00,7.850520799419296480e+00,8.015942192948303457e+00,8.179290829991957779e+00,8.340529952618648935e+00,8.499628276269842075e+00,8.656559667031357819e+00,8.811302827722469644e+00,8.963840993544673452e+00,9.114161637880902944e+00,9.262256188699145909e+00,9.408119755891465985e+00,9.551750869769497498e+00,9.693151230840070909e+00,9.832325470898629405e+00,9.969280925403063875e+00,1.010402741702553620e+01,1.023657705022396947e+01,1.036694401662749421e+01,nan,nan,nan,nan,nan,nan,nan,nan,nan,nan,nan,nan,nan,nan,nan,nan,nan
1.459999999999999909e-01,1.099017304471160972e-01,1.584798482932150976e-01,2.156649085368044505e-01,2.812987759601461857e-01,3.552017296208861419e-01,4.371736697895404755e-01,5.269954395214228038e-01,6.244302449986871562e-01,7.292251580330990635e-01,8.411126836753424207e-01,9.598123757276900703e-01,1.085032483092218669e+00,1.216471610288611727e+00,1.353820376120779656e+00,1.496763055332472003e+00,1.644979189137945719e+00,1.798145151711683321e+00,1.955935661037095485e+00,2.118025223914262956e+00,2.284089506377928736e+00,2.453806622247994618e+00,2.626858333996903827e+00,2.802931161545497041e+00,2.981717395968893847e+00,3.162916016387490092e+00,3.346233509520056604e+00,3.531384592474408723e+00,3.718092840337911653e+00,3.906091221000298042e+00,4.095122540392734045e+00,4.284939801960594430e+00,4.475306484705740218e+00,4.665996744542172614e+00,4.856795544013056798e+00,5.047498715624874066e+00,5.237912964174156194e+00,5.427855813482925562e+00,5.617155502929646715e+00,5.805650839072539426e+00,5.993191007520368707e+00,6.179635350021141171e+00,6.364853111519542139e+00,6.548723161687320271e+00,6.731133695163815212e+00,6.911981914463130927e+00,7.091173699215398862e+00,7.268623265117318155e+00,7.444252815675746149e+00,7.617992189541396009e+00,7.789778505950402554e+00,7.959555810522340735e+00,8.127274723405916390e+00,8.292892091519622255e+00,8.456370646405018121e+00,8.617678668995809588e+00,8.776789662406791592e+00,8.933682033663057354e+00,9.088338785121679919e+00,9.240747216184802326e+00,9.390898635764409974e+00,9.538788085834401187e+00,9.684414076294071805e+00,9.827778331268403278e+00,9.968885546883331727e+00,1.010774316047810473e+01,1.024436113115088887e+01,nan,nan,nan,nan,nan,nan,nan,nan,nan,nan,nan,nan,nan,nan,nan,nan,nan,nan,nan
1.479999999999999927e-01,1.114072336039259176e-01,1.606508051191495590e-01,2.186192223523771294e-01,2.851521838500112316e-01,3.600675067389804695e-01,4.431623501976163504e-01,5.342145551313052243e-01,6.329840839712719269e-01,7.392145437595798452e-01,8.526347752325389440e-01,9.729604904636858231e-01,1.099895941764714946e+00,1.233135604950099662e+00,1.372365860725173858e+00,1.517266658830177084e+00,1.667513150632986108e+00,1.822777277077596736e+00,1.982729300229384428e+00,2.147039268077472141e+00,2.315378403725571577e+00,2.487420411593857850e+00,2.662842694736587745e+00,2.841327478826942254e+00,3.022562839749289409e+00,3.206243633050332331e+00,3.392072324718961696e+00,3.579759723878167765e+00,3.769025618972677627e+00,3.959599319918110538e+00,4.151220109439210049e+00,4.343637607466903638e+00,4.536612052989380750e+00,4.729914508166038090e+00,4.923326989821454447e+00,5.116642533647132396e+00,5.309665196560104050e+00,5.502210002708719294e+00,5.694102838586217352e+00,5.885180302621478177e+00,6.075289514472703267e+00,6.264287889062526204e+00,6.452042880170495209e+00,6.638431698148790083e+00,6.823341006056470093e+00,7.006666598222899722e+00,7.188313064958075316e+00,7.368193446831254434e+00,7.546228881643907371e+00,7.722348246932374316e+00,7.896487800552463021e+00,8.068590821625386766e+00,8.238607253863532875e+00,8.406493353047288508e+00,8.572211340191389084e+00,8.735729061721780653e+00,8.897019657782227142e+00,9.056061239603646840e+00,9.212836576698689939e+00,9.367332794488703485e+00,9.519541082829675815e+00,9.669456415777338165e+00,9.817077282818647888e+00,9.962405431696739200e+00,1.010544562286803405e+01,1.024620539555314735e+01,nan,nan,nan,nan,nan,nan,nan,nan,nan,nan,nan,nan,nan,nan,nan,nan,nan,nan,nan,nan
1.499999999999999944e-01,1.129127367607357241e-01,1.628217619450840203e-01,2.215735361679497806e-01,2.890055917398762220e-01,3.649332838570748527e-01,4.491510306056922808e-01,5.414336707411877558e-01,6.415379229438566977e-01,7.492039294860606269e-01,8.641568667897353562e-01,9.861086051996815760e-01,1.114759400437211001e+00,1.249799599611587597e+00,1.390911345329568283e+00,1.537770262327882165e+00,1.690047112128026496e+00,1.847409402443510373e+00,2.009522939421673371e+00,2.176053312240681326e+00,2.346667301073214418e+00,2.521034200939720638e+00,2.698827055476271219e+00,2.879723796108387468e+00,3.063408283529685416e+00,3.249571249713175014e+00,3.437911139917866343e+00,3.628134855281926807e+00,3.819958397607443601e+00,4.013107418835923035e+00,4.207317678485686052e+00,4.402335412973212847e+00,4.597917621273021282e+00,4.793832271789903565e+00,4.989858435629852984e+00,5.185786351669391614e+00,5.381417428946051018e+00,5.576564191934513026e+00,5.771050174242787989e+00,5.964709766170416927e+00,6.157388021425036939e+00,6.348940428103912126e+00,6.539232648821448279e+00,6.728140234610260784e+00,6.915548316949124974e+00,7.101351281982668517e+00,7.285452430700752657e+00,7.467763628545189825e+00,7.648204947612068594e+00,7.826704304323352623e+00,8.003197095154524376e+00,8.177625832728432798e+00,8.349939784321147584e+00,8.520094614574954761e+00,8.688052033977758271e+00,8.853779454447749941e+00,9.017249653157662692e+00,9.178440445544238102e+00,9.337334368275699958e+00,9.493918372792604643e+00,9.648183529894941657e+00,9.800124745720275143e+00,9.949740489343223970e+00,1.009703253212507335e+01,1.024200569885273815e+01,nan,nan,nan,nan,nan,nan,nan,nan,nan,nan,nan,nan,nan,nan,nan,nan,nan,nan,nan,nan,nan
1.519999999999999962e-01,1.144182399175455306e-01,1.649927187710184817e-01,2.245278499835224595e-01,2.928589996297412679e-01,3.697990609751691804e-01,4.551397110137681556e-01,5.486527863510702874e-01,6.500917619164414685e-01,7.591933152125415196e-01,8.756789583469318794e-01,9.992567199356773289e-01,1.129622859109707278e+00,1.266463594273075310e+00,1.409456829933962485e+00,1.558273865825587245e+00,1.712581073623066885e+00,1.872041527809423789e+00,2.036316578613962314e+00,2.205067356403890511e+00,2.377956198420857259e+00,2.554647990285583870e+00,2.734811416215955138e+00,2.918120113389832682e+00,3.104253727310081423e+00,3.292898866376017253e+00,3.483749955116771435e+00,3.676509986685685849e+00,3.870891176242209575e+00,4.066615517753735531e+00,4.263415247532162056e+00,4.461033218479522944e+00,4.659223189556661815e+00,4.857750035413768153e+00,5.056389881438250633e+00,5.254930169691649944e+00,5.453169661331998874e+00,5.650918381160306758e+00,5.847997509899358626e+00,6.044239229719355677e+00,6.239486528377370611e+00,6.433592967145297159e+00,6.626422417472400461e+00,6.817848771071730596e+00,7.007755627841780743e+00,7.196035965742437313e+00,7.382591796443429111e+00,7.567333810259126103e+00,7.750181013580229816e+00,7.931060361714330931e+00,8.109906389756584844e+00,8.286660843831478829e+00,8.461272314778764070e+00,8.633695876102621014e+00,8.803892727764129233e+00,8.971829847173721006e+00,9.137479648533098242e+00,9.300819651484827588e+00,9.461832159852708202e+00,9.620503951096507578e+00,9.776825976960207498e+00,9.930793075663212122e+00,1.008240369586780005e+01,1.023165963255340749e+01,nan,nan,nan,nan,nan,nan,nan,nan,nan,nan,nan,nan,nan,nan,nan,nan,nan,nan,nan,nan,nan,nan
1.539999999999999980e-01,1.159237430743553510e-01,1.671636755969529431e-01,2.274821637990951106e-01,2.967124075196062583e-01,3.746648380932635081e-01,4.611283914218440860e-01,5.558719019609528189e-01,6.586456008890261282e-01,7.691827009390223013e-01,8.872010499041284026e-01,1.012404834671673193e+00,1.144486317782203333e+00,1.283127588934563246e+00,1.428002314538356687e+00,1.578777469323292326e+00,1.735115035118107274e+00,1.896673653175337204e+00,2.063110217806251256e+00,2.234081400567099696e+00,2.409245095768500100e+00,2.588261779631446657e+00,2.770795776955638612e+00,2.956516430671277895e+00,3.145099171090476986e+00,3.336226483038859492e+00,3.529588770315676527e+00,3.724885118089444891e+00,3.921823954876975549e+00,4.120123616671548028e+00,4.319512816578638059e+00,4.519731023985832152e+00,4.720528757840301459e+00,4.921667799037633628e+00,5.122921327246649170e+00,5.324073987713908274e+00,5.524921893717945842e+00,5.725272570386100490e+00,5.924944845555929263e+00,6.123768693268294427e+00,6.321585035329705171e+00,6.518245506186683080e+00,6.713612186123353531e+00,6.907557307533201296e+00,7.099962938734435625e+00,7.290720649502206996e+00,7.479731162186105564e+00,7.666903991973061494e+00,7.852157079548390151e+00,8.035416419105308350e+00,8.216615684358645311e+00,8.395695854934524860e+00,8.572604845236378779e+00,8.747297137630287267e+00,8.919733421550500196e+00,9.089880239899690295e+00,9.257709643908533792e+00,9.423198857425417074e+00,9.586329951429718221e+00,9.747089529400408736e+00,9.905468424025475116e+00,1.006146140560614910e+01,1.021506690239237791e+01,1.036628673298174164e+01,nan,nan,nan,nan,nan,nan,nan,nan,nan,nan,nan,nan,nan,nan,nan,nan,nan,nan,nan,nan,nan,nan
1.559999999999999998e-01,1.174292462311651575e-01,1.693346324228873767e-01,2.304364776146677896e-01,3.005658154094713042e-01,3.795306152113578357e-01,4.671170718299199609e-01,5.630910175708353504e-01,6.671994398616108990e-01,7.791720866655030830e-01,8.987231414613248148e-01,1.025552949407668946e+00,1.159349776454699610e+00,1.299791583596051181e+00,1.446547799142750890e+00,1.599281072820997407e+00,1.757648996613147663e+00,1.921305778541250842e+00,2.089903856998540199e+00,2.263095444730308881e+00,2.440533993116142941e+00,2.621875568977309445e+00,2.806780137695322086e+00,2.994912747952723109e+00,3.185944614870872993e+00,3.379554099701701730e+00,3.575427585514581175e+00,3.773260249493203933e+00,3.972756733511741523e+00,4.173631715589359636e+00,4.375610385625113175e+00,4.578428829492142249e+00,4.781834326123941992e+00,4.985585562661499104e+00,5.189452773055046819e+00,5.393217805736167492e+00,5.596674126103893698e+00,5.799626759611894222e+00,6.001892181212499011e+00,6.203298156817234066e+00,6.403683542282038843e+00,6.602898045228069002e+00,6.800801954774305713e+00,6.997265843994671108e+00,7.192170249627090506e+00,7.385405333261975791e+00,7.576870527928782906e+00,7.766474173686997773e+00,7.954133145516551373e+00,8.139772476496286657e+00,8.323324978960704001e+00,8.504730866037570891e+00,8.683937375693993488e+00,8.860898399157953520e+00,9.035574115336869383e+00,9.207930632625659584e+00,9.377939639283971118e+00,9.545578063366006560e+00,9.710827743006728241e+00,9.873675107704309895e+00,1.003411087109074096e+01,1.019212973554908608e+01,1.034773010891695399e+01,nan,nan,nan,nan,nan,nan,nan,nan,nan,nan,nan,nan,nan,nan,nan,nan,nan,nan,nan,nan,nan,nan,nan
1.580000000000000016e-01,1.189347493879749640e-01,1.715055892488218381e-01,2.333907914302404407e-01,3.044192232993362945e-01,3.843963923294521634e-01,4.731057522379958913e-01,5.703101331807177710e-01,6.757532788341956698e-01,7.891614723919839758e-01,9.102452330185213381e-01,1.038701064143664698e+00,1.174213235127195665e+00,1.316455578257538894e+00,1.465093283747145314e+00,1.619784676318702488e+00,1.780182958108188052e+00,1.945937903907164257e+00,2.116697496190829586e+00,2.292109488893518066e+00,2.471822890463785782e+00,2.655489358323172677e+00,2.842764498435006004e+00,3.033309065234168322e+00,3.226790058651268556e+00,3.422881716364544413e+00,3.621266400713486266e+00,3.821635380896962975e+00,4.023689512146507496e+00,4.227139814507172133e+00,4.431707954671589178e+00,4.637126634998451458e+00,4.843139894407582524e+00,5.049503326285364579e+00,5.255984218863445356e+00,5.462361623758425822e+00,5.668426358489840666e+00,5.873980948837687066e+00,6.078839516869069648e+00,6.282827620366172816e+00,6.485782049234372515e+00,6.687550584269454035e+00,6.887991723425258783e+00,7.086974380456141809e+00,7.284377560519745387e+00,7.480090017021744586e+00,7.674009893671459359e+00,7.866044355400934052e+00,8.056109211484711707e+00,8.244128533887264965e+00,8.430034273562764469e+00,8.613765877140615146e+00,8.795269906151609973e+00,8.974499660685619773e+00,9.151414809123240346e+00,9.325981025351630649e+00,9.498169634659406668e+00,9.667957269306597823e+00,9.835325534583736484e+00,1.000026068600821105e+01,1.016275331815600680e+01,1.032279806549202306e+01,nan,nan,nan,nan,nan,nan,nan,nan,nan,nan,nan,nan,nan,nan,nan,nan,nan,nan,nan,nan,nan,nan,nan,nan
1.600000000000000033e-01,1.204402525447847705e-01,1.736765460747562995e-01,2.363451052458131196e-01,3.082726311892013404e-01,3.892621694475464911e-01,4.790944326460717662e-01,5.775292487906003025e-01,6.843071178067804405e-01,7.991508581184647575e-01,9.217673245757178613e-01,1.051849178879660451e+00,1.189076693799691720e+00,1.333119572919026830e+00,1.483638768351539516e+00,1.640288279816407790e+00,1.802716919603228440e+00,1.970570029273077672e+00,2.143491135383118529e+00,2.321123533056726806e+00,2.503111787811428623e+00,2.689103147669035465e+00,2.878748859174689478e+00,3.071705382515613092e+00,3.267635502431664563e+00,3.466209333027386652e+00,3.667105215912391358e+00,3.870010512300722016e+00,4.074622290781273470e+00,4.280647913424984630e+00,4.487805523718065182e+00,4.695824440504760666e+00,4.904445462691223057e+00,5.113421089909230055e+00,5.322515664671843005e+00,5.531505441780684151e+00,5.740178590875788522e+00,5.948335138063480798e+00,6.155786852525640285e+00,6.362357083915111566e+00,6.567880556186706187e+00,6.772203123310839956e+00,6.975181492076211853e+00,7.176682916917611621e+00,7.376584871412401156e+00,7.574774700781513381e+00,7.771149259414136701e+00,7.965614537114869442e+00,8.158085277452872930e+00,8.348484591278243272e+00,8.536743568164824936e+00,8.722800888243661177e+00,8.906602436609224682e+00,9.088100922213286026e+00,9.267255502909609532e+00,9.444031418077599938e+00,9.618399630034842218e+00,9.790336475247187309e+00,9.959823326160746504e+00,1.012684626431211221e+01,1.029139576522127264e+01,nan,nan,nan,nan,nan,nan,nan,nan,nan,nan,nan,nan,nan,nan,nan,nan,nan,nan,nan,nan,nan,nan,nan,nan,nan
1.620000000000000051e-01,1.219457557015945909e-01,1.758475029006907608e-01,2.392994190613857985e-01,3.121260390790663308e-01,3.941279465656408187e-01,4.850831130541476965e-01,5.847483644004828340e-01,6.928609567793652113e-01,8.091402438449455392e-01,9.332894161329142735e-01,1.064997293615656204e+00,1.203940152472187997e+00,1.349783567580514543e+00,1.502184252955933719e+00,1.660791883314112871e+00,1.825250881098268829e+00,1.995202154638991310e+00,2.170284774575407472e+00,2.350137577219935991e+00,2.534400685159071465e+00,2.722716937014898697e+00,2.914733219914373397e+00,3.110101699797058306e+00,3.308480946212060569e+00,3.509536949690228891e+00,3.712944031111296006e+00,3.918385643704481058e+00,4.125555069416039444e+00,4.334156012342797126e+00,4.543903092764541185e+00,4.754522246011070763e+00,4.965751030974863589e+00,5.177338853533095531e+00,5.389047110480241543e+00,5.600649259802943369e+00,5.811930823261735490e+00,6.022689327289274530e+00,6.232734188182210922e+00,6.441886547464050317e+00,6.649979063139040747e+00,6.856855662352224989e+00,7.062371260727164035e+00,7.266391453379082321e+00,7.468792182305056038e+00,7.669459384541283065e+00,7.868288625156813154e+00,8.065184718828804833e+00,8.260061343421034152e+00,8.452840648669221579e+00,8.643452862766885403e+00,8.831835899346707208e+00,9.017934967066841168e+00,9.201702183740952279e+00,9.383096196695980495e+00,9.562081810803571003e+00,9.738629625410277768e+00,9.912715681187776795e+00,1.008432111773775652e+01,1.025343184261601515e+01,nan,nan,nan,nan,nan,nan,nan,nan,nan,nan,nan,nan,nan,nan,nan,nan,nan,nan,nan,nan,nan,nan,nan,nan,nan,nan
1.640000000000000069e-01,1.234512588584043974e-01,1.780184597266252222e-01,2.422537328769584497e-01,3.159794469689313767e-01,3.989937236837351464e-01,4.910717934622235714e-01,5.919674800103653656e-01,7.014147957519499821e-01,8.191296295714264319e-01,9.448115076901107967e-01,1.078145408351651957e+00,1.218803611144684051e+00,1.366447562242002478e+00,1.520729737560328143e+00,1.681295486811817952e+00,1.847784842593309218e+00,2.019834280004904947e+00,2.197078413767696414e+00,2.379151621383145176e+00,2.565689582506714750e+00,2.756330726360761485e+00,2.950717580654056871e+00,3.148498017078503519e+00,3.349326389992456132e+00,3.552864566353071574e+00,3.758782846310201098e+00,3.966760775108240100e+00,4.176487848050805418e+00,4.387664111260609623e+00,4.600000661811017189e+00,4.813220051517379972e+00,5.027056599258503233e+00,5.241256617156961006e+00,5.455578556288639192e+00,5.669793077825201699e+00,5.883683055647683346e+00,6.097043516515068262e+00,6.309681523838781558e+00,6.521416011012989955e+00,6.732077570091374419e+00,6.941508201393610911e+00,7.149561029378117105e+00,7.356099989840552134e+00,7.560999493197710919e+00,7.764144068301051860e+00,7.965427990899489608e+00,8.164754900542741112e+00,8.362037409389195375e+00,8.557196706060199887e+00,8.750162157368945870e+00,8.940870910449753239e+00,9.129267497524455877e+00,9.315303445268618532e+00,9.498936890482349682e+00,9.680132203529540291e+00,9.858859620785713318e+00,1.003509488712836628e+01,1.020881890931476477e+01,nan,nan,nan,nan,nan,nan,nan,nan,nan,nan,nan,nan,nan,nan,nan,nan,nan,nan,nan,nan,nan,nan,nan,nan,nan,nan,nan
1.660000000000000087e-01,1.249567620152142039e-01,1.801894165525596558e-01,2.452080466925311286e-01,3.198328548587963671e-01,4.038595008018295296e-01,4.970604738702995018e-01,5.991865956202478971e-01,7.099686347245347529e-01,8.291190152979072137e-01,9.563335992473073199e-01,1.091293523087647710e+00,1.233667069817180328e+00,1.383111556903490413e+00,1.539275222164722345e+00,1.701799090309523033e+00,1.870318804088349607e+00,2.044466405370818141e+00,2.223872052959985357e+00,2.408165665546354361e+00,2.596978479854357591e+00,2.789944515706624273e+00,2.986701941393740345e+00,3.186894334359948733e+00,3.390171833772852139e+00,3.596192183015913812e+00,3.804621661509105746e+00,4.015135906511999586e+00,4.227420626685571392e+00,4.441172210178422119e+00,4.656098230857493192e+00,4.871917857023690068e+00,5.088362167542143766e+00,5.305174380780826482e+00,5.522110002097037729e+00,5.738936895847460029e+00,5.955435288033630314e+00,6.171397705740861994e+00,6.386628859495352195e+00,6.600945474561928705e+00,6.814176077043708091e+00,7.026160740434996832e+00,7.236750798029069287e+00,7.445808526302022834e+00,7.653206804090365800e+00,7.858828752060820655e+00,8.062567356642166061e+00,8.264325082256677391e+00,8.464013475357356597e+00,8.661552763451178194e+00,8.856871451971006337e+00,9.049905921552799271e+00,9.240600027982070586e+00,9.428904706796284785e+00,9.614777584268720645e+00,9.798182596255511356e+00,9.979089616161148868e+00,1.015747409306895754e+01,1.033331670089177479e+01,nan,nan,nan,nan,nan,nan,nan,nan,nan,nan,nan,nan,nan,nan,nan,nan,nan,nan,nan,nan,nan,nan,nan,nan,nan,nan,nan
1.680000000000000104e-01,1.264622651720240243e-01,1.823603733784941172e-01,2.481623605081037798e-01,3.236862627486614130e-01,4.087252779199238573e-01,5.030491542783753767e-01,6.064057112301303176e-01,7.185224736971195236e-01,8.391084010243879954e-01,9.678556908045037321e-01,1.104441637823643463e+00,1.248530528489676383e+00,1.399775551564978127e+00,1.557820706769116548e+00,1.722302693807228113e+00,1.892852765583389996e+00,2.069098530736731778e+00,2.250665692152274300e+00,2.437179709709563546e+00,2.628267377202000432e+00,2.823558305052487505e+00,3.022686302133424263e+00,3.225290651641393946e+00,3.431017277553248146e+00,3.639519799678756051e+00,3.850460476708010837e+00,4.063511037915758628e+00,4.278353405320337366e+00,4.494680309096233728e+00,4.712195799903968307e+00,4.930615662529999277e+00,5.149667735825784298e+00,5.369092144404691958e+00,5.588641447905435378e+00,5.808080713869718359e+00,6.027187520419578171e+00,6.245751894966655726e+00,6.463576195151922832e+00,6.680474938110867456e+00,6.896274583996041763e+00,7.110813279476381865e+00,7.323940566680022357e+00,7.535517062763492646e+00,7.745414114983021570e+00,7.953513435820589450e+00,8.159706722384843403e+00,8.363895263970613669e+00,8.565989541325517820e+00,8.765908820842156501e+00,8.963580746573066804e+00,9.158940932655845302e+00,9.351932558439687071e+00,9.542505968323951038e+00,9.730618278055091608e+00,9.916232988981480645e+00,1.009931961153658442e+01,1.027985329900954703e+01,nan,nan,nan,nan,nan,nan,nan,nan,nan,nan,nan,nan,nan,nan,nan,nan,nan,nan,nan,nan,nan,nan,nan,nan,nan,nan,nan,nan
1.700000000000000122e-01,1.279677683288338308e-01,1.845313302044285786e-01,2.511166743236764587e-01,3.275396706385264034e-01,4.135910550380181849e-01,5.090378346864512515e-01,6.136248268400128492e-01,7.270763126697042944e-01,8.490977867508688881e-01,9.793777823617002554e-01,1.117589752559639216e+00,1.263393987162172660e+00,1.416439546226466062e+00,1.576366191373510750e+00,1.742806297304933194e+00,1.915386727078430384e+00,2.093730656102645415e+00,2.277459331344563243e+00,2.466193753872772731e+00,2.659556274549643273e+00,2.857172094398350293e+00,3.058670662873107737e+00,3.263686968922839160e+00,3.471862721333643709e+00,3.682847416341598734e+00,3.896299291906915929e+00,4.111886169319517670e+00,4.329286183955103340e+00,4.548188408014046225e+00,4.768293368950444311e+00,4.989313468036308485e+00,5.210973304109424831e+00,5.433009908028557433e+00,5.655172893713833915e+00,5.877224531891977577e+00,6.098939752805525139e+00,6.320106084192448570e+00,6.540523530808493469e+00,6.760004401659806206e+00,6.978373090948376323e+00,7.195465818517767786e+00,7.411130335330975427e+00,7.625225599224963347e+00,7.837621425875676451e+00,8.048198119580359133e+00,8.256846088127520744e+00,8.463465445684549948e+00,8.667965607293679042e+00,8.870264878233133032e+00,9.070290041175127271e+00,9.267975943758891333e+00,9.463265088897301780e+00,9.656107229851617291e+00,9.846458971841460794e+00,1.003428338170745171e+01,1.021954960691201997e+01,nan,nan,nan,nan,nan,nan,nan,nan,nan,nan,nan,nan,nan,nan,nan,nan,nan,nan,nan,nan,nan,nan,nan,nan,nan,nan,nan,nan,nan
1.720000000000000140e-01,1.294732714856436373e-01,1.867022870303630400e-01,2.540709881392491098e-01,3.313930785283914493e-01,4.184568321561125126e-01,5.150265150945272374e-01,6.208439424498953807e-01,7.356301516422890652e-01,8.590871724773496698e-01,9.908998739188966676e-01,1.130737867295634969e+00,1.278257445834668715e+00,1.433103540887953775e+00,1.594911675977905174e+00,1.763309900802638275e+00,1.937920688573470551e+00,2.118362781468558609e+00,2.304252970536852629e+00,2.495207798035981472e+00,2.690845171897286114e+00,2.890785883744213525e+00,3.094655023612791211e+00,3.302083286204284374e+00,3.512708165114039716e+00,3.726175033004440973e+00,3.942138107105820577e+00,4.160261300723276712e+00,4.380218962589869314e+00,4.601696506931858721e+00,4.824390937996920314e+00,5.048011273542618582e+00,5.272278872393065363e+00,5.496927671652422909e+00,5.721704339522231564e+00,5.946368349914235907e+00,6.170691985191472995e+00,6.394460273418242302e+00,6.617470866465064105e+00,6.839533865208745844e+00,7.060471597900709995e+00,7.280118357559152820e+00,7.498320103981927609e+00,7.714934135686433159e+00,7.929828736768331332e+00,8.142882803340127040e+00,8.353985453870196309e+00,8.563035627398486227e+00,8.769941673261840265e+00,8.974620935624111340e+00,9.176999335777187738e+00,9.377010954861937364e+00,9.574597619354916489e+00,9.769708491379283544e+00,9.962299665627831757e+00,1.015233377443342100e+01,1.033977960228745552e+01,nan,nan,nan,nan,nan,nan,nan,nan,nan,nan,nan,nan,nan,nan,nan,nan,nan,nan,nan,nan,nan,nan,nan,nan,nan,nan,nan,nan,nan
1.740000000000000158e-01,1.309787746424534438e-01,1.888732438562975013e-01,2.570253019548217610e-01,3.352464864182564397e-01,4.233226092742068403e-01,5.210151955026031123e-01,6.280630580597779122e-01,7.441839906148738359e-01,8.690765582038304515e-01,1.002421965476093302e+00,1.143885982031630721e+00,1.293120904507164992e+00,1.449767535549441710e+00,1.613457160582299377e+00,1.783813504300343578e+00,1.960454650068510940e+00,2.142994906834472246e+00,2.331046609729141572e+00,2.524221842199190657e+00,2.722134069244928956e+00,2.924399673090076313e+00,3.130639384352475130e+00,3.340479603485729587e+00,3.553553608894435722e+00,3.769502649667283212e+00,3.987976922304725669e+00,4.208636432127035754e+00,4.431151741224635288e+00,4.655204605849671218e+00,4.880488507043396318e+00,5.106709079048927791e+00,5.333584440676705007e+00,5.560845435276288384e+00,5.788235785330630101e+00,6.015512167936494237e+00,6.242444217577419963e+00,6.468814462644036034e+00,6.694418202121634742e+00,6.919063328757684594e+00,7.142570104853043667e+00,7.364770896600538741e+00,7.585509872632880679e+00,7.804642672147902971e+00,8.022036047660986213e+00,8.237567487099896724e+00,8.451124819612873651e+00,8.662605809112420729e+00,8.871917739229999711e+00,9.078976993015089647e+00,9.283708630379248206e+00,9.486045965964983395e+00,9.685930149812532974e+00,9.883309752906949797e+00,1.007814035941420094e+01,1.027038416715939206e+01,nan,nan,nan,nan,nan,nan,nan,nan,nan,nan,nan,nan,nan,nan,nan,nan,nan,nan,nan,nan,nan,nan,nan,nan,nan,nan,nan,nan,nan,nan
1.759999999999999898e-01,1.324842777992632503e-01,1.910442006822319072e-01,2.599796157703944122e-01,3.390998943081214301e-01,4.281883863923011124e-01,5.270038759106788762e-01,6.352821736696603327e-01,7.527378295874584957e-01,8.790659439303112332e-01,1.013944057033289603e+00,1.157034096767626474e+00,1.307984363179660825e+00,1.466431530210929424e+00,1.632002645186693357e+00,1.804317107798048436e+00,1.982988611563551107e+00,2.167627032200385440e+00,2.357840248921430071e+00,2.553235886362399398e+00,2.753422966592571353e+00,2.958013462435938656e+00,3.166623745092158160e+00,3.378875920767174357e+00,3.594399052674830841e+00,3.812830266330125006e+00,4.033815737503630316e+00,4.257011563530793907e+00,4.482084519859400373e+00,4.708712704767482826e+00,4.936586076089871433e+00,5.165406884555236999e+00,5.394890008960344652e+00,5.624763198900152972e+00,5.854767231139026862e+00,6.084655985958752566e+00,6.314196449963366042e+00,6.543168651869828878e+00,6.771365537778204491e+00,6.998592792306622457e+00,7.224668611805376450e+00,7.449423435641922886e+00,7.672699641283831973e+00,7.894351208609372783e+00,8.114243358553640206e+00,8.332252170859664631e+00,8.548264185355549216e+00,8.762175990826355232e+00,8.973893805198160933e+00,9.183333050406066178e+00,9.390417924981306896e+00,9.595080977068027650e+00,9.797262680270145907e+00,9.996911014434614273e+00,1.019398105320057013e+01,nan,nan,nan,nan,nan,nan,nan,nan,nan,nan,nan,nan,nan,nan,nan,nan,nan,nan,nan,nan,nan,nan,nan,nan,nan,nan,nan,nan,nan,nan,nan
1.779999999999999916e-01,1.339897809560730568e-01,1.932151575081663686e-01,2.629339295859670633e-01,3.429533021979864760e-01,4.330541635103954401e-01,5.329925563187548621e-01,6.425012892795428643e-01,7.612916685600432665e-01,8.890553296567920150e-01,1.025466148590485904e+00,1.170182211503622227e+00,1.322847821852157102e+00,1.483095524872417137e+00,1.650548129791087559e+00,1.824820711295753517e+00,2.005522573058591274e+00,2.192259157566299077e+00,2.384633888113719014e+00,2.582249930525608583e+00,2.784711863940214194e+00,2.991627251781801888e+00,3.202608105831842078e+00,3.417272238048619570e+00,3.635244496455226848e+00,3.856157882992967245e+00,4.079654552702534964e+00,4.305386694934552949e+00,4.533017298494166347e+00,4.762220803685295323e+00,4.992683645136347437e+00,5.224104690061546208e+00,5.456195577243985184e+00,5.688680962524018447e+00,5.921298676947425399e+00,6.153799803981010896e+00,6.385948682349313898e+00,6.617522841095621722e+00,6.848312873434775128e+00,7.078122255855561207e+00,7.306767118757710122e+00,7.534075974683308807e+00,7.759889409934785043e+00,7.984059745070842595e+00,8.206450669446295976e+00,8.426936854619432538e+00,8.645403551098226558e+00,8.861746172540291511e+00,9.075869871166320380e+00,9.287689107797044485e+00,9.497127219583367363e+00,9.704115988171073681e+00,9.908595210727762392e+00,1.011051227596228053e+01,1.030982174698694109e+01,nan,nan,nan,nan,nan,nan,nan,nan,nan,nan,nan,nan,nan,nan,nan,nan,nan,nan,nan,nan,nan,nan,nan,nan,nan,nan,nan,nan,nan,nan,nan
1.799999999999999933e-01,1.354952841128828633e-01,1.953861143341008300e-01,2.658882434015397700e-01,3.468067100878514664e-01,4.379199406284897678e-01,5.389812367268307369e-01,6.497204048894252848e-01,7.698455075326280372e-01,8.990447153832727967e-01,1.036988240147682427e+00,1.183330326239617980e+00,1.337711280524653157e+00,1.499759519533905072e+00,1.669093614395481762e+00,1.845324314793458598e+00,2.028056534553631884e+00,2.216891282932212270e+00,2.411427527306007956e+00,2.611263974688817768e+00,2.816000761287857035e+00,3.025241041127664676e+00,3.238592466571525552e+00,3.455668555330064784e+00,3.676089940235622411e+00,3.899485499655809928e+00,4.125493367901439612e+00,4.353761826338311991e+00,4.583950077128932321e+00,4.815728902603107819e+00,5.048781214182823440e+00,5.282802495567855416e+00,5.517501145527625717e+00,5.752598726147883923e+00,5.987830122755823048e+00,6.222943622003269226e+00,6.457700914735260866e+00,6.691877030321415454e+00,6.925260209091344876e+00,7.157651719404499957e+00,7.388865625710044682e+00,7.618728513724694729e+00,7.847079178585737225e+00,8.073768281532313296e+00,8.298657980338949969e+00,8.521621538379202221e+00,8.742542916840902123e+00,8.961316354254227790e+00,9.177845937134481602e+00,9.392045165188022793e+00,9.603836514185427831e+00,9.813150999274119712e+00,1.001992774118537710e+01,1.022411353748994678e+01,nan,nan,nan,nan,nan,nan,nan,nan,nan,nan,nan,nan,nan,nan,nan,nan,nan,nan,nan,nan,nan,nan,nan,nan,nan,nan,nan,nan,nan,nan,nan,nan
1.819999999999999951e-01,1.370007872696926698e-01,1.975570711600352913e-01,2.688425572171124212e-01,3.506601179777165123e-01,4.427857177465841509e-01,5.449699171349066118e-01,6.569395204993078163e-01,7.783993465052126970e-01,9.090341011097535784e-01,1.048510331704878951e+00,1.196478440975613733e+00,1.352574739197149434e+00,1.516423514195392785e+00,1.687639098999876186e+00,1.865827918291163678e+00,2.050590496048672051e+00,2.241523408298125908e+00,2.438221166498296899e+00,2.640278018852026953e+00,2.847289658635499876e+00,3.058854830473527908e+00,3.274576827311209026e+00,3.494064872611509998e+00,3.716935384016018418e+00,3.942813116318652167e+00,4.171332183100345148e+00,4.402136957742071033e+00,4.634882855763698295e+00,4.869237001520919428e+00,5.104878783229298556e+00,5.341500301074165513e+00,5.578806713811265361e+00,5.816516489771749399e+00,6.054361568564221585e+00,6.292087440025528444e+00,6.529453147121208723e+00,6.766231219547209186e+00,7.002207544747915513e+00,7.237181182953439595e+00,7.470964132662378354e+00,7.703381052766079762e+00,7.934268947236690295e+00,8.163476817993782220e+00,8.390865291231605738e+00,8.616306222138971904e+00,8.839682282583579465e+00,9.060886535968164068e+00,9.279822003102642825e+00,9.496401222579001100e+00,9.710545808787488298e+00,9.922186010377163967e+00,1.013126027164299359e+01,1.033771479901761303e+01,nan,nan,nan,nan,nan,nan,nan,nan,nan,nan,nan,nan,nan,nan,nan,nan,nan,nan,nan,nan,nan,nan,nan,nan,nan,nan,nan,nan,nan,nan,nan,nan
1.839999999999999969e-01,1.385062904265024764e-01,1.997280279859697250e-01,2.717968710326850723e-01,3.545135258675815026e-01,4.476514948646784786e-01,5.509585975429824867e-01,6.641586361091903479e-01,7.869531854777974678e-01,9.190234868362344711e-01,1.060032423262075474e+00,1.209626555711609486e+00,1.367438197869645489e+00,1.533087508856880721e+00,1.706184583604270388e+00,1.886331521788868759e+00,2.073124457543712662e+00,2.266155533664039545e+00,2.465014805690586286e+00,2.669292063015235694e+00,2.878578555983143161e+00,3.092468619819390696e+00,3.310561188050892945e+00,3.532461189892955211e+00,3.757780827796413980e+00,3.986140732981494406e+00,4.217170998299249796e+00,4.450512089145830075e+00,4.685815634398464269e+00,4.922745100438731924e+00,5.160976352275774559e+00,5.400198106580474722e+00,5.640112282094905893e+00,5.880434253395614874e+00,6.120893014372619234e+00,6.361231258047786774e+00,6.601205379507155691e+00,6.840585408773002918e+00,7.079154880404486150e+00,7.316710646502378346e+00,7.553062639614712026e+00,7.788033591807465683e+00,8.021458715887643365e+00,8.253185354455252920e+00,8.483072602124261508e+00,8.710990905898739811e+00,8.936821648326256806e+00,9.160456717682100347e+00,9.381798069070804047e+00,9.600757279969979407e+00,9.817255103389548765e+00,1.003122102148021000e+01,1.024259280210060830e+01,nan,nan,nan,nan,nan,nan,nan,nan,nan,nan,nan,nan,nan,nan,nan,nan,nan,nan,nan,nan,nan,nan,nan,nan,nan,nan,nan,nan,nan,nan,nan,nan,nan
1.859999999999999987e-01,1.400117935833123106e-01,2.018989848119041863e-01,2.747511848482577235e-01,3.583669337574465485e-01,4.525172719827728063e-01,5.569472779510584726e-01,6.713777517190728794e-01,7.955070244503822385e-01,9.290128725627152528e-01,1.071554514819271997e+00,1.222774670447605239e+00,1.382301656542141766e+00,1.549751503518368656e+00,1.724730068208664591e+00,1.906835125286573840e+00,2.095658419038752829e+00,2.290787659029952739e+00,2.491808444882875229e+00,2.698306107178444879e+00,2.909867453330786002e+00,3.126082409165253928e+00,3.346545548790576419e+00,3.570857507174400425e+00,3.798626271576809987e+00,4.029468349644337088e+00,4.263009813498154443e+00,4.498887220549589117e+00,4.736748413033230243e+00,4.976253199356544421e+00,5.217073921322250563e+00,5.458895912086784818e+00,5.701417850378546426e+00,5.944352017019480350e+00,6.187424460181017771e+00,6.430375076070045104e+00,6.672957611893103547e+00,6.914939597998796650e+00,7.156102216061056787e+00,7.396240110051317096e+00,7.635161146567045698e+00,7.872686130848850716e+00,8.108648484538596435e+00,8.342893890916723620e+00,8.575279913016915501e+00,8.805675589658509494e+00,9.033961014068932371e+00,9.260026899396036626e+00,9.483774135038965269e+00,9.705113337360957715e+00,9.923964397991609232e+00,1.014025603258325603e+01,1.035392533255822300e+01,nan,nan,nan,nan,nan,nan,nan,nan,nan,nan,nan,nan,nan,nan,nan,nan,nan,nan,nan,nan,nan,nan,nan,nan,nan,nan,nan,nan,nan,nan,nan,nan,nan
1.880000000000000004e-01,1.415172967401221171e-01,2.040699416378386477e-01,2.777054986638304301e-01,3.622203416473115389e-01,4.573830491008671340e-01,5.629359583591343474e-01,6.785968673289554109e-01,8.040608634229670093e-01,9.390022582891960345e-01,1.083076606376468520e+00,1.235922785183600991e+00,1.397165115214637821e+00,1.566415498179856369e+00,1.743275552813058793e+00,1.927338728784278921e+00,2.118192380533793440e+00,2.315419784395866376e+00,2.518602084075164171e+00,2.727320151341654064e+00,2.941156350678428844e+00,3.159696198511116716e+00,3.382529909530260337e+00,3.609253824455845638e+00,3.839471715357205994e+00,4.072795966307179327e+00,4.308848628697059979e+00,4.547262351953348158e+00,4.787681191667996217e+00,5.029761298274356918e+00,5.273171490368726566e+00,5.517593717593094027e+00,5.762723418662186958e+00,6.008269780643345825e+00,6.253955905989415420e+00,6.499518894092304322e+00,6.744709844279050515e+00,6.989293787224590382e+00,7.233049551717627423e+00,7.475769573600255846e+00,7.717259653519380258e+00,7.957338669890236638e+00,8.195838253189547729e+00,8.432602427378194321e+00,8.667487223909571270e+00,8.900360273418279178e+00,9.131100379811609713e+00,9.359597081109971128e+00,9.585750201007126492e+00,9.809469394751936022e+00,1.003067369259366970e+01,1.024929104368630206e+01,nan,nan,nan,nan,nan,nan,nan,nan,nan,nan,nan,nan,nan,nan,nan,nan,nan,nan,nan,nan,nan,nan,nan,nan,nan,nan,nan,nan,nan,nan,nan,nan,nan,nan
1.900000000000000022e-01,1.430227998969319236e-01,2.062408984637731091e-01,2.806598124794030813e-01,3.660737495371765848e-01,4.622488262189614616e-01,5.689246387672102223e-01,6.858159829388378315e-01,8.126147023955517801e-01,9.489916440156769273e-01,1.094598697933664821e+00,1.249070899919596744e+00,1.412028573887134097e+00,1.583079492841344305e+00,1.761821037417453217e+00,1.947842332281984223e+00,2.140726342028833606e+00,2.340051909761780013e+00,2.545395723267453114e+00,2.756334195504863249e+00,2.972445248026071685e+00,3.193309987856979504e+00,3.418514270269943811e+00,3.647650141737290852e+00,3.880317159137601557e+00,4.116123582970021566e+00,4.354687443895964627e+00,4.595637483357107200e+00,4.838613970302762191e+00,5.083269397192169414e+00,5.329269059415202570e+00,5.576291523099403236e+00,5.824028986945827491e+00,6.072187544267211301e+00,6.320487351797813957e+00,6.568662712114562652e+00,6.816462076664998371e+00,7.063647976450383226e+00,7.309996887374198060e+00,7.555299037149195485e+00,7.799358160471713930e+00,8.041991208931621671e+00,8.283028021840500799e+00,8.522310963839663245e+00,8.759694534802225263e+00,8.995044957178047085e+00,9.228239745554287055e+00,9.459167262823907407e+00,9.687726266975287714e+00,9.913825452142914330e+00,1.013738298719573017e+01,1.035832605478934809e+01,nan,nan,nan,nan,nan,nan,nan,nan,nan,nan,nan,nan,nan,nan,nan,nan,nan,nan,nan,nan,nan,nan,nan,nan,nan,nan,nan,nan,nan,nan,nan,nan,nan,nan
1.920000000000000040e-01,1.445283030537417301e-01,2.084118552897075705e-01,2.836141262949757325e-01,3.699271574270415752e-01,4.671146033370557893e-01,5.749133191752860972e-01,6.930350985487203630e-01,8.211685413681365509e-01,9.589810297421577090e-01,1.106120789490861345e+00,1.262219014655592497e+00,1.426892032559630152e+00,1.599743487502832018e+00,1.780366522021847420e+00,1.968345935779689304e+00,2.163260303523874217e+00,2.364684035127693207e+00,2.572189362459742057e+00,2.785348239668072434e+00,3.003734145373714526e+00,3.226923777202842736e+00,3.454498631009627285e+00,3.686046459018736066e+00,3.921162602917997564e+00,4.159451199632863805e+00,4.400526259094869275e+00,4.644012614760866242e+00,4.889546748937528164e+00,5.136777496109981911e+00,5.385366628461678573e+00,5.634989328605713332e+00,5.885334555229467135e+00,6.136105307891076777e+00,6.387018797606211606e+00,6.637806530136820982e+00,6.888214309050945339e+00,7.138002165676176958e+00,7.386944223030768697e+00,7.634828500698134235e+00,7.881456667424047602e+00,8.126643747973007592e+00,8.370217790491453869e+00,8.612019500301133945e+00,8.851901845694881033e+00,9.089729640937816768e+00,9.325379111296964396e+00,9.558737444537843686e+00,9.789702332943448937e+00,1.001818150953389264e+01,1.024409228179779063e+01,nan,nan,nan,nan,nan,nan,nan,nan,nan,nan,nan,nan,nan,nan,nan,nan,nan,nan,nan,nan,nan,nan,nan,nan,nan,nan,nan,nan,nan,nan,nan,nan,nan,nan,nan
1.940000000000000058e-01,1.460338062105515367e-01,2.105828121156420041e-01,2.865684401105483836e-01,3.737805653169066211e-01,4.719803804551501170e-01,5.809019995833620831e-01,7.002542141586028945e-01,8.297223803407213216e-01,9.689704154686384907e-01,1.117642881048057868e+00,1.275367129391588250e+00,1.441755491232126429e+00,1.616407482164319953e+00,1.798912006626241622e+00,1.988849539277394385e+00,2.185794265018914384e+00,2.389316160493606844e+00,2.598983001652031000e+00,2.814362283831281619e+00,3.035023042721357367e+00,3.260537566548705524e+00,3.490482991749311203e+00,3.724442776300181279e+00,3.962008046698393571e+00,4.202778816295706044e+00,4.446365074293773922e+00,4.692387746164625284e+00,4.940479527572294138e+00,5.190285595027794407e+00,5.441464197508153688e+00,5.693687134112022541e+00,5.946640123513107667e+00,6.200023071514941364e+00,6.453550243414610144e+00,6.706950348159080200e+00,6.959966541436893195e+00,7.212356354901970690e+00,7.463891558687339334e+00,7.714357964247072985e+00,7.963555174376381274e+00,8.211296287014393513e+00,8.457407559142406939e+00,8.701728036762604646e+00,8.944109156587536802e+00,9.184414324697584675e+00,9.422518477039639961e+00,9.658307626251779965e+00,9.891678398911608383e+00,1.012253756692486917e+01,1.035080157639985110e+01,nan,nan,nan,nan,nan,nan,nan,nan,nan,nan,nan,nan,nan,nan,nan,nan,nan,nan,nan,nan,nan,nan,nan,nan,nan,nan,nan,nan,nan,nan,nan,nan,nan,nan,nan
1.960000000000000075e-01,1.475393093673613432e-01,2.127537689415764655e-01,2.895227539261210903e-01,3.776339732067716115e-01,4.768461575732445001e-01,5.868906799914379580e-01,7.074733297684854261e-01,8.382762193133060924e-01,9.789598011951193834e-01,1.129164972605254391e+00,1.288515244127584003e+00,1.456618949904622484e+00,1.633071476825807888e+00,1.817457491230636046e+00,2.009353142775099688e+00,2.208328226513954995e+00,2.413948285859520482e+00,2.625776640844319942e+00,2.843376327994490360e+00,3.066311940069000208e+00,3.294151355894568756e+00,3.526467352488994678e+00,3.762839093581626493e+00,4.002853490478789134e+00,4.246106432958549171e+00,4.492203889492679458e+00,4.740762877568384326e+00,4.991412306207060112e+00,5.243793693945606016e+00,5.497561766554629692e+00,5.752384939618332638e+00,6.007945691796748200e+00,6.263940835138806840e+00,6.520081689223007793e+00,6.776094166181338529e+00,7.031718773822840163e+00,7.286710544127764422e+00,7.540838894343909971e+00,7.793887427796011735e+00,8.045653681328715834e+00,8.295948826055779435e+00,8.544597327793360009e+00,8.791436573224075346e+00,9.036316467480190795e+00,9.279099008457354358e+00,9.519657842782317303e+00,9.757877807965716244e+00,9.993654464879769606e+00,1.022689362431584748e+01,nan,nan,nan,nan,nan,nan,nan,nan,nan,nan,nan,nan,nan,nan,nan,nan,nan,nan,nan,nan,nan,nan,nan,nan,nan,nan,nan,nan,nan,nan,nan,nan,nan,nan,nan,nan
1.980000000000000093e-01,1.490448125241711774e-01,2.149247257675109268e-01,2.924770677416937414e-01,3.814873810966366574e-01,4.817119346913388278e-01,5.928793603995138328e-01,7.146924453783679576e-01,8.468300582858908632e-01,9.889491869216001652e-01,1.140687064162450914e+00,1.301663358863579756e+00,1.471482408577118761e+00,1.649735471487295602e+00,1.836002975835030249e+00,2.029856746272804546e+00,2.230862188008995162e+00,2.438580411225433675e+00,2.652570280036608885e+00,2.872390372157699545e+00,3.097600837416643049e+00,3.327765145240431544e+00,3.562451713228678596e+00,3.801235410863071706e+00,4.043698934259184696e+00,4.289434049621391409e+00,4.538042704691584106e+00,4.789138008972143368e+00,5.042345084841826086e+00,5.297301792863418513e+00,5.553659335601105695e+00,5.811082745124641846e+00,6.069251260080388732e+00,6.327858598762672315e+00,6.586613135031406330e+00,6.845237984203596859e+00,7.103471006208788019e+00,7.361064733353558154e+00,7.617786230000480607e+00,7.873416891344951374e+00,8.127752188281048618e+00,8.380601365097163580e+00,8.631787096444311302e+00,8.881145109685544270e+00,9.128523778372846564e+00,9.373783692217124042e+00,9.616797208524994645e+00,9.857447989679650746e+00,1.009563053084793083e+01,1.033124968170682578e+01,nan,nan,nan,nan,nan,nan,nan,nan,nan,nan,nan,nan,nan,nan,nan,nan,nan,nan,nan,nan,nan,nan,nan,nan,nan,nan,nan,nan,nan,nan,nan,nan,nan,nan,nan,nan
2.000000000000000111e-01,1.505503156809809839e-01,2.170956825934453882e-01,2.954313815572663926e-01,3.853407889865016478e-01,4.865777118094331555e-01,5.988680408075897077e-01,7.219115609882503781e-01,8.553838972584756339e-01,9.989385726480809469e-01,1.152209155719647216e+00,1.314811473599575509e+00,1.486345867249614816e+00,1.666399466148783537e+00,1.854548460439424451e+00,2.050360349770509849e+00,2.253396149504035773e+00,2.463212536591347313e+00,2.679363919228898272e+00,2.901404416320908730e+00,3.128889734764285890e+00,3.361378934586294331e+00,3.598436073968362070e+00,3.839631728144516920e+00,4.084544378039581147e+00,4.332761666284233648e+00,4.583881519890488754e+00,4.837513140375902410e+00,5.093277863476592060e+00,5.350809891781231009e+00,5.609756904647581699e+00,5.869780550630951055e+00,6.130556828364029265e+00,6.391776362386537791e+00,6.653144580839803979e+00,6.914381802225856077e+00,7.175223238594734987e+00,7.435418922579351886e+00,7.694733565657051244e+00,7.952946354893890124e+00,8.209850695233383178e+00,8.465253904138549501e+00,8.718976865095264372e+00,8.970853646147014970e+00,9.220731089265500557e+00,9.468468375976891949e+00,9.713936574267670210e+00,9.957018171393587025e+00,1.019760659681609205e+01,nan,nan,nan,nan,nan,nan,nan,nan,nan,nan,nan,nan,nan,nan,nan,nan,nan,nan,nan,nan,nan,nan,nan,nan,nan,nan,nan,nan,nan,nan,nan,nan,nan,nan,nan,nan,nan
2.103125000000000133e-01,1.583130663332815713e-01,2.282896787271699035e-01,3.106645621688129411e-01,4.052099234186181675e-01,5.116668750746070637e-01,6.297471741617310936e-01,7.591351258517070599e-01,8.994896294608657472e-01,1.050446342800247734e+00,1.211619940311441601e+00,1.382606440207053700e+00,1.562985576029673140e+00,1.752323188622080252e+00,1.950173615430832230e+00,2.156082055305551748e+00,2.369586888462837493e+00,2.590221933009338784e+00,2.817518621314138105e+00,3.051008081537455841e+00,3.290223111713069581e+00,3.534700035900900428e+00,3.783980434032355511e+00,4.037612739126968719e+00,4.295153697532247072e+00,4.556169689702014303e+00,4.820237910759842315e+00,5.086947411676534969e+00,5.355900003312103586e+00,5.626711026826201056e+00,5.899009995043472898e+00,6.172441110272860243e+00,6.446663664826549400e+00,6.721352331072093733e+00,6.996197348289356910e+00,7.270904613903126368e+00,7.545195686834776261e+00,7.818807710774849262e+00,8.091493265136243451e+00,8.363020151318107054e+00,8.633171121706354256e+00,8.901743558570693438e+00,9.168549109701739752e+00,9.433413287276470882e+00,9.696175036055754148e+00,9.956686276613201159e+00,1.021481142887834714e+01,nan,nan,nan,nan,nan,nan,nan,nan,nan,nan,nan,nan,nan,nan,nan,nan,nan,nan,nan,nan,nan,nan,nan,nan,nan,nan,nan,nan,nan,nan,nan,nan,nan,nan,nan,nan,nan,nan,nan
2.206250000000000155e-01,1.660758169855821309e-01,2.394836748608944466e-01,3.258977427803594895e-01,4.250790578507346873e-01,5.367560383397809165e-01,6.606263075158724796e-01,7.963586907151637417e-01,9.435953616632559715e-01,1.101954112952414411e+00,1.271030724903235987e+00,1.450401406814531891e+00,1.639625284809731465e+00,1.838246911095376745e+00,2.045798770422240231e+00,2.261803760840593647e+00,2.485777627421639213e+00,2.717231329427329811e+00,2.955673323399378383e+00,3.200611746754002507e+00,3.451556488661853273e+00,3.708021137215506080e+00,3.969524794096349396e+00,4.235593750109420519e+00,4.505763017024912997e+00,4.779577713119794957e+00,5.056594301629195876e+00,5.336381682977167529e+00,5.618522143147615999e+00,5.902612161871170215e+00,6.188263085439364097e+00,6.475101669914768543e+00,6.762770501289069536e+00,7.050928299757649675e+00,7.339250115738908953e+00,7.627427425580397546e+00,7.915168135074817535e+00,8.202196498970346639e+00,8.488252964615433882e+00,8.773093947742323095e+00,9.056491548179325335e+00,9.338233213002837374e+00,9.618121354308213355e+00,9.895972928405926794e+00,1.017161898284600596e+01,nan,nan,nan,nan,nan,nan,nan,nan,nan,nan,nan,nan,nan,nan,nan,nan,nan,nan,nan,nan,nan,nan,nan,nan,nan,nan,nan,nan,nan,nan,nan,nan,nan,nan,nan,nan,nan,nan,nan,nan,nan
2.309375000000000178e-01,1.738385676378827183e-01,2.506776709946189619e-01,3.411309233919060380e-01,4.449481922828511515e-01,5.618452016049548803e-01,6.915054408700137545e-01,8.335822555786204235e-01,9.877010938656460848e-01,1.153461883104581087e+00,1.330441509495030372e+00,1.518196373422009859e+00,1.716264993589789567e+00,1.924170633568673461e+00,2.141423925413648011e+00,2.367525466375635546e+00,2.601968366380440933e+00,2.844240725845321283e+00,3.093828025484618216e+00,3.350215411970549617e+00,3.612889865610636519e+00,3.881342238530112176e+00,4.155069154160343281e+00,4.433574761091871430e+00,4.716372336517578923e+00,5.002985736537575612e+00,5.292950692498549436e+00,5.585815954277800088e+00,5.881144282983127525e+00,6.178513296916140263e+00,6.477516175835254408e+00,6.777762229556676843e+00,7.078877337751589671e+00,7.380504268443205618e+00,7.682302883188461884e+00,7.983950237257667837e+00,8.285140583314857921e+00,8.585585287165844903e+00,8.885012664094626089e+00,9.183167744166539137e+00,9.479811974652298190e+00,9.774722867434981310e+00,1.006769359891468874e+01,1.035853256953538093e+01,nan,nan,nan,nan,nan,nan,nan,nan,nan,nan,nan,nan,nan,nan,nan,nan,nan,nan,nan,nan,nan,nan,nan,nan,nan,nan,nan,nan,nan,nan,nan,nan,nan,nan,nan,nan,nan,nan,nan,nan,nan,nan
2.412500000000000200e-01,1.816013182901833056e-01,2.618716671283434771e-01,3.563641040034526419e-01,4.648173267149676713e-01,5.869343648701287330e-01,7.223845742241551404e-01,8.708058204420771053e-01,1.031806826068036198e+00,1.204969653256747764e+00,1.389852294086824536e+00,1.585991340029488050e+00,1.792904702369847891e+00,2.010094356041970176e+00,2.237049080405055790e+00,2.473247171910677444e+00,2.718159105339243098e+00,2.971250122263312754e+00,3.231982727569858493e+00,3.499819077187096283e+00,3.774223242559420211e+00,4.054663339844718273e+00,4.340613514224337166e+00,4.631555772074323230e+00,4.926981656010244848e+00,5.226393759955357154e+00,5.529307083367902997e+00,5.835250225578432648e+00,6.143766422818639050e+00,6.454414431961110310e+00,6.766769266231145608e+00,7.080422789198585143e+00,7.394984174214109807e+00,7.710080237128761560e+00,8.025355650638013927e+00,8.340473048934939015e+00,8.655113031554899194e+00,8.968974075361343168e+00,9.281772363573818296e+00,9.593241540590755179e+00,9.903132401125269269e+00,1.021121252186712702e+01,nan,nan,nan,nan,nan,nan,nan,nan,nan,nan,nan,nan,nan,nan,nan,nan,nan,nan,nan,nan,nan,nan,nan,nan,nan,nan,nan,nan,nan,nan,nan,nan,nan,nan,nan,nan,nan,nan,nan,nan,nan,nan,nan,nan
2.515625000000000222e-01,1.893640689424838930e-01,2.730656632620680480e-01,3.715972846149991904e-01,4.846864611470841355e-01,6.120235281353026968e-01,7.532637075782965264e-01,9.080293853055337872e-01,1.075912558270426311e+00,1.256477423408914440e+00,1.449263078678618921e+00,1.653786306636966241e+00,1.869544411149906216e+00,2.096018078515266669e+00,2.332674235396463569e+00,2.578968877445719343e+00,2.834349844298044818e+00,3.098259518681304225e+00,3.370137429655098327e+00,3.649422742403643394e+00,3.935556619508203902e+00,4.227984441159323481e+00,4.526157874288330163e+00,4.829536783056775029e+00,5.137590975502910773e+00,5.449801783373137809e+00,5.765663474237255670e+00,6.084684496879065208e+00,6.406388562654151464e+00,6.730315567006079469e+00,7.056022356627036807e+00,7.383083348840493443e+00,7.711091010676629942e+00,8.039656205814317502e+00,8.368408418087566858e+00,8.696995860612210194e+00,9.025085479794940468e+00,9.352362863556841432e+00,9.678532063053010503e+00,1.000331533701497122e+01,1.032645282759824035e+01,nan,nan,nan,nan,nan,nan,nan,nan,nan,nan,nan,nan,nan,nan,nan,nan,nan,nan,nan,nan,nan,nan,nan,nan,nan,nan,nan,nan,nan,nan,nan,nan,nan,nan,nan,nan,nan,nan,nan,nan,nan,nan,nan,nan,nan
2.618750000000000244e-01,1.971268195947844803e-01,2.842596593957925633e-01,3.868304652265457388e-01,5.045555955792005998e-01,6.371126914004765496e-01,7.841428409324378013e-01,9.452529501689904690e-01,1.120018290472816647e+00,1.307985193561081116e+00,1.508673863270413307e+00,1.721581273244444432e+00,1.946184119929964540e+00,2.181941800988563607e+00,2.428299390387871348e+00,2.684690582980761242e+00,2.950540583256846539e+00,3.225268915099295697e+00,3.508292131740338604e+00,3.799026407620190060e+00,4.096889996456987149e+00,4.401305542473929577e+00,4.711702234352324048e+00,5.027517794039226828e+00,5.348200294995576698e+00,5.673209806790918464e+00,6.002019865106609231e+00,6.334118768179697767e+00,6.669010702489662989e+00,7.006216702051049516e+00,7.345275447022928006e+00,7.685743908482402631e+00,8.027197847139150966e+00,8.369232174499874333e+00,8.711461185537118013e+00,9.053518672289479596e+00,9.395057928034981742e+00,9.735751651752337921e+00,1.007529176253220093e+01,nan,nan,nan,nan,nan,nan,nan,nan,nan,nan,nan,nan,nan,nan,nan,nan,nan,nan,nan,nan,nan,nan,nan,nan,nan,nan,nan,nan,nan,nan,nan,nan,nan,nan,nan,nan,nan,nan,nan,nan,nan,nan,nan,nan,nan,nan,nan
2.721875000000000266e-01,2.048895702470850677e-01,2.954536555295170785e-01,4.020636458380922873e-01,5.244247300113171750e-01,6.622018546656504023e-01,8.150219742865791872e-01,9.824765150324471508e-01,1.164124022675206760e+00,1.359492963713247793e+00,1.568084647862207470e+00,1.789376239851922401e+00,2.022823828710022642e+00,2.267865523461860100e+00,2.523924545379279127e+00,2.790412288515803141e+00,3.066731322215648703e+00,3.352278311517286724e+00,3.646446833825578882e+00,3.948630072836737170e+00,4.258223373405770396e+00,4.574626643788535674e+00,4.897246594416317933e+00,5.225498805021678628e+00,5.558809614488242623e+00,5.896617830208699118e+00,6.238376255975962792e+00,6.583553039480330327e+00,6.931632842325174515e+00,7.282117837096019564e+00,7.634528537418818317e+00,7.988404468124310931e+00,8.343304683601671101e+00,8.698808143185429387e+00,9.054513952986670944e+00,9.410041483966750775e+00,9.765030376275023016e+00,1.011914043994783619e+01,nan,nan,nan,nan,nan,nan,nan,nan,nan,nan,nan,nan,nan,nan,nan,nan,nan,nan,nan,nan,nan,nan,nan,nan,nan,nan,nan,nan,nan,nan,nan,nan,nan,nan,nan,nan,nan,nan,nan,nan,nan,nan,nan,nan,nan,nan,nan,nan
2.825000000000000289e-01,2.126523208993856273e-01,3.066476516632415938e-01,4.172968264496388358e-01,5.442938644434336393e-01,6.872910179308243661e-01,8.459011076407205731e-01,1.019700079895903722e+00,1.208229754877596873e+00,1.411000733865414469e+00,1.627495432454001856e+00,1.857171206459400592e+00,2.099463537490080967e+00,2.353789245935157037e+00,2.619549700370687351e+00,2.896133994050845040e+00,3.182922061174450423e+00,3.479287707935278195e+00,3.784601535910818715e+00,4.098233738053283837e+00,4.419556750354554531e+00,4.747947745103140882e+00,5.082790954480311818e+00,5.423479816004130427e+00,5.769418933980908548e+00,6.120025853626479773e+00,6.474732646845316353e+00,6.832987310780962886e+00,7.194254982160686929e+00,7.558018972140989611e+00,7.923781627814709516e+00,8.291065027766219231e+00,8.659411520064191237e+00,9.028384111870986217e+00,9.397566720436223875e+00,9.766564295644021954e+00,1.013500282451506429e+01,nan,nan,nan,nan,nan,nan,nan,nan,nan,nan,nan,nan,nan,nan,nan,nan,nan,nan,nan,nan,nan,nan,nan,nan,nan,nan,nan,nan,nan,nan,nan,nan,nan,nan,nan,nan,nan,nan,nan,nan,nan,nan,nan,nan,nan,nan,nan,nan,nan
2.928125000000000311e-01,2.204150715516862147e-01,3.178416477969661647e-01,4.325300070611853842e-01,5.641629988755501035e-01,7.123801811959982189e-01,8.767802409948618481e-01,1.056923644759360403e+00,1.252335487079986986e+00,1.462508504017581146e+00,1.686906217045796241e+00,1.924966173066878783e+00,2.176103246270139291e+00,2.439712968408453531e+00,2.715174855362095130e+00,3.001855699585886939e+00,3.299112800133252144e+00,3.606297104353269667e+00,3.922756237996058992e+00,4.247837403269830503e+00,4.580890127303337778e+00,4.921268846417746978e+00,5.268335314544305703e+00,5.621460826986582227e+00,5.980028253473574473e+00,6.343433877044261315e+00,6.711089037714669914e+00,7.082421582081595446e+00,7.456877121996198454e+00,7.833920107185958770e+00,8.213034718210600715e+00,8.593725587408128419e+00,8.975518356526711372e+00,9.357960080556541271e+00,9.740619487885776806e+00,1.012308710732129313e+01,nan,nan,nan,nan,nan,nan,nan,nan,nan,nan,nan,nan,nan,nan,nan,nan,nan,nan,nan,nan,nan,nan,nan,nan,nan,nan,nan,nan,nan,nan,nan,nan,nan,nan,nan,nan,nan,nan,nan,nan,nan,nan,nan,nan,nan,nan,nan,nan,nan,nan
3.031250000000000333e-01,2.281778222039868020e-01,3.290356439306906799e-01,4.477631876727319327e-01,5.840321333076666788e-01,7.374693444611721826e-01,9.076593743490032340e-01,1.094147209622817085e+00,1.296441219282377100e+00,1.514016274169747822e+00,1.746317001637590627e+00,1.992761139674356752e+00,2.252742955050197615e+00,2.525636690881750024e+00,2.810800010353502909e+00,3.107577405120928837e+00,3.415303539092054308e+00,3.733306500771261138e+00,4.060910940081298826e+00,4.397441068486378057e+00,4.742223504252121025e+00,5.094589947732353075e+00,5.453879674608298700e+00,5.819441837969033138e+00,6.190637572966240398e+00,6.566841900462041970e+00,6.947445428584022586e+00,7.331855853382228005e+00,7.719499261831709980e+00,8.109821242230928817e+00,8.502287808606491026e+00,8.896386147050035831e+00,9.291625192989231508e+00,9.687536049242098102e+00,1.008367225533532796e+01,nan,nan,nan,nan,nan,nan,nan,nan,nan,nan,nan,nan,nan,nan,nan,nan,nan,nan,nan,nan,nan,nan,nan,nan,nan,nan,nan,nan,nan,nan,nan,nan,nan,nan,nan,nan,nan,nan,nan,nan,nan,nan,nan,nan,nan,nan,nan,nan,nan,nan,nan
3.134375000000000355e-01,2.359405728562873894e-01,3.402296400644151952e-01,4.629963682842784811e-01,6.039012677397831430e-01,7.625585077263460354e-01,9.385385077031446199e-01,1.131370774486273767e+00,1.340546951484767435e+00,1.565524044321914499e+00,1.805727786229384790e+00,2.060556106281834943e+00,2.329382663830255940e+00,2.611560413355046961e+00,2.906425165344910688e+00,3.213299110655970736e+00,3.531494278050856028e+00,3.860315897189252166e+00,4.199065642166538659e+00,4.547044733702924724e+00,4.903556881200905160e+00,5.267911049046959171e+00,5.639424034672292585e+00,6.017422848951484937e+00,6.401246892458906323e+00,6.790249923879822624e+00,7.183801819453376147e+00,7.581290124682860565e+00,7.982121401667222393e+00,8.385722377275898864e+00,8.791540899002383114e+00,9.199046706691945019e+00,9.607732029451751643e+00,1.001711201792765316e+01,nan,nan,nan,nan,nan,nan,nan,nan,nan,nan,nan,nan,nan,nan,nan,nan,nan,nan,nan,nan,nan,nan,nan,nan,nan,nan,nan,nan,nan,nan,nan,nan,nan,nan,nan,nan,nan,nan,nan,nan,nan,nan,nan,nan,nan,nan,nan,nan,nan,nan,nan,nan
3.237499999999999822e-01,2.437033235085879213e-01,3.514236361981396550e-01,4.782295488958249741e-01,6.237704021718994962e-01,7.876476709915197771e-01,9.694176410572857838e-01,1.168594339349730227e+00,1.384652683687157326e+00,1.617031814474080953e+00,1.865138570821178954e+00,2.128351072889312690e+00,2.406022372610313820e+00,2.697484135828343010e+00,3.002050320336318023e+00,3.319020816191012191e+00,3.647685017009657304e+00,3.987325293607243193e+00,4.337220344251778492e+00,4.696648398919470502e+00,5.064890258149687519e+00,5.441232150361563491e+00,5.824968394736285582e+00,6.215403859933935848e+00,6.611856211951570472e+00,7.013657947297602391e+00,7.420158210322728820e+00,7.830724395983491348e+00,8.244743541502732143e+00,8.661623512320867135e+00,9.080793989398271648e+00,9.501707266333852431e+00,9.923838865914270002e+00,1.034668798661320821e+01,nan,nan,nan,nan,nan,nan,nan,nan,nan,nan,nan,nan,nan,nan,nan,nan,nan,nan,nan,nan,nan,nan,nan,nan,nan,nan,nan,nan,nan,nan,nan,nan,nan,nan,nan,nan,nan,nan,nan,nan,nan,nan,nan,nan,nan,nan,nan,nan,nan,nan,nan,nan
3.340625000000000400e-01,2.514660741608885641e-01,3.626176323318642813e-01,4.934627295073715780e-01,6.436395366040160715e-01,8.127368342566938519e-01,1.000296774411427281e+00,1.205817904213187131e+00,1.428758415889547662e+00,1.668539584626247851e+00,1.924549355412973561e+00,2.196146039496791325e+00,2.482662081390372588e+00,2.783407858301639948e+00,3.097675475327726247e+00,3.424742521726054534e+00,3.763875755968459469e+00,4.114334690025234664e+00,4.475375046337019214e+00,4.846252064136018056e+00,5.226223635098471654e+00,5.614553251676170476e+00,6.010512754800280355e+00,6.413384870916388536e+00,6.822465531444238174e+00,7.237065970715383934e+00,7.656514601192083269e+00,8.080158667284125684e+00,8.507365681338246333e+00,8.937524647365837183e+00,9.370047079794163736e+00,9.804367825975761619e+00,1.023994570237679191e+01,nan,nan,nan,nan,nan,nan,nan,nan,nan,nan,nan,nan,nan,nan,nan,nan,nan,nan,nan,nan,nan,nan,nan,nan,nan,nan,nan,nan,nan,nan,nan,nan,nan,nan,nan,nan,nan,nan,nan,nan,nan,nan,nan,nan,nan,nan,nan,nan,nan,nan,nan,nan,nan
3.443749999999999867e-01,2.592288248131890960e-01,3.738116284655887411e-01,5.086959101189180155e-01,6.635086710361325357e-01,8.378259975218675937e-01,1.031175907765568445e+00,1.243041469076643590e+00,1.472864148091937553e+00,1.720047354778414306e+00,1.983960140004767503e+00,2.263941006104269071e+00,2.559301790170430468e+00,2.869331580774936441e+00,3.193300630319133582e+00,3.530464227261095989e+00,3.880066494927260745e+00,4.241344086443225692e+00,4.613529748422258159e+00,4.995855729352564722e+00,5.387557012047254901e+00,5.787874352990775684e+00,6.196057114864272464e+00,6.611365881898839447e+00,7.033074850936902322e+00,7.460473994133163700e+00,7.892870992061435054e+00,8.329592938584756467e+00,8.769987821173755194e+00,9.213425782410805454e+00,9.659300170190054047e+00,1.010702838561766903e+01,nan,nan,nan,nan,nan,nan,nan,nan,nan,nan,nan,nan,nan,nan,nan,nan,nan,nan,nan,nan,nan,nan,nan,nan,nan,nan,nan,nan,nan,nan,nan,nan,nan,nan,nan,nan,nan,nan,nan,nan,nan,nan,nan,nan,nan,nan,nan,nan,nan,nan,nan,nan,nan,nan
3.546875000000000444e-01,2.669915754654897388e-01,3.850056245993133119e-01,5.239290907304646749e-01,6.833778054682491110e-01,8.629151607870416685e-01,1.062055041119710053e+00,1.280265033940100494e+00,1.516969880294327888e+00,1.771555124930581204e+00,2.043370924596562332e+00,2.331735972711747706e+00,2.635941498950488793e+00,2.955255303248233378e+00,3.288925785310542249e+00,3.636185932796138331e+00,3.996257233886063354e+00,4.368353482861217607e+00,4.751684450507498880e+00,5.145459394569112277e+00,5.548890388996039036e+00,5.961195454305381780e+00,6.381601474928267237e+00,6.809346892881292135e+00,7.243684170429570024e+00,7.683882017550946131e+00,8.129227382930789503e+00,8.579027209885390803e+00,9.032609961009269384e+00,9.489326917455777277e+00,9.948553260585946134e+00,nan,nan,nan,nan,nan,nan,nan,nan,nan,nan,nan,nan,nan,nan,nan,nan,nan,nan,nan,nan,nan,nan,nan,nan,nan,nan,nan,nan,nan,nan,nan,nan,nan,nan,nan,nan,nan,nan,nan,nan,nan,nan,nan,nan,nan,nan,nan,nan,nan,nan,nan,nan,nan,nan,nan
3.649999999999999911e-01,2.747543261177902707e-01,3.961996207330377717e-01,5.391622713420111124e-01,7.032469399003654642e-01,8.880043240522154102e-01,1.092934174473851217e+00,1.317488598803556954e+00,1.561075612496717779e+00,1.823062895082747659e+00,2.102781709188356274e+00,2.399530939319225453e+00,2.712581207730546673e+00,3.041179025721529872e+00,3.384550940301949140e+00,3.741907638331179786e+00,4.112447972844864630e+00,4.495362879279208634e+00,4.889839152592738714e+00,5.295063059785658055e+00,5.710223765944821395e+00,6.134516555619986988e+00,6.567145834992260234e+00,7.007327903863742158e+00,7.454293489922234173e+00,7.907290040968725897e+00,8.365583773800141287e+00,8.828461481186021587e+00,9.295232100844780021e+00,9.765228052500745548e+00,1.023780635098183645e+01,nan,nan,nan,nan,nan,nan,nan,nan,nan,nan,nan,nan,nan,nan,nan,nan,nan,nan,nan,nan,nan,nan,nan,nan,nan,nan,nan,nan,nan,nan,nan,nan,nan,nan,nan,nan,nan,nan,nan,nan,nan,nan,nan,nan,nan,nan,nan,nan,nan,nan,nan,nan,nan,nan,nan
3.753125000000000488e-01,2.825170767700908581e-01,4.073936168667623980e-01,5.543954519535577719e-01,7.231160743324821505e-01,9.130934873173894850e-01,1.123813307827992602e+00,1.354712163667013858e+00,1.605181344699108337e+00,1.874570665234914557e+00,2.162192493780150659e+00,2.467325905926703644e+00,2.789220916510605441e+00,3.127102748194826809e+00,3.480176095293357807e+00,3.847629343866222573e+00,4.228638711803666794e+00,4.622372275697200550e+00,5.027993854677979435e+00,5.444666725002205609e+00,5.871557142893606418e+00,6.307837656934593973e+00,6.752690195056255007e+00,7.205308914846195734e+00,7.664902809414901874e+00,8.130698064386507440e+00,8.601940164669496625e+00,9.077895752486655923e+00,9.557854240680292435e+00,1.004112918754571737e+01,nan,nan,nan,nan,nan,nan,nan,nan,nan,nan,nan,nan,nan,nan,nan,nan,nan,nan,nan,nan,nan,nan,nan,nan,nan,nan,nan,nan,nan,nan,nan,nan,nan,nan,nan,nan,nan,nan,nan,nan,nan,nan,nan,nan,nan,nan,nan,nan,nan,nan,nan,nan,nan,nan,nan,nan
3.856249999999999956e-01,2.902798274223914454e-01,4.185876130004868578e-01,5.696286325651042093e-01,7.429852087645985037e-01,9.381826505825632267e-01,1.154692441182133988e+00,1.391935728530470318e+00,1.649287076901498228e+00,1.926078435387081011e+00,2.221603278371945045e+00,2.535120872534181391e+00,2.865860625290663322e+00,3.213026470668122858e+00,3.575801250284765143e+00,3.953351049401263584e+00,4.344829450762468070e+00,4.749381672115191577e+00,5.166148556763218380e+00,5.594270390218752276e+00,6.032890519842388777e+00,6.481158758249199181e+00,6.938234555120248004e+00,7.403289925828645757e+00,7.875512128907566023e+00,8.354106087804286318e+00,8.838296555538848409e+00,9.327330023787286706e+00,9.820476380515803072e+00,1.031703032259068564e+01,nan,nan,nan,nan,nan,nan,nan,nan,nan,nan,nan,nan,nan,nan,nan,nan,nan,nan,nan,nan,nan,nan,nan,nan,nan,nan,nan,nan,nan,nan,nan,nan,nan,nan,nan,nan,nan,nan,nan,nan,nan,nan,nan,nan,nan,nan,nan,nan,nan,nan,nan,nan,nan,nan,nan,nan
3.959375000000000533e-01,2.980425780746920328e-01,4.297816091342114286e-01,5.848618131766508688e-01,7.628543431967150790e-01,9.632718138477373016e-01,1.185571574536275374e+00,1.429159293393927221e+00,1.693392809103888563e+00,1.977586205539247910e+00,2.281014062963739431e+00,2.602915839141660026e+00,2.942500334070722090e+00,3.298950193141420240e+00,3.671426405276173366e+00,4.059072754936305927e+00,4.461020189721271123e+00,4.876391068533183493e+00,5.304303258848459990e+00,5.743874055435299830e+00,6.194223896791172912e+00,6.654479859563805277e+00,7.123778915184241889e+00,7.601270936811098444e+00,8.086121448400232836e+00,8.577514111222068749e+00,9.074652946408203746e+00,9.576764295087921042e+00,1.008309852035131726e+01,nan,nan,nan,nan,nan,nan,nan,nan,nan,nan,nan,nan,nan,nan,nan,nan,nan,nan,nan,nan,nan,nan,nan,nan,nan,nan,nan,nan,nan,nan,nan,nan,nan,nan,nan,nan,nan,nan,nan,nan,nan,nan,nan,nan,nan,nan,nan,nan,nan,nan,nan,nan,nan,nan,nan,nan,nan
4.062500000000000000e-01,3.058053287269925646e-01,4.409756052679358884e-01,6.000949937881973062e-01,7.827234776288314322e-01,9.883609771129110433e-01,1.216450707890416538e+00,1.466382858257383681e+00,1.737498541306278454e+00,2.029093975691414364e+00,2.340424847555533372e+00,2.670710805749137773e+00,3.019140042850779970e+00,3.384873915614716289e+00,3.767051560267580701e+00,4.164794460471347826e+00,4.577210928680072399e+00,5.003400464951173632e+00,5.442457960933698935e+00,5.893477720651845608e+00,6.355557273739956159e+00,6.827800960878410486e+00,7.309323275248234886e+00,7.799251947793549355e+00,8.296730767892897873e+00,8.800922134639849403e+00,9.311009337277555531e+00,9.826198566388551825e+00,1.034572066018682612e+01,nan,nan,nan,nan,nan,nan,nan,nan,nan,nan,nan,nan,nan,nan,nan,nan,nan,nan,nan,nan,nan,nan,nan,nan,nan,nan,nan,nan,nan,nan,nan,nan,nan,nan,nan,nan,nan,nan,nan,nan,nan,nan,nan,nan,nan,nan,nan,nan,nan,nan,nan,nan,nan,nan,nan,nan,nan
4.165625000000000577e-01,3.135680793792932075e-01,4.521696014016605147e-01,6.153281743997439657e-01,8.025926120609481185e-01,1.013450140378085118e+00,1.247329841244558146e+00,1.503606423120840363e+00,1.781604273508668790e+00,2.080601745843581263e+00,2.399835632147328202e+00,2.738505772356616408e+00,3.095779751630838739e+00,3.470797638088013670e+00,3.862676715258988924e+00,4.270516166006389724e+00,4.693401667638874564e+00,5.130409861369165547e+00,5.580612663018939656e+00,6.043081385868393163e+00,6.516890650688740294e+00,7.001122062193017470e+00,7.494867635312229659e+00,7.997232958776002043e+00,8.507340087385564686e+00,9.024330158057630058e+00,9.547365728146910868e+00,1.007563283768918616e+01,nan,nan,nan,nan,nan,nan,nan,nan,nan,nan,nan,nan,nan,nan,nan,nan,nan,nan,nan,nan,nan,nan,nan,nan,nan,nan,nan,nan,nan,nan,nan,nan,nan,nan,nan,nan,nan,nan,nan,nan,nan,nan,nan,nan,nan,nan,nan,nan,nan,nan,nan,nan,nan,nan,nan,nan,nan,nan
4.268750000000000044e-01,3.213308300315937394e-01,4.633635975353849745e-01,6.305613550112905141e-01,8.224617464930644717e-01,1.038539303643258860e+00,1.278208974598699310e+00,1.540829987984296823e+00,1.825710005711058903e+00,2.132109515995747717e+00,2.459246416739122143e+00,2.806300738964094155e+00,3.172419460410896619e+00,3.556721360561309719e+00,3.958301870250396259e+00,4.376237871541431623e+00,4.809592406597675840e+00,5.257419257787156575e+00,5.718767365104179490e+00,6.192685051084939829e+00,6.678224027637522653e+00,7.174443163507621790e+00,7.680411995376222656e+00,8.195213969758452066e+00,8.717949406878229723e+00,9.247738181475410713e+00,9.783722119016262653e+00,1.032506710898981694e+01,nan,nan,nan,nan,nan,nan,nan,nan,nan,nan,nan,nan,nan,nan,nan,nan,nan,nan,nan,nan,nan,nan,nan,nan,nan,nan,nan,nan,nan,nan,nan,nan,nan,nan,nan,nan,nan,nan,nan,nan,nan,nan,nan,nan,nan,nan,nan,nan,nan,nan,nan,nan,nan,nan,nan,nan,nan,nan
4.371875000000000622e-01,3.290935806838943822e-01,4.745575936691095453e-01,6.457945356228370626e-01,8.423308809251810469e-01,1.063628466908432824e+00,1.309088107952840918e+00,1.578053552847753727e+00,1.869815737913449238e+00,2.183617286147914616e+00,2.518657201330916973e+00,2.874095705571572346e+00,3.249059169190955387e+00,3.642645083034606657e+00,4.053927025241804927e+00,4.481959577076473522e+00,4.925783145556478004e+00,5.384428654205148490e+00,5.856922067189420211e+00,6.342288716301487383e+00,6.839557404586306788e+00,7.347764264822228775e+00,7.865956355440217429e+00,8.393194980740904754e+00,8.928558726370896537e+00,9.471146204893193143e+00,1.002007850988561621e+01,nan,nan,nan,nan,nan,nan,nan,nan,nan,nan,nan,nan,nan,nan,nan,nan,nan,nan,nan,nan,nan,nan,nan,nan,nan,nan,nan,nan,nan,nan,nan,nan,nan,nan,nan,nan,nan,nan,nan,nan,nan,nan,nan,nan,nan,nan,nan,nan,nan,nan,nan,nan,nan,nan,nan,nan,nan,nan,nan
4.475000000000000089e-01,3.368563313361949141e-01,4.857515898028340051e-01,6.610277162343836110e-01,8.622000153572975112e-01,1.088717630173606565e+00,1.339967241306982082e+00,1.615277117711210186e+00,1.913921470115839130e+00,2.235125056300081070e+00,2.578067985922710914e+00,2.941890672179050092e+00,3.325698877971013268e+00,3.728568805507903150e+00,4.149552180233212262e+00,4.587681282611515421e+00,5.041973884515279281e+00,5.511438050623139517e+00,5.995076769274659156e+00,6.491892381518033162e+00,7.000890781535090035e+00,7.521085366136833983e+00,8.051500715504209538e+00,8.591175991723355665e+00,9.139168045863561574e+00,9.694554228310972022e+00,1.025643490075496977e+01,nan,nan,nan,nan,nan,nan,nan,nan,nan,nan,nan,nan,nan,nan,nan,nan,nan,nan,nan,nan,nan,nan,nan,nan,nan,nan,nan,nan,nan,nan,nan,nan,nan,nan,nan,nan,nan,nan,nan,nan,nan,nan,nan,nan,nan,nan,nan,nan,nan,nan,nan,nan,nan,nan,nan,nan,nan,nan,nan
4.578125000000000111e-01,3.446190819884955014e-01,4.969455859365585759e-01,6.762608968459301595e-01,8.820691497894139754e-01,1.113806793438780529e+00,1.370846374661123246e+00,1.652500682574666868e+00,1.958027202318229243e+00,2.286632826452247969e+00,2.637478770514505300e+00,3.009685638786528283e+00,3.402338586751071148e+00,3.814492527981199643e+00,4.245177335224619597e+00,4.693402988146557320e+00,5.158164623474081445e+00,5.638447447041130545e+00,6.133231471359898990e+00,6.641496046734579828e+00,7.162224158483873282e+00,7.694406467451439191e+00,8.237045075568204311e+00,8.789157002705808353e+00,9.349777365356228387e+00,9.917962251728752676e+00,nan,nan,nan,nan,nan,nan,nan,nan,nan,nan,nan,nan,nan,nan,nan,nan,nan,nan,nan,nan,nan,nan,nan,nan,nan,nan,nan,nan,nan,nan,nan,nan,nan,nan,nan,nan,nan,nan,nan,nan,nan,nan,nan,nan,nan,nan,nan,nan,nan,nan,nan,nan,nan,nan,nan,nan,nan,nan,nan,nan
4.681250000000000133e-01,3.523818326407960888e-01,5.081395820702830912e-01,6.914940774574767079e-01,9.019382842215304397e-01,1.138895956703954493e+00,1.401725508015264632e+00,1.689724247438123550e+00,2.002132934520619578e+00,2.338140596604414423e+00,2.696889555106299241e+00,3.077480605394006474e+00,3.478978295531129472e+00,3.900416250454496137e+00,4.340802490216027820e+00,4.799124693681599219e+00,5.274355362432882721e+00,5.765456843459122460e+00,6.271386173445139711e+00,6.791099711951127382e+00,7.323557535432656529e+00,7.867727568766045287e+00,8.422589435632197308e+00,8.987138013688259264e+00,9.560386684848893424e+00,1.014137027514653333e+01,nan,nan,nan,nan,nan,nan,nan,nan,nan,nan,nan,nan,nan,nan,nan,nan,nan,nan,nan,nan,nan,nan,nan,nan,nan,nan,nan,nan,nan,nan,nan,nan,nan,nan,nan,nan,nan,nan,nan,nan,nan,nan,nan,nan,nan,nan,nan,nan,nan,nan,nan,nan,nan,nan,nan,nan,nan,nan,nan,nan
4.784375000000000155e-01,3.601445832930966762e-01,5.193335782040076065e-01,7.067272580690232564e-01,9.218074186536469039e-01,1.163985119969128235e+00,1.432604641369406018e+00,1.726947812301580232e+00,2.046238666723009469e+00,2.389648366756581321e+00,2.756300339698093627e+00,3.145275572001484665e+00,3.555618004311187796e+00,3.986339972927793074e+00,4.436427645207435155e+00,4.904846399216641117e+00,5.390546101391684886e+00,5.892466239877113487e+00,6.409540875530379545e+00,6.940703377167674049e+00,7.484890912381440664e+00,8.041048670080650496e+00,8.608133795696190305e+00,9.185119024670710175e+00,9.770996004341560237e+00,1.036477829856431399e+01,nan,nan,nan,nan,nan,nan,nan,nan,nan,nan,nan,nan,nan,nan,nan,nan,nan,nan,nan,nan,nan,nan,nan,nan,nan,nan,nan,nan,nan,nan,nan,nan,nan,nan,nan,nan,nan,nan,nan,nan,nan,nan,nan,nan,nan,nan,nan,nan,nan,nan,nan,nan,nan,nan,nan,nan,nan,nan,nan,nan
4.887500000000000178e-01,3.679073339453972635e-01,5.305275743377321218e-01,7.219604386805698049e-01,9.416765530857634792e-01,1.189074283234302198e+00,1.463483774723547404e+00,1.764171377165036914e+00,2.090344398925399805e+00,2.441156136908747776e+00,2.815711124289888012e+00,3.213070538608962856e+00,3.632257713091246121e+00,4.072263695401090011e+00,4.532052800198843379e+00,5.010568104751683016e+00,5.506736840350487050e+00,6.019475636295104515e+00,6.547695577615619378e+00,7.090307042384220715e+00,7.646224289330223911e+00,8.214369771395256592e+00,8.793678155760185078e+00,9.383100035653162863e+00,9.981605323834225274e+00,nan,nan,nan,nan,nan,nan,nan,nan,nan,nan,nan,nan,nan,nan,nan,nan,nan,nan,nan,nan,nan,nan,nan,nan,nan,nan,nan,nan,nan,nan,nan,nan,nan,nan,nan,nan,nan,nan,nan,nan,nan,nan,nan,nan,nan,nan,nan,nan,nan,nan,nan,nan,nan,nan,nan,nan,nan,nan,nan,nan,nan
4.990625000000000200e-01,3.756700845976978509e-01,5.417215704714566371e-01,7.371936192921163533e-01,9.615456875178799434e-01,1.214163446499476162e+00,1.494362908077688790e+00,1.801394942028493595e+00,2.134450131127789696e+00,2.492663907060914674e+00,2.875121908881682398e+00,3.280865505216441047e+00,3.708897421871304445e+00,4.158187417874386504e+00,4.627677955190251602e+00,5.116289810286724915e+00,5.622927579309288326e+00,6.146485032713096430e+00,6.685850279700860099e+00,7.239910707600767381e+00,7.807557666279007158e+00,8.387690872709862688e+00,8.979222515824178075e+00,9.581081046635613774e+00,1.019221464332689209e+01,nan,nan,nan,nan,nan,nan,nan,nan,nan,nan,nan,nan,nan,nan,nan,nan,nan,nan,nan,nan,nan,nan,nan,nan,nan,nan,nan,nan,nan,nan,nan,nan,nan,nan,nan,nan,nan,nan,nan,nan,nan,nan,nan,nan,nan,nan,nan,nan,nan,nan,nan,nan,nan,nan,nan,nan,nan,nan,nan,nan,nan
5.093750000000000222e-01,3.834328352499984383e-01,5.529155666051811524e-01,7.524267999036629018e-01,9.814148219499964076e-01,1.239252609764650126e+00,1.525242041431830176e+00,1.838618506891950277e+00,2.178555863330180031e+00,2.544171677213081129e+00,2.934532693473476783e+00,3.348660471823919238e+00,3.785537130651362769e+00,4.244111140347682998e+00,4.723303110181658937e+00,5.222011515821766814e+00,5.739118318268090491e+00,6.273494429131087458e+00,6.824004981786099933e+00,7.389514372817314936e+00,7.968891043227791293e+00,8.561011974024468785e+00,9.164766875888171072e+00,9.779062057618066461e+00,nan,nan,nan,nan,nan,nan,nan,nan,nan,nan,nan,nan,nan,nan,nan,nan,nan,nan,nan,nan,nan,nan,nan,nan,nan,nan,nan,nan,nan,nan,nan,nan,nan,nan,nan,nan,nan,nan,nan,nan,nan,nan,nan,nan,nan,nan,nan,nan,nan,nan,nan,nan,nan,nan,nan,nan,nan,nan,nan,nan,nan,nan
5.196875000000000799e-01,3.911955859022990256e-01,5.641095627389057787e-01,7.676599805152095612e-01,1.001283956382112983e+00,1.264341773029824090e+00,1.556121174785971562e+00,1.875842071755407181e+00,2.222661595532570367e+00,2.595679447365248027e+00,2.993943478065271169e+00,3.416455438431397429e+00,3.862176839431421538e+00,4.330034862820980379e+00,4.818928265173067160e+00,5.327733221356809601e+00,5.855309057226892655e+00,6.400503825549079373e+00,6.962159683871340654e+00,7.539118038033862490e+00,8.130224420176574540e+00,8.734333075339074881e+00,9.350311235952165845e+00,9.977043068600519149e+00,nan,nan,nan,nan,nan,nan,nan,nan,nan,nan,nan,nan,nan,nan,nan,nan,nan,nan,nan,nan,nan,nan,nan,nan,nan,nan,nan,nan,nan,nan,nan,nan,nan,nan,nan,nan,nan,nan,nan,nan,nan,nan,nan,nan,nan,nan,nan,nan,nan,nan,nan,nan,nan,nan,nan,nan,nan,nan,nan,nan,nan,nan
5.300000000000000266e-01,3.989583365545996130e-01,5.753035588726302940e-01,7.828931611267559987e-01,1.021153090814229447e+00,1.289430936294997831e+00,1.587000308140112725e+00,1.913065636618863641e+00,2.266767327734960258e+00,2.647187217517414481e+00,3.053354262657065554e+00,3.484250405038875176e+00,3.938816548211479418e+00,4.415958585294275984e+00,4.914553420164474495e+00,5.433454926891850612e+00,5.971499796185693931e+00,6.527513221967070400e+00,7.100314385956579599e+00,7.688721703250408268e+00,8.291557797125358675e+00,8.907654176653680977e+00,9.535855596016158842e+00,1.017502407958297006e+01,nan,nan,nan,nan,nan,nan,nan,nan,nan,nan,nan,nan,nan,nan,nan,nan,nan,nan,nan,nan,nan,nan,nan,nan,nan,nan,nan,nan,nan,nan,nan,nan,nan,nan,nan,nan,nan,nan,nan,nan,nan,nan,nan,nan,nan,nan,nan,nan,nan,nan,nan,nan,nan,nan,nan,nan,nan,nan,nan,nan,nan,nan
