0.000000000000000000e+00,5.000000000000000000e-01,6.011904761904761640e-01,7.023809523809523281e-01,8.035714285714286031e-01,9.047619047619047672e-01,1.005952380952380931e+00,1.107142857142857206e+00,1.208333333333333481e+00,1.309523809523809534e+00,1.410714285714285587e+00,1.511904761904761862e+00,1.613095238095238138e+00,1.714285714285714413e+00,1.815476190476190466e+00,1.916666666666666741e+00,2.017857142857142794e+00,2.119047619047619069e+00,2.220238095238095344e+00,2.321428571428571175e+00,2.422619047619047450e+00,2.523809523809523725e+00,2.625000000000000000e+00,2.726190476190476275e+00,2.827380952380952550e+00,2.928571428571428825e+00,3.029761904761904656e+00,3.130952380952380931e+00,3.232142857142857206e+00,3.333333333333333481e+00,3.434523809523809756e+00,3.535714285714285587e+00,3.636904761904761862e+00,3.738095238095238138e+00,3.839285714285714413e+00,3.940476190476190688e+00,4.041666666666666075e+00,4.142857142857142350e+00,4.244047619047618625e+00,4.345238095238094900e+00,4.446428571428571175e+00,4.547619047619047450e+00,4.648809523809523725e+00,4.750000000000000000e+00,4.851190476190476275e+00,4.952380952380952550e+00,5.053571428571428825e+00,5.154761904761905100e+00,5.255952380952381375e+00,5.357142857142857650e+00,5.458333333333333037e+00,5.559523809523809312e+00,5.660714285714285587e+00,5.761904761904761862e+00,5.863095238095238138e+00,5.964285714285714413e+00,6.065476190476190688e+00,6.166666666666666963e+00,6.267857142857143238e+00,6.369047619047619513e+00,6.470238095238094900e+00,6.571428571428571175e+00,6.672619047619047450e+00,6.773809523809523725e+00,6.875000000000000000e+00,6.976190476190476275e+00,7.077380952380952550e+00,7.178571428571428825e+00,7.279761904761905100e+00,7.380952380952381375e+00,7.482142857142857650e+00,7.583333333333333037e+00,7.684523809523809312e+00,7.785714285714285587e+00,7.886904761904761862e+00,7.988095238095238138e+00,8.089285714285715301e+00,8.190476190476189799e+00,8.291666666666667851e+00,8.392857142857142350e+00,8.494047619047620401e+00,8.595238095238094900e+00,8.696428571428571175e+00,8.797619047619047450e+00,8.898809523809523725e+00,9.000000000000000000e+00
0.000000000000000000e+00,0.000000000000000000e+00,0.000000000000000000e+00,0.000000000000000000e+00,0.000000000000000000e+00,0.000000000000000000e+00,0.000000000000000000e+00,0.000000000000000000e+00,0.000000000000000000e+00,0.000000000000000000e+00,0.000000000000000000e+00,0.000000000000000000e+00,0.000000000000000000e+00,0.000000000000000000e+00,0.000000000000000000e+00,0.000000000000000000e+00,0.000000000000000000e+00,0.000000000000000000e+00,0.000000000000000000e+00,0.000000000000000000e+00,0.000000000000000000e+00,0.000000000000000000e+00,0.000000000000000000e+00,0.000000000000000000e+00,0.000000000000000000e+00,0.000000000000000000e+00,0.000000000000000000e+00,0.000000000000000000e+00,0.000000000000000000e+00,0.000000000000000000e+00,0.000000000000000000e+00,0.000000000000000000e+00,0.000000000000000000e+00,0.000000000000000000e+00,0.000000000000000000e+00,0.000000000000000000e+00,0.000000000000000000e+00,0.000000000000000000e+00,0.000000000000000000e+00,0.000000000000000000e+00,0.000000000000000000e+00,0.000000000000000000e+00,0.000000000000000000e+00,0.000000000000000000e+00,0.000000000000000000e+00,0.000000000000000000e+00,0.000000000000000000e+00,0.000000000000000000e+00,0.000000000000000000e+00,0.000000000000000000e+00,0.000000000000000000e+00,0.000000000000000000e+00,0.000000000000000000e+00,0.000000000000000000e+00,0.000000000000000000e+00,0.000000000000000000e+00,0.000000000000000000e+00,0.000000000000000000e+00,0.000000000000000000e+00,0.000000000000000000e+00,0.000000000000000000e+00,0.000000000000000000e+00,0.000000000000000000e+00,0.000000000000000000e+00,0.000000000000000000e+00,0.000000000000000000e+00,0.000000000000000000e+00,0.000000000000000000e+00,0.000000000000000000e+00,0.000000000000000000e+00,0.000000000000000000e+00,0.000000000000000000e+00,0.000000000000000000e+00,0.000000000000000000e+00,0.000000000000000000e+00,0.000000000000000000e+00,0.000000000000000000e+00,0.000000000000000000e+00,0.000000000000000000e+00,0.000000000000000000e+00,0.000000000000000000e+00,0.000000000000000000e+00,0.000000000000000000e+00,0.000000000000000000e+00,0.000000000000000000e+00,0.000000000000000000e+00
2.000000000000000042e-03,1.505408435092742614e-03,2.170759866623235383e-03,2.953949084152891671e-03,3.852787401597780950e-03,4.864787814331827422e-03,5.987181872235143761e-03,7.216938148173710280e-03,8.550782078052526075e-03,9.985216938246985197e-03,1.151654572015109977e-02,1.314089365971728325e-02,1.485423118203060659e-02,1.665239702690046383e-02,1.853112133082778640e-02,2.048604845311811223e-02,2.251275934891586519e-02,2.460679330906088286e-02,2.676366890542692875e-02,2.897890400031056732e-02,3.124803469902523098e-02,3.356663314567771839e-02,3.593032408275424056e-02,3.833480011525539077e-02,4.077583563937915018e-02,4.324929941389226568e-02,4.575116576914122629e-02,4.827752446397374358e-02,5.082458921455944301e-02,5.338870493114946519e-02,5.596635370917635993e-02,5.855415962978294253e-02,6.114889243192800361e-02,6.374747012372107557e-02,6.634696060468291134e-02,6.894458237332201644e-02,7.153770439588387486e-02,7.412384521249530678e-02,7.670067135632453736e-02,7.926599515993922040e-02,8.181777202089647594e-02,8.435409719586635380e-02,8.687320218938626715e-02,8.937345079977755680e-02,9.185333488092353726e-02,9.431146987459995690e-02,9.674659016394086819e-02,9.915754429448468688e-02,1.015432901051344927e-01,1.039028898073327128e-01,1.062355050468341833e-01,1.085403919786959298e-01,1.108168963825119230e-01,1.130644488415258192e-01,1.152825600060676386e-01,1.174708159587891099e-01,1.196288736964212368e-01,1.217564567402473902e-01,1.238533508851705905e-01,1.259194000951532888e-01,1.279545025509102318e-01,1.299586068540335981e-01,1.319317083902147025e-01,1.338738458528849484e-01,1.357850979274220493e-01,1.376655801350422093e-01,1.395154418346132574e-01,1.413348633798690579e-01,1.431240534288656663e-01,1.448832464019892408e-01,1.466127000843903405e-01,1.483126933683710513e-01,1.499835241309812883e-01,1.516255072418775940e-01,1.532389726963585552e-01,1.548242638684012573e-01,1.563817358784845013e-01,1.579117540709817358e-01,1.594146925959419869e-01,1.608909330901395207e-01,1.623408634523620664e-01,1.637648767080148449e-01,1.651633699582450987e-01,1.665367434089291554e-01,1.678853994750149070e-01,1.692097419558707683e-01
4.000000000000000083e-03,3.010816870185485227e-03,4.341519733246470766e-03,5.907898168305783342e-03,7.705574803195561900e-03,9.729575628663654843e-03,1.197436374447028752e-02,1.443387629634742056e-02,1.710156415610505215e-02,1.997043387649397039e-02,2.303309144030219954e-02,2.628178731943456650e-02,2.970846236406121318e-02,3.330479405380092767e-02,3.706224266165557280e-02,4.097209690623622447e-02,4.502551869783173039e-02,4.921358661812176571e-02,5.352733781085385750e-02,5.795780800062113464e-02,6.249606939805046196e-02,6.713326629135543677e-02,7.186064816550848111e-02,7.666960023051078155e-02,8.155167127875830035e-02,8.649859882778453135e-02,9.150233153828245258e-02,9.655504892794748717e-02,1.016491784291188860e-01,1.067774098622989304e-01,1.119327074183527199e-01,1.171083192595658851e-01,1.222977848638560072e-01,1.274949402474421511e-01,1.326939212093658227e-01,1.378891647466440329e-01,1.430754087917677497e-01,1.482476904249906136e-01,1.534013427126490747e-01,1.585319903198784408e-01,1.636355440417929519e-01,1.687081943917327076e-01,1.737464043787725343e-01,1.787469015995551136e-01,1.837066697618470745e-01,1.886229397491999138e-01,1.934931803278817364e-01,1.983150885889693738e-01,2.030865802102689854e-01,2.078057796146654257e-01,2.124710100936683665e-01,2.170807839573918596e-01,2.216337927650238460e-01,2.261288976830516384e-01,2.305651200121352773e-01,2.349416319175782197e-01,2.392577473928424736e-01,2.435129134804947804e-01,2.477067017703411811e-01,2.518388001903065776e-01,2.559090051018204637e-01,2.599172137080671963e-01,2.638634167804294051e-01,2.677476917057698969e-01,2.715701958548440986e-01,2.753311602700844185e-01,2.790308836692265149e-01,2.826697267597381158e-01,2.862481068577313326e-01,2.897664928039784815e-01,2.932254001687806810e-01,2.966253867367421027e-01,2.999670482619625766e-01,3.032510144837551880e-01,3.064779453927171105e-01,3.096485277368025146e-01,3.127634717569690026e-01,3.158235081419634716e-01,3.188293851918839739e-01,3.217818661802790414e-01,3.246817269047241328e-01,3.275297534160296897e-01,3.303267399164901974e-01,3.330734868178583108e-01,3.357707989500298140e-01,3.384194839117415365e-01
6.000000000000000125e-03,4.516225305278227624e-03,6.512279599869706150e-03,8.861847252458674579e-03,1.155836220479334285e-02,1.459436344299548140e-02,1.796154561670543215e-02,2.165081444452113257e-02,2.565234623415757823e-02,2.995565081474095559e-02,3.454963716045330452e-02,3.942268097915185149e-02,4.456269354609181804e-02,4.995719108070139497e-02,5.559336399248335919e-02,6.145814535935432976e-02,6.753827804674759905e-02,7.382037992718265551e-02,8.029100671628079666e-02,8.693671200093169849e-02,9.374410409707568947e-02,1.006998994370331413e-01,1.077909722482627286e-01,1.150044003457661723e-01,1.223275069181374436e-01,1.297478982416768178e-01,1.372534973074236719e-01,1.448325733919212377e-01,1.524737676436783429e-01,1.601661147934484164e-01,1.678990611275290867e-01,1.756624788893488276e-01,1.834466772957840108e-01,1.912424103711632128e-01,1.990408818140487202e-01,2.068337471199660771e-01,2.146131131876516385e-01,2.223715356374859342e-01,2.301020140689736260e-01,2.377979854798176751e-01,2.454533160626894417e-01,2.530622915875990753e-01,2.606196065681588014e-01,2.681203523993326843e-01,2.755600046427706395e-01,2.829344096237998984e-01,2.902397704918225907e-01,2.974726328834540467e-01,3.046298703154034504e-01,3.117086694219981524e-01,3.187065151405025776e-01,3.256211759360878033e-01,3.324506891475357828e-01,3.391933465245774437e-01,3.458476800182029298e-01,3.524124478763673296e-01,3.588866210892637243e-01,3.652693702207421844e-01,3.715600526555117855e-01,3.777582002854599219e-01,3.838635076527306955e-01,3.898758205621007944e-01,3.957951251706440798e-01,4.016215375586548175e-01,4.073552937822661479e-01,4.129967404051266833e-01,4.185463255038397445e-01,4.240045901396071737e-01,4.293721602865969711e-01,4.346497392059677778e-01,4.398381002531710493e-01,4.449380801051131540e-01,4.499505723929438927e-01,4.548765217256328097e-01,4.597169180890756102e-01,4.644727916052037164e-01,4.691452076354534761e-01,4.737352622129452073e-01,4.782440777878259608e-01,4.826727992704185621e-01,4.870225903570861714e-01,4.912946301240445068e-01,4.954901098747352961e-01,4.996102302267874662e-01,5.036561984250447210e-01,5.076292258676122771e-01
8.000000000000000167e-03,6.021633740370970454e-03,8.683039466492941533e-03,1.181579633661156668e-02,1.541114960639112380e-02,1.945915125732730969e-02,2.394872748894057504e-02,2.886775259269484112e-02,3.420312831221010430e-02,3.994086775298794079e-02,4.606618288060439909e-02,5.256357463886913300e-02,5.941692472812242637e-02,6.660958810760185533e-02,7.412448532331114559e-02,8.194419381247244893e-02,9.005103739566346077e-02,9.842717323624353143e-02,1.070546756217077150e-01,1.159156160012422693e-01,1.249921387961009239e-01,1.342665325827108735e-01,1.437212963310169622e-01,1.533392004610215631e-01,1.631033425575166007e-01,1.729971976555690627e-01,1.830046630765649052e-01,1.931100978558949743e-01,2.032983568582377720e-01,2.135548197245978608e-01,2.238654148367054397e-01,2.342166385191317701e-01,2.445955697277120144e-01,2.549898804948843023e-01,2.653878424187316454e-01,2.757783294932880658e-01,2.861508175835354995e-01,2.964953808499812271e-01,3.068026854252981495e-01,3.170639806397568816e-01,3.272710880835859037e-01,3.374163887834654152e-01,3.474928087575450686e-01,3.574938031991102272e-01,3.674133395236941491e-01,3.772458794983998276e-01,3.869863606557634728e-01,3.966301771779387475e-01,4.061731604205379709e-01,4.156115592293308514e-01,4.249420201873367331e-01,4.341615679147837192e-01,4.432675855300476919e-01,4.522577953661032768e-01,4.611302400242705546e-01,4.698832638351564395e-01,4.785154947856849472e-01,4.870258269609895607e-01,4.954134035406823622e-01,5.036776003806131552e-01,5.118180102036409274e-01,5.198344274161343925e-01,5.277268335608588101e-01,5.354953834115397937e-01,5.431403917096881973e-01,5.506623205401688370e-01,5.580617673384530297e-01,5.653394535194762316e-01,5.724962137154626651e-01,5.795329856079569630e-01,5.864508003375613621e-01,5.932507734734842053e-01,5.999340965239251533e-01,6.065020289675103760e-01,6.129558907854342209e-01,6.192970554736050293e-01,6.255269435139380052e-01,6.316470162839269431e-01,6.376587703837679477e-01,6.435637323605580828e-01,6.493634538094482656e-01,6.550595068320593795e-01,6.606534798329803948e-01,6.661469736357166216e-01,6.715415979000596280e-01,6.768389678234830731e-01
1.000000000000000021e-02,7.527042175463713285e-03,1.085379933311617605e-02,1.476974542076445705e-02,1.926393700798890302e-02,2.432393907165913624e-02,2.993590936117572140e-02,3.608469074086854966e-02,4.275391039026263384e-02,4.992608469123492598e-02,5.758272860075550059e-02,6.570446829858642146e-02,7.427115591015302776e-02,8.326198513450232264e-02,9.265560665413892505e-02,1.024302422655905542e-01,1.125637967445793364e-01,1.230339665453044212e-01,1.338183445271346472e-01,1.448945200015528401e-01,1.562401734951261445e-01,1.678331657283885781e-01,1.796516204137712236e-01,1.916740005762769539e-01,2.038791781968957439e-01,2.162464970694613353e-01,2.287558288457061106e-01,2.413876223198687387e-01,2.541229460727972289e-01,2.669435246557473329e-01,2.798317685458818205e-01,2.927707981489147127e-01,3.057444621596400181e-01,3.187373506186053640e-01,3.317348030234145151e-01,3.447229118666100822e-01,3.576885219794194160e-01,3.706192260624765478e-01,3.835033567816227285e-01,3.963299757996961437e-01,4.090888601044824213e-01,4.217704859793317551e-01,4.343660109469313357e-01,4.468672539988877701e-01,4.592666744046177141e-01,4.715573493729998122e-01,4.837329508197043548e-01,4.957877214724234483e-01,5.077164505256724913e-01,5.195144490366635504e-01,5.311775252341709441e-01,5.427019598934796907e-01,5.540844819125596565e-01,5.653222442076291099e-01,5.764128000303382349e-01,5.873540797939456048e-01,5.981443684821061701e-01,6.087822837012369925e-01,6.192667544258529944e-01,6.295970004757664995e-01,6.397725127545511592e-01,6.497930342701679907e-01,6.596585419510735404e-01,6.693692292644246589e-01,6.789254896371103021e-01,6.883279006752111018e-01,6.975772091730662039e-01,7.066743168993452340e-01,7.156202671443283592e-01,7.244162320099462038e-01,7.330635004219516748e-01,7.415634668418552566e-01,7.499176206549065249e-01,7.581275362093879977e-01,7.661948634817927761e-01,7.741213193420062311e-01,7.819086793924224787e-01,7.895587703549087344e-01,7.970734629797099347e-01,8.044546654506976591e-01,8.117043172618103597e-01,8.188243835400741411e-01,8.258168497912254935e-01,8.326837170446457215e-01,8.394269973750745351e-01,8.460487097793538691e-01
1.200000000000000025e-02,9.032450610556455248e-03,1.302455919973941230e-02,1.772369450491734916e-02,2.311672440958668570e-02,2.918872688599096279e-02,3.592309123341086430e-02,4.330162888904226515e-02,5.130469246831515645e-02,5.991130162948191118e-02,6.909927432090660904e-02,7.884536195830370298e-02,8.912538709218363608e-02,9.991438216140278994e-02,1.111867279849667184e-01,1.229162907187086595e-01,1.350765560934951981e-01,1.476407598543653110e-01,1.605820134325615933e-01,1.738734240018633970e-01,1.874882081941513789e-01,2.013997988740662826e-01,2.155819444965254572e-01,2.300088006915323446e-01,2.446550138362748872e-01,2.594957964833536357e-01,2.745069946148473439e-01,2.896651467838424754e-01,3.049475352873566858e-01,3.203322295868968328e-01,3.357981222550581735e-01,3.513249577786976552e-01,3.668933545915680217e-01,3.824848207423264257e-01,3.980817636280974403e-01,4.136674942399321542e-01,4.292262263753032769e-01,4.447430712749718684e-01,4.602040281379472519e-01,4.755959709596353502e-01,4.909066321253788834e-01,5.061245831751981505e-01,5.212392131363176029e-01,5.362407047986653685e-01,5.511200092855412791e-01,5.658688192475997969e-01,5.804795409836451814e-01,5.949452657669080935e-01,6.092597406308069008e-01,6.234173388439963048e-01,6.374130302810051552e-01,6.512423518721756066e-01,6.649013782950715656e-01,6.783866930491548874e-01,6.916953600364058596e-01,7.048248957527346592e-01,7.177732421785274486e-01,7.305387404414843688e-01,7.431201053110235710e-01,7.555164005709198438e-01,7.677270153054613910e-01,7.797516411242015888e-01,7.915902503412881597e-01,8.032430751173096350e-01,8.147105875645322959e-01,8.259934808102533665e-01,8.370926510076794891e-01,8.480091802792143474e-01,8.587443205731939422e-01,8.692994784119355556e-01,8.796762005063420986e-01,8.898761602102263080e-01,8.999011447858877855e-01,9.097530434512656194e-01,9.194338361781512203e-01,9.289455832104074329e-01,9.382904152709069523e-01,9.474705244258904147e-01,9.564881555756519216e-01,9.653455985408371243e-01,9.740451807141723428e-01,9.825892602480890137e-01,9.909802197494705922e-01,9.992204604535749324e-01,1.007312396850089442e+00,1.015258451735224554e+00
1.400000000000000029e-02,1.053785904564919808e-02,1.519531906636264681e-02,2.067764358907023953e-02,2.696951181118446492e-02,3.405351470032279282e-02,4.191027310564601066e-02,5.051856703721597369e-02,5.985547454636768600e-02,6.989651856772889638e-02,8.061582004105770360e-02,9.198625561802098449e-02,1.039796182742142444e-01,1.165667791883032434e-01,1.297178493157944978e-01,1.434023391718267648e-01,1.575893154424110598e-01,1.722475531634261869e-01,1.873456823379885117e-01,2.028523280021739816e-01,2.187362428931766134e-01,2.349664320197440148e-01,2.515122685792797186e-01,2.683436008067877632e-01,2.854308494756540582e-01,3.027450958972459083e-01,3.202581603839885771e-01,3.379426712478162398e-01,3.557721245019160872e-01,3.737209345180462772e-01,3.917644759642345265e-01,4.098791174084805977e-01,4.280422470234960253e-01,4.462322908660474874e-01,4.644287242327803655e-01,4.826120766132541706e-01,5.007639307711871934e-01,5.188669164874671891e-01,5.369046994942717754e-01,5.548619661195746122e-01,5.727244041462753454e-01,5.904786803710644350e-01,6.081124153257038145e-01,6.256141555984429115e-01,6.429733441664647886e-01,6.601802891221997260e-01,6.772261311475861190e-01,6.941028100613928498e-01,7.108030307359414213e-01,7.273202286513290593e-01,7.436485353278392552e-01,7.597827438508715225e-01,7.757182746775834747e-01,7.914511418906806650e-01,8.069779200424734844e-01,8.222957117115238246e-01,8.374021158749487270e-01,8.522951971817317451e-01,8.669734561961941477e-01,8.814358006660730771e-01,8.956815178563715119e-01,9.097102479782351869e-01,9.235219587315028900e-01,9.371169209701946112e-01,9.504956854919544007e-01,9.636590609452955203e-01,9.766080928422927743e-01,9.893440436590833498e-01,1.001868374002059525e+00,1.014182724813924796e+00,1.026288900590732522e+00,1.038188853578597470e+00,1.049884668916869046e+00,1.061378550693143241e+00,1.072672808874509887e+00,1.083769847078808635e+00,1.094672151149391315e+00,1.105382278496872095e+00,1.115902848171594020e+00,1.126236531630976589e+00,1.136386044166534326e+00,1.146354136956103886e+00,1.156143589707715691e+00,1.165757203862503921e+00,1.175197796325104349e+00,1.184468193691095461e+00
1.600000000000000033e-02,1.204326748074194091e-02,1.736607893298588307e-02,2.363159267322313337e-02,3.082229921278224760e-02,3.891830251465461937e-02,4.789745497788115008e-02,5.773550518538968224e-02,6.840625662442020860e-02,7.988173550597588157e-02,9.213236576120879817e-02,1.051271492777382660e-01,1.188338494562448527e-01,1.332191762152037107e-01,1.482489706466222912e-01,1.638883876249448979e-01,1.801020747913269215e-01,1.968543464724870629e-01,2.141093512434154300e-01,2.318312320024845385e-01,2.499842775922018479e-01,2.685330651654217471e-01,2.874425926620339244e-01,3.066784009220431262e-01,3.262066851150332014e-01,3.459943953111381254e-01,3.660093261531298103e-01,3.862201957117899487e-01,4.065967137164755441e-01,4.271096394491957216e-01,4.477308296734108795e-01,4.684332770382635402e-01,4.891911394554240289e-01,5.099797609897686046e-01,5.307756848374632908e-01,5.515566589865761316e-01,5.723016351670709989e-01,5.929907616999624542e-01,6.136053708505962989e-01,6.341279612795137632e-01,6.545421761671718075e-01,6.748327775669308304e-01,6.949856175150901372e-01,7.149876063982204544e-01,7.348266790473882981e-01,7.544917589967996552e-01,7.739727213115269455e-01,7.932603543558774950e-01,8.123463208410759417e-01,8.312231184586617028e-01,8.498840403746734662e-01,8.683231358295674385e-01,8.865351710600953838e-01,9.045155907322065536e-01,9.222604800485411092e-01,9.397665276703128789e-01,9.570309895713698944e-01,9.740516539219791214e-01,9.908268070813647244e-01,1.007355200761226310e+00,1.023636020407281855e+00,1.039668854832268785e+00,1.055453667121717620e+00,1.070990766823079587e+00,1.086280783419376395e+00,1.101324641080337674e+00,1.116123534676906059e+00,1.130678907038952463e+00,1.144992427430925330e+00,1.159065971215913926e+00,1.172901600675122724e+00,1.186501546946968411e+00,1.199868193047850307e+00,1.213004057935020752e+00,1.225911781570868442e+00,1.238594110947210059e+00,1.251053887027876010e+00,1.263294032567853886e+00,1.275317540767535895e+00,1.287127464721116166e+00,1.298726907618896531e+00,1.310119013664118759e+00,1.321306959665960790e+00,1.332293947271433243e+00,1.343083195800119256e+00,1.353677935646966146e+00
1.800000000000000211e-02,1.354867591583468547e-02,1.953683879960911932e-02,2.658554175737602721e-02,3.467508661438003376e-02,4.378309032898645287e-02,5.388463685011630339e-02,6.495244333356339772e-02,7.695703870247273815e-02,8.986695244422286677e-02,1.036489114813599205e-01,1.182680429374555614e-01,1.336880806382754749e-01,1.498715732421042057e-01,1.667800919774500845e-01,1.843744360780630032e-01,2.026148341402428110e-01,2.214611397815479665e-01,2.408730201488424039e-01,2.608101360027951232e-01,2.812323122912270823e-01,3.020996983110994516e-01,3.233729167447882413e-01,3.450132010372985447e-01,3.669825207544123447e-01,3.892436947250304535e-01,4.117604919222710436e-01,4.344977201757637686e-01,4.574213029310350564e-01,4.804983443803452769e-01,5.036971833825872880e-01,5.269874366680465938e-01,5.503400318873521435e-01,5.737272311134896663e-01,5.971226454421462160e-01,6.205012413598982590e-01,6.438393395629550264e-01,6.671146069124578304e-01,6.903060422069209334e-01,7.133939564394531363e-01,7.363599481880683806e-01,7.591868747627972258e-01,7.818588197044764598e-01,8.043610571979981083e-01,8.266800139283119186e-01,8.488032288713996953e-01,8.707193114754678831e-01,8.924178986503622513e-01,9.138896109462104622e-01,9.351260082659945683e-01,9.561195454215077882e-01,9.768635278082634654e-01,9.973520674426074040e-01,1.017580039573732442e+00,1.037543040054608845e+00,1.057237343629102044e+00,1.076659863267791284e+00,1.095808110662226609e+00,1.114680157966535523e+00,1.133274600856379877e+00,1.151590522958192198e+00,1.169627461686302494e+00,1.187385375511932351e+00,1.204864612675964564e+00,1.222065881346798610e+00,1.238990221215380050e+00,1.255638976511519234e+00,1.272013770418821688e+00,1.288116480859791135e+00,1.303949217617903278e+00,1.319514300759513148e+00,1.334814240315339573e+00,1.349851717178831789e+00,1.364629565176898485e+00,1.379150754267226997e+00,1.393418374815611260e+00,1.407435622906360484e+00,1.421205786638835677e+00,1.434732233363477993e+00,1.448018397811255742e+00,1.461067771071258736e+00,1.473883890372133632e+00,1.486470329624206110e+00,1.498830690680362565e+00,1.510968595275134385e+00,1.522887677602837053e+00
2.000000000000000042e-02,1.505408435092742657e-02,2.170759866623235210e-02,2.953949084152891411e-02,3.852787401597780603e-02,4.864787814331827248e-02,5.987181872235144281e-02,7.216938148173709933e-02,8.550782078052526769e-02,9.985216938246985197e-02,1.151654572015110012e-01,1.314089365971728429e-01,1.485423118203060555e-01,1.665239702690046453e-01,1.853112133082778501e-01,2.048604845311811085e-01,2.251275934891586727e-01,2.460679330906088425e-01,2.676366890542692945e-01,2.897890400031056801e-01,3.124803469902522890e-01,3.356663314567771561e-01,3.593032408275424472e-01,3.833480011525539077e-01,4.077583563937914879e-01,4.324929941389226706e-01,4.575116576914122213e-01,4.827752446397374775e-01,5.082458921455944578e-01,5.338870493114946658e-01,5.596635370917636410e-01,5.855415962978294253e-01,6.114889243192800361e-01,6.374747012372107280e-01,6.634696060468290302e-01,6.894458237332201644e-01,7.153770439588388319e-01,7.412384521249530955e-01,7.670067135632454569e-01,7.926599515993922873e-01,8.181777202089648426e-01,8.435409719586635102e-01,8.687320218938626715e-01,8.937345079977755402e-01,9.185333488092354282e-01,9.431146987459996245e-01,9.674659016394087097e-01,9.915754429448468965e-01,1.015432901051344983e+00,1.039028898073327101e+00,1.062355050468341888e+00,1.085403919786959381e+00,1.108168963825119313e+00,1.130644488415258220e+00,1.152825600060676470e+00,1.174708159587891210e+00,1.196288736964212340e+00,1.217564567402473985e+00,1.238533508851705989e+00,1.259194000951532999e+00,1.279545025509102318e+00,1.299586068540335981e+00,1.319317083902147081e+00,1.338738458528849318e+00,1.357850979274220604e+00,1.376655801350422204e+00,1.395154418346132408e+00,1.413348633798690468e+00,1.431240534288656718e+00,1.448832464019892408e+00,1.466127000843903350e+00,1.483126933683710513e+00,1.499835241309813050e+00,1.516255072418775995e+00,1.532389726963585552e+00,1.548242638684012462e+00,1.563817358784844957e+00,1.579117540709817469e+00,1.594146925959419869e+00,1.608909330901395318e+00,1.623408634523620719e+00,1.637648767080148282e+00,1.651633699582450987e+00,1.665367434089291443e+00,1.678853994750149070e+00,1.692097419558707738e+00
2.199999999999999872e-02,1.655949278602016767e-02,2.387835853285558488e-02,3.249343992568180794e-02,4.238066141757558525e-02,5.351266595765009904e-02,6.585900059458657529e-02,7.938631962991081481e-02,9.405860285857778336e-02,1.098373863207168233e-01,1.266820029216620958e-01,1.445498302568901106e-01,1.633965430023366638e-01,1.831763672959050848e-01,2.038423346391056157e-01,2.253465329842992138e-01,2.476403528380745067e-01,2.706747263996697184e-01,2.944003579596962128e-01,3.187679440034162370e-01,3.437283816892774957e-01,3.692329646024548606e-01,3.952335649102966530e-01,4.216828012678092708e-01,4.485341920331705756e-01,4.757422935528149432e-01,5.032628234605533990e-01,5.310527691037111309e-01,5.590704813601538037e-01,5.872757542426441102e-01,6.156298908009399939e-01,6.440957559276123678e-01,6.726378167512080397e-01,7.012221713609317897e-01,7.298165666515119554e-01,7.583904061065421809e-01,7.869147483547226374e-01,8.153622973374483607e-01,8.437073849195698694e-01,8.719259467593314383e-01,8.999954922298611937e-01,9.278950691545297946e-01,9.556052240832487721e-01,9.831079587975530831e-01,1.010386683690158938e+00,1.037426168620599443e+00,1.064212491803349536e+00,1.090732987239331431e+00,1.116976191156479281e+00,1.142931787880659744e+00,1.168590555515175877e+00,1.193944311765655186e+00,1.218985860207631111e+00,1.243708937256783775e+00,1.268108160066743872e+00,1.292178975546680153e+00,1.315917610660633619e+00,1.339321024142721361e+00,1.362386859736876454e+00,1.385113401046686121e+00,1.407499528060012439e+00,1.429544675394369468e+00,1.451248792292361589e+00,1.472612304381734294e+00,1.493636077201642598e+00,1.514321381485464357e+00,1.534669860180745582e+00,1.554683497178559470e+00,1.574364587717522079e+00,1.593715710421881537e+00,1.612739700928293773e+00,1.631439627052081454e+00,1.649818765440794088e+00,1.667880579660653506e+00,1.685628699659943885e+00,1.703066902552413664e+00,1.720199094663329209e+00,1.737029294780799038e+00,1.753561618555361745e+00,1.769800263991534672e+00,1.785749497975982480e+00,1.801413643788163155e+00,1.816797069540696086e+00,1.831904177498220543e+00,1.846739394225163977e+00,1.861307161514578201e+00
2.400000000000000050e-02,1.806490122111291050e-02,2.604911839947882460e-02,3.544738900983469831e-02,4.623344881917337140e-02,5.837745377198192559e-02,7.184618246682172860e-02,8.660325777808453029e-02,1.026093849366303129e-01,1.198226032589638224e-01,1.381985486418132181e-01,1.576907239166074060e-01,1.782507741843672722e-01,1.998287643228055799e-01,2.223734559699334368e-01,2.458325814374173190e-01,2.701531121869903962e-01,2.952815197087306220e-01,3.211640268651231866e-01,3.477468480037267939e-01,3.749764163883027579e-01,4.027995977481325651e-01,4.311638889930509144e-01,4.600176013830646893e-01,4.893100276725497744e-01,5.189915929667072714e-01,5.490139892296946877e-01,5.793302935676849508e-01,6.098950705747133716e-01,6.406644591737936656e-01,6.715962445101163469e-01,7.026499155573953104e-01,7.337867091831360433e-01,7.649696414846528514e-01,7.961635272561948806e-01,8.273349884798643084e-01,8.584524527506065539e-01,8.894861425499437368e-01,9.204080562758945039e-01,9.511919419192707004e-01,9.818132642507577668e-01,1.012249166350396301e+00,1.042478426272635206e+00,1.072481409597330737e+00,1.102240018571082558e+00,1.131737638495199594e+00,1.160959081967290363e+00,1.189890531533816187e+00,1.218519481261613802e+00,1.246834677687992610e+00,1.274826060562010310e+00,1.302484703744351213e+00,1.329802756590143131e+00,1.356773386098309775e+00,1.383390720072811719e+00,1.409649791505469318e+00,1.435546484357054897e+00,1.461077480882968738e+00,1.486240210622047142e+00,1.511032801141839688e+00,1.535454030610922782e+00,1.559503282248403178e+00,1.583180500682576319e+00,1.606486150234619270e+00,1.629421175129064592e+00,1.651986961620506733e+00,1.674185302015358978e+00,1.696018360558428695e+00,1.717488641146387884e+00,1.738598956823871111e+00,1.759352401012684197e+00,1.779752320420452616e+00,1.799802289571775571e+00,1.819506086902531239e+00,1.838867672356302441e+00,1.857891166420814866e+00,1.876580830541813905e+00,1.894941048851780829e+00,1.912976311151303843e+00,1.930691197081674249e+00,1.948090361428344686e+00,1.965178520496178027e+00,1.981960439498941184e+00,1.998440920907149865e+00,2.014624793700178884e+00,2.030516903470449108e+00
2.600000000000000228e-02,1.957030965620565680e-02,2.821987826610206085e-02,3.840133809398759562e-02,5.008623622077115062e-02,6.324224158631375214e-02,7.783336433905688190e-02,9.382019592625824578e-02,1.111601670146828424e-01,1.298078201972108214e-01,1.497150943619643126e-01,1.708316175763247013e-01,1.931050053663979083e-01,2.164811613497060472e-01,2.409045773007612301e-01,2.663186298905354521e-01,2.926658715359062857e-01,3.198883130177915257e-01,3.479276957705501050e-01,3.767257520040374064e-01,4.062244510873280201e-01,4.363662308938103251e-01,4.670942130758051758e-01,4.983524014983201078e-01,5.300858633119289731e-01,5.622408923805994885e-01,5.947651549988359765e-01,6.276078180316587707e-01,6.607196597892728285e-01,6.940531641049431100e-01,7.275625982192928110e-01,7.612040751871783639e-01,7.949356016150641580e-01,8.287171116083740241e-01,8.625104878608778058e-01,8.962795708531863248e-01,9.299901571464904704e-01,9.636099877624391130e-01,9.971087276322191384e-01,1.030457937079209962e+00,1.063631036271654340e+00,1.096603263546262585e+00,1.129351628462021528e+00,1.161854860397108391e+00,1.194093353452006179e+00,1.226049108369799523e+00,1.257705672131231411e+00,1.289048075828300943e+00,1.320062771366748544e+00,1.350737567495325475e+00,1.381061565608844521e+00,1.411025095723047240e+00,1.440619652972655151e+00,1.469837834939835775e+00,1.498673280078879344e+00,1.527120607464258484e+00,1.555175358053476176e+00,1.582833937623216336e+00,1.610093561507217830e+00,1.636952201236993032e+00,1.663408533161833125e+00,1.689461889102436887e+00,1.715112209072791272e+00,1.740359996087504246e+00,1.765206273056486808e+00,1.789652541755548887e+00,1.813700743849972374e+00,1.837353223938297697e+00,1.860612694575253689e+00,1.883482203225860463e+00,1.905965101097074621e+00,1.928065013788823778e+00,1.949785813702757054e+00,1.971131594144408972e+00,1.992106645052661218e+00,2.012715430289216290e+00,2.032962566420298600e+00,2.052852802922762621e+00,2.072391003747246163e+00,2.091582130171814047e+00,2.110431224880707113e+00,2.128943397204193122e+00,2.147123809457186283e+00,2.164977664316078965e+00,2.182510193175194235e+00,2.199726645426320015e+00
2.800000000000000058e-02,2.107571809129839616e-02,3.039063813272529363e-02,4.135528717814047905e-02,5.393902362236892983e-02,6.810702940064558564e-02,8.382054621129202132e-02,1.010371340744319474e-01,1.197109490927353720e-01,1.397930371354577928e-01,1.612316400821154072e-01,1.839725112360419690e-01,2.079592365484284888e-01,2.331335583766064867e-01,2.594356986315889957e-01,2.868046783436535296e-01,3.151786308848221196e-01,3.444951063268523739e-01,3.746913646759770233e-01,4.057046560043479633e-01,4.374724857863532268e-01,4.699328640394880297e-01,5.030245371585594372e-01,5.366872016135755263e-01,5.708616989513081164e-01,6.054901917944918166e-01,6.405163207679771542e-01,6.758853424956324796e-01,7.115442490038321743e-01,7.474418690360925543e-01,7.835289519284690529e-01,8.197582348169611954e-01,8.560844940469920505e-01,8.924645817320949748e-01,9.288574484655607311e-01,9.652241532265083412e-01,1.001527861542374387e+00,1.037733832974934378e+00,1.073809398988543551e+00,1.109723932239149224e+00,1.145448808292550691e+00,1.180957360742128870e+00,1.216224830651407629e+00,1.251228311196885823e+00,1.285946688332929577e+00,1.320360578244399452e+00,1.354452262295172238e+00,1.388205620122785700e+00,1.421606061471882843e+00,1.454640457302658119e+00,1.487297070655678510e+00,1.519565487701743045e+00,1.551436549355166949e+00,1.582902283781361330e+00,1.613955840084946969e+00,1.644591423423047649e+00,1.674804231749897454e+00,1.704590394363463490e+00,1.733946912392388295e+00,1.762871601332146154e+00,1.791363035712743024e+00,1.819420495956470374e+00,1.847043917463005780e+00,1.874233841940389222e+00,1.900991370983908801e+00,1.927318121890591041e+00,1.953216185684585549e+00,1.978688087318166700e+00,2.003736748004119050e+00,2.028365449627849593e+00,2.052577801181465045e+00,2.076377707157194941e+00,2.099769337833738092e+00,2.122757101386286482e+00,2.145345617749019773e+00,2.167539694157617269e+00,2.189344302298782630e+00,2.210764556993744190e+00,2.231805696343188039e+00,2.252473063261953179e+00,2.272772088333068652e+00,2.292708273912207773e+00,2.312287179415431382e+00,2.331514407725007842e+00,2.350395592650208698e+00,2.368936387382190922e+00
2.999999999999999889e-02,2.258112652639113899e-02,3.256139799934852641e-02,4.430923626229336942e-02,5.779181102396670905e-02,7.297181721497740525e-02,8.980772808352716075e-02,1.082540722226056490e-01,1.282617311707878738e-01,1.497782540737047641e-01,1.727481858022665018e-01,1.971134048957592366e-01,2.228134677304590971e-01,2.497859554035069540e-01,2.779668199624167890e-01,3.072907267967716627e-01,3.376913902337379536e-01,3.691018996359132220e-01,4.014550335814039417e-01,4.346835600046585202e-01,4.687205204853784335e-01,5.034994971851657342e-01,5.389548612413136430e-01,5.750220017288308894e-01,6.116375345906871486e-01,6.487394912083840337e-01,6.862674865371183319e-01,7.241628669596060774e-01,7.623688382183916312e-01,8.008305739672419987e-01,8.394953056376454059e-01,8.783123944467441380e-01,9.172333864789200542e-01,9.562120518558160365e-01,9.952044090702435453e-01,1.034168735599830358e+00,1.073065565938258192e+00,1.111857678187429643e+00,1.150510070344868074e+00,1.188989927399088264e+00,1.227266580313447042e+00,1.265311457937995154e+00,1.303098032840793952e+00,1.340601761996663255e+00,1.377800023213852976e+00,1.414672048118999381e+00,1.451198852459112842e+00,1.487363164417270234e+00,1.523149351577017363e+00,1.558543347109990762e+00,1.593532575702512721e+00,1.628105879680438850e+00,1.662253445737678748e+00,1.695966732622887108e+00,1.729238400091014594e+00,1.762062239381836593e+00,1.794433105446318510e+00,1.826346851103710867e+00,1.857800263277558761e+00,1.888791001427299499e+00,1.919317538263653145e+00,1.949379102810503861e+00,1.978975625853220510e+00,2.008107687793274199e+00,2.036776468911330795e+00,2.064983702025632972e+00,2.092731627519198501e+00,2.120022950698035480e+00,2.146860801432984633e+00,2.173248696029838722e+00,2.199190501265855247e+00,2.224690400525565881e+00,2.249752861964719131e+00,2.274382608628163993e+00,2.298584590445377884e+00,2.322363958026018693e+00,2.345726038177267103e+00,2.368676311064725759e+00,2.391220388939129915e+00,2.413363996352092755e+00,2.435112951785430635e+00,2.456473150620222423e+00,2.477450549373676481e+00,2.498051151133937164e+00,2.518280992125223605e+00,2.538146129338061385e+00
3.200000000000000067e-02,2.408653496148388182e-02,3.473215786597176613e-02,4.726318534644626673e-02,6.164459842556449520e-02,7.783660502930923875e-02,9.579490995576230017e-02,1.154710103707793645e-01,1.368125132488404172e-01,1.597634710119517631e-01,1.842647315224175963e-01,2.102542985554765320e-01,2.376676989124897055e-01,2.664383524304074213e-01,2.964979412932445824e-01,3.277767752498897957e-01,3.602041495826538431e-01,3.937086929449741257e-01,4.282187024868308600e-01,4.636624640049690771e-01,4.999685551844036957e-01,5.370661303308434942e-01,5.748851853240678489e-01,6.133568018440862524e-01,6.524133702300664028e-01,6.919887906222762508e-01,7.320186523062596207e-01,7.724403914235798974e-01,8.131934274329510881e-01,8.542192788983914431e-01,8.954616593468217589e-01,9.368665540765270805e-01,9.783822789108480578e-01,1.019959521979537209e+00,1.061551369674926582e+00,1.103113317973152263e+00,1.144603270334141998e+00,1.185981523399924908e+00,1.227210741701192598e+00,1.268255922559027526e+00,1.309084352334343615e+00,1.349665555133861661e+00,1.389971235030180274e+00,1.429975212796440909e+00,1.469653358094776596e+00,1.508983517993599310e+00,1.547945442623053891e+00,1.586520708711754990e+00,1.624692641682151883e+00,1.662446236917323406e+00,1.699768080749346932e+00,1.736646271659134877e+00,1.773070342120190768e+00,1.809031181464413107e+00,1.844520960097082218e+00,1.879533055340625758e+00,1.914061979142739789e+00,1.948103307843958243e+00,1.981653614162729449e+00,2.014710401522452621e+00,2.047272040814563709e+00,2.079337709664537570e+00,2.110907334243435240e+00,2.141981533646159175e+00,2.172561566838752789e+00,2.202649282160675348e+00,2.232247069353812119e+00,2.261357814077904926e+00,2.289984854861850661e+00,2.318131942431827852e+00,2.345803201350245448e+00,2.373003093893936821e+00,2.399736386095700613e+00,2.426008115870041504e+00,2.451823563141736884e+00,2.477188221894420117e+00,2.502107774055752021e+00,2.526588065135707772e+00,2.550635081535071791e+00,2.574254929442232331e+00,2.597453815237793062e+00,2.620238027328237518e+00,2.642613919331921579e+00,2.664587894542866486e+00,2.686166391600238512e+00,2.707355871293932292e+00
3.400000000000000244e-02,2.559194339657662465e-02,3.690291773259499891e-02,5.021713443059915710e-02,6.549738582716227442e-02,8.270139284364107224e-02,1.017820918279974535e-01,1.226879485189530800e-01,1.453632953268929606e-01,1.697486879501987622e-01,1.957812772425687187e-01,2.233951922151938274e-01,2.525219300945203416e-01,2.830907494573078886e-01,3.150290626240723757e-01,3.482628237030079288e-01,3.827169089315697326e-01,4.183154862540350294e-01,4.549823713922578339e-01,4.926413680052796895e-01,5.312165898834289024e-01,5.706327634765211432e-01,6.108155094068221658e-01,6.516916019593417264e-01,6.931892058694455461e-01,7.352380900361685789e-01,7.777698180754009094e-01,8.207179158875537173e-01,8.640180166475106560e-01,9.076079838295409985e-01,9.514280130559982229e-01,9.954207137063101341e-01,1.039531171342776172e+00,1.083706992103258271e+00,1.127898330279609507e+00,1.172057900346474391e+00,1.216140974730026025e+00,1.260105368612420396e+00,1.303911413057517343e+00,1.347521917718966789e+00,1.390902124355240188e+00,1.434019652329728167e+00,1.476844437219566597e+00,1.519348663596218563e+00,1.561506692975700217e+00,1.603294987868199462e+00,1.644692032786994718e+00,1.685678253006239746e+00,1.726235931787286404e+00,1.766349126724656271e+00,1.806003585796181143e+00,1.845186663637830904e+00,1.883887238502702788e+00,1.922095630305938885e+00,1.959803520103150065e+00,1.997003871299414923e+00,2.033690852839161067e+00,2.069859764584205841e+00,2.105506965047900358e+00,2.140629801617606187e+00,2.175226543365473830e+00,2.209296316518571057e+00,2.242839042633649971e+00,2.275855379499044151e+00,2.308346664766175227e+00,2.340314862295717724e+00,2.371762511188425293e+00,2.402692677457773929e+00,2.433108908290716244e+00,2.463015188833817426e+00,2.492415901434636094e+00,2.521315787262308206e+00,2.549719910226682096e+00,2.577633623111919459e+00,2.605062535838095439e+00,2.632012485762821097e+00,2.658489509934236494e+00,2.684499819206689786e+00,2.710049774131014111e+00,2.735145862532371908e+00,2.759794678690155045e+00,2.784002904036252168e+00,2.807777289290167122e+00,2.831124637951795808e+00,2.854051791075253863e+00,2.876565613249803199e+00
3.600000000000000422e-02,2.709735183166937095e-02,3.907367759921823863e-02,5.317108351475205441e-02,6.935017322876006751e-02,8.756618065797290573e-02,1.077692737002326068e-01,1.299048866671267954e-01,1.539140774049454763e-01,1.797339048884457335e-01,2.072978229627198410e-01,2.365360858749111228e-01,2.673761612765509499e-01,2.997431464842084115e-01,3.335601839549001690e-01,3.687488721561260063e-01,4.052296682804856220e-01,4.429222795630959331e-01,4.817460402976848077e-01,5.216202720055902464e-01,5.624646245824541646e-01,6.041993966221989032e-01,6.467458334895764827e-01,6.900264020745970894e-01,7.339650415088246893e-01,7.784873894500609071e-01,8.235209838445420871e-01,8.689954403515275372e-01,9.148426058620701129e-01,9.609966887606905539e-01,1.007394366765174576e+00,1.053974873336093188e+00,1.100680063774704287e+00,1.147454462226979333e+00,1.194245290884292432e+00,1.241002482719796518e+00,1.287678679125910053e+00,1.334229213824915661e+00,1.380612084413841867e+00,1.426787912878906273e+00,1.472719896376136761e+00,1.518373749525594452e+00,1.563717639408952920e+00,1.608722114395996217e+00,1.653360027856623837e+00,1.697606457742799391e+00,1.741438622950935766e+00,1.784835797300724503e+00,1.827779221892420924e+00,1.870252016531989137e+00,1.912239090843015576e+00,1.953727055616526931e+00,1.994704134885214808e+00,2.035160079147464884e+00,2.075086080109217690e+00,2.114474687258204089e+00,2.153319726535582568e+00,2.191616221324453218e+00,2.229360315933071046e+00,2.266549201712759753e+00,2.303181045916384395e+00,2.339254923372604988e+00,2.374770751023864701e+00,2.409729225351929127e+00,2.444131762693597221e+00,2.477980442430760100e+00,2.511277953023038467e+00,2.544027540837643375e+00,2.576232961719582271e+00,2.607898435235806556e+00,2.639028601519026296e+00,2.669628480630679146e+00,2.699703434357663578e+00,2.729259130353796969e+00,2.758301508534453994e+00,2.786836749631222521e+00,2.814871245812720968e+00,2.842411573277671355e+00,2.869464466726955987e+00,2.896036795622511484e+00,2.922135542142517473e+00,2.947767780744267263e+00,2.972940659248412221e+00,2.997661381360725130e+00,3.021937190550268770e+00,3.045775355205674106e+00
3.799999999999999906e-02,2.860276026676211031e-02,4.124443746584146447e-02,5.612503259890493784e-02,7.320296063035783285e-02,9.243096847230471147e-02,1.137564555724677323e-01,1.371218248153004970e-01,1.624648594829979920e-01,1.897191218266927049e-01,2.188143686828709078e-01,2.496769795346283904e-01,2.822303924585815027e-01,3.163955435111088232e-01,3.520913052857279069e-01,3.892349206092440839e-01,4.277424276294014560e-01,4.675290728721567812e-01,5.085097092031116706e-01,5.505991760059008033e-01,5.937126592814793158e-01,6.377660297678765522e-01,6.826761575723305775e-01,7.283612021898524524e-01,7.747408771482038325e-01,8.217366888639531242e-01,8.692721496136832648e-01,9.172729648155011350e-01,9.656671950766293477e-01,1.014385393691839887e+00,1.063360720474350929e+00,1.112529032965875908e+00,1.161828956206631958e+00,1.211201932350700394e+00,1.260592251488975135e+00,1.309947065093118423e+00,1.359216383521793636e+00,1.408353059037410704e+00,1.457312755770166168e+00,1.506053908038845091e+00,1.554537668397033112e+00,1.602727846721460736e+00,1.650590841598339020e+00,1.698095565195773426e+00,1.745213362737547236e+00,1.791917927617399098e+00,1.838185213114876371e+00,1.883993341595209037e+00,1.929322511997555223e+00,1.974154906339321558e+00,2.018474595889849343e+00,2.062267447595222514e+00,2.105521031267726606e+00,2.148224527988990218e+00,2.190368640115285093e+00,2.231945503216993032e+00,2.272948600232003624e+00,2.313372678064700594e+00,2.353213666818241290e+00,2.392468601807912432e+00,2.431135548467294072e+00,2.469213530226638031e+00,2.506702459414079431e+00,2.543603071204813659e+00,2.579916860621018770e+00,2.615646022565802031e+00,2.650793394857651641e+00,2.685362404217511934e+00,2.719357015148447410e+00,2.752781681637795685e+00,2.785641301603416498e+00,2.817941173999050086e+00,2.849686958488644617e+00,2.880884637595674480e+00,2.911540481230812105e+00,2.941661013499623500e+00,2.971252981691204997e+00,3.000323327348652924e+00,3.028879159322897863e+00,3.056927728712650616e+00,3.084476405594879012e+00,3.111532657452281914e+00,3.138104029206656875e+00,3.164198124769653564e+00,3.189822590025283233e+00,3.214985097161544569e+00
4.000000000000000083e-02,3.010816870185485314e-02,4.341519733246470419e-02,5.907898168305782821e-02,7.705574803195561207e-02,9.729575628663654496e-02,1.197436374447028856e-01,1.443387629634741987e-01,1.710156415610505354e-01,1.997043387649397039e-01,2.303309144030220024e-01,2.628178731943456858e-01,2.970846236406121110e-01,3.330479405380092905e-01,3.706224266165557002e-01,4.097209690623622169e-01,4.502551869783173455e-01,4.921358661812176849e-01,5.352733781085385889e-01,5.795780800062113602e-01,6.249606939805045780e-01,6.713326629135543122e-01,7.186064816550848944e-01,7.666960023051078155e-01,8.155167127875829758e-01,8.649859882778453413e-01,9.150233153828244426e-01,9.655504892794749550e-01,1.016491784291188916e+00,1.067774098622989332e+00,1.119327074183527282e+00,1.171083192595658851e+00,1.222977848638560072e+00,1.274949402474421456e+00,1.326939212093658060e+00,1.378891647466440329e+00,1.430754087917677664e+00,1.482476904249906191e+00,1.534013427126490914e+00,1.585319903198784575e+00,1.636355440417929685e+00,1.687081943917327020e+00,1.737464043787725343e+00,1.787469015995551080e+00,1.837066697618470856e+00,1.886229397491999249e+00,1.934931803278817419e+00,1.983150885889693793e+00,2.030865802102689965e+00,2.078057796146654201e+00,2.124710100936683776e+00,2.170807839573918763e+00,2.216337927650238626e+00,2.261288976830516440e+00,2.305651200121352939e+00,2.349416319175782419e+00,2.392577473928424681e+00,2.435129134804947970e+00,2.477067017703411977e+00,2.518388001903065998e+00,2.559090051018204637e+00,2.599172137080671963e+00,2.638634167804294162e+00,2.677476917057698635e+00,2.715701958548441208e+00,2.753311602700844407e+00,2.790308836692264816e+00,2.826697267597380936e+00,2.862481068577313437e+00,2.897664928039784815e+00,2.932254001687806699e+00,2.966253867367421027e+00,2.999670482619626100e+00,3.032510144837551991e+00,3.064779453927171105e+00,3.096485277368024924e+00,3.127634717569689915e+00,3.158235081419634938e+00,3.188293851918839739e+00,3.217818661802790636e+00,3.246817269047241439e+00,3.275297534160296564e+00,3.303267399164901974e+00,3.330734868178582886e+00,3.357707989500298140e+00,3.384194839117415476e+00
4.200000000000000261e-02,3.161357713694759597e-02,4.558595719908794391e-02,6.203293076721072552e-02,8.090853543355340516e-02,1.021605441009683785e-01,1.257308193169380250e-01,1.515557011116479280e-01,1.795664236391030510e-01,2.096895557031866753e-01,2.418474601231731247e-01,2.759587668540629535e-01,3.119388548226427749e-01,3.497003375649097578e-01,3.891535479473834935e-01,4.302070175154803500e-01,4.727679463272332350e-01,5.167426594902785331e-01,5.620370470139655072e-01,6.085569840065219172e-01,6.562087286795298402e-01,7.048992960592320722e-01,7.545368057378391002e-01,8.050308024203632895e-01,8.562925484269621190e-01,9.082352876917376694e-01,9.607744811519657313e-01,1.013828013743448775e+00,1.067316373505748484e+00,1.121162803554138776e+00,1.175293427892703635e+00,1.229637352225441793e+00,1.284126741070488187e+00,1.338696872598142518e+00,1.393286172698340986e+00,1.447836229839762456e+00,1.502291792313561469e+00,1.556600749462401456e+00,1.610714098482815437e+00,1.664585898358723837e+00,1.718173212438826258e+00,1.771436041113193527e+00,1.824337245977111666e+00,1.876842466795328734e+00,1.928920032499394477e+00,1.980540867366599178e+00,2.031678393442758246e+00,2.082308430184178327e+00,2.132409092207824486e+00,2.181960685953987067e+00,2.230945605983517765e+00,2.279348231552614568e+00,2.327154824032750646e+00,2.374353425672042217e+00,2.420933760127420786e+00,2.466887135134571363e+00,2.512206347624846181e+00,2.556885591545195346e+00,2.600920368588582665e+00,2.644307401998219564e+00,2.687044553569114758e+00,2.729130743934705450e+00,2.770565876194508892e+00,2.811350762910584056e+00,2.851487056475863202e+00,2.890977182835886783e+00,2.929824278526878434e+00,2.968032130977250382e+00,3.005605122006179020e+00,3.042548174441774389e+00,3.078866701772197345e+00,3.114566560735792411e+00,3.149654006750607138e+00,3.184135652079429946e+00,3.218018426623529660e+00,3.251309541236426348e+00,3.284016453448174389e+00,3.316146835490616507e+00,3.347708544514782059e+00,3.378709594892930212e+00,3.409158132499603422e+00,3.439062410868311659e+00,3.468430769123147517e+00,3.497271611587512208e+00,3.525593388975313491e+00,3.553404581073286383e+00
4.399999999999999745e-02,3.311898557204033533e-02,4.775671706571116976e-02,6.498687985136361589e-02,8.476132283515117050e-02,1.070253319153001981e-01,1.317180011891731506e-01,1.587726392598216296e-01,1.881172057171555667e-01,2.196747726414336466e-01,2.533640058433241915e-01,2.890996605137802211e-01,3.267930860046733277e-01,3.663527345918101696e-01,4.076846692782112314e-01,4.506930659685984275e-01,4.952807056761490134e-01,5.413494527993394367e-01,5.888007159193924256e-01,6.375358880068324741e-01,6.874567633785549914e-01,7.384659292049097212e-01,7.904671298205933061e-01,8.433656025356185415e-01,8.970683840663411512e-01,9.514845871056298865e-01,1.006525646921106798e+00,1.062105538207422262e+00,1.118140962720307607e+00,1.174551508485288220e+00,1.231259781601879988e+00,1.288191511855224736e+00,1.345275633502416079e+00,1.402444342721863579e+00,1.459633133303023911e+00,1.516780812213084362e+00,1.573829496709445275e+00,1.630724594674896721e+00,1.687414769839139739e+00,1.743851893518662877e+00,1.799990984459722387e+00,1.855790138309059589e+00,1.911210448166497544e+00,1.966215917595106166e+00,2.020773367380317875e+00,2.074852337241198885e+00,2.128424983606699072e+00,2.181465974478662861e+00,2.233952382312958562e+00,2.285863575761319488e+00,2.337181111030351754e+00,2.387888623531310373e+00,2.437971720415262222e+00,2.487417874513567551e+00,2.536216320133487745e+00,2.584357951093360306e+00,2.631835221321267237e+00,2.678642048285442723e+00,2.724773719473752909e+00,2.770226802093372243e+00,2.814999056120024878e+00,2.859089350788738937e+00,2.902497584584723178e+00,2.945224608763468588e+00,2.987272154403285196e+00,3.028642762970928715e+00,3.069339720361491164e+00,3.109366994357118941e+00,3.148729175435044159e+00,3.187431420843763075e+00,3.225479401856587547e+00,3.262879254104162907e+00,3.299637530881588177e+00,3.335761159321307012e+00,3.371257399319887771e+00,3.406133805104827328e+00,3.440398189326658418e+00,3.474058589561598076e+00,3.507123237110723490e+00,3.539600527983069345e+00,3.571498995951964961e+00,3.602827287576326309e+00,3.633594139081392171e+00,3.663808354996441086e+00,3.693478788450327954e+00,3.722614323029156402e+00
4.599999999999999922e-02,3.462439400713308163e-02,4.992747693233440948e-02,6.794082893551650626e-02,8.861411023674894971e-02,1.118901197296320177e-01,1.377051830614083039e-01,1.659895774079953312e-01,1.966679877952080824e-01,2.296599895796806456e-01,2.648805515634752861e-01,3.022405541734975443e-01,3.416473171867039360e-01,3.830051316187106369e-01,4.262157906090390802e-01,4.711791144217165050e-01,5.177934650250649584e-01,5.659562461084003404e-01,6.155643848248193439e-01,6.665147920071430310e-01,7.187047980775802536e-01,7.720325623505874812e-01,8.263974539033475120e-01,8.817004026508740155e-01,9.378442197057204055e-01,9.947338865195221036e-01,1.052276812690248198e+00,1.110383062671396193e+00,1.168965551934867175e+00,1.227940213416437665e+00,1.287226135311056341e+00,1.346745671485007678e+00,1.406424525934343972e+00,1.466191812845584641e+00,1.525980093907706836e+00,1.585725394586406489e+00,1.645367201105329302e+00,1.704848439887391987e+00,1.764115441195464484e+00,1.823117888678602139e+00,1.881808756480618960e+00,1.940144235504926096e+00,1.998083650355883867e+00,2.055589368394883820e+00,2.112626702261241274e+00,2.169163807115798814e+00,2.225171573770639899e+00,2.280623518773147840e+00,2.335495672418093083e+00,2.389766465568652354e+00,2.443416616077186188e+00,2.496429015510006177e+00,2.548788616797774242e+00,2.600482323355093772e+00,2.651498880139555592e+00,2.701828767052149249e+00,2.751464095017688294e+00,2.800398505025690099e+00,2.848627070358923596e+00,2.896146202188525809e+00,2.942953558670934999e+00,2.989047957642772424e+00,3.034429292974937908e+00,3.079098454616353564e+00,3.123057252330707190e+00,3.166308343105971090e+00,3.208855162196104338e+00,3.250701857736987943e+00,3.291853228863910186e+00,3.332314667245752648e+00,3.372092101940977749e+00,3.411191947472534292e+00,3.449621055012569659e+00,3.487386666563184967e+00,3.524496372016246326e+00,3.560958068973228308e+00,3.596779925205142892e+00,3.631970343632579645e+00,3.666537929706665810e+00,3.700491461073208921e+00,3.733839859404327388e+00,3.766592164284340960e+00,3.798757509039637270e+00,3.830345098405370408e+00,3.861364187925342861e+00,3.891824064985027309e+00
4.800000000000000100e-02,3.612980244222582099e-02,5.209823679895764920e-02,7.089477801966939663e-02,9.246689763834674280e-02,1.167549075439638512e-01,1.436923649336434572e-01,1.732065155561690606e-01,2.052187698732606258e-01,2.396452065179276447e-01,2.763970972836264361e-01,3.153814478332148119e-01,3.565015483687345443e-01,3.996575286456111598e-01,4.447469119398668735e-01,4.916651628748346381e-01,5.403062243739807924e-01,5.905630394174612441e-01,6.423280537302463733e-01,6.954936960074535879e-01,7.499528327766055158e-01,8.055991954962651302e-01,8.623277779861018288e-01,9.200352027661293786e-01,9.786200553450995487e-01,1.037983185933414543e+00,1.098027978459389375e+00,1.158660587135369902e+00,1.219790141149426743e+00,1.281328918347587331e+00,1.343192489020232694e+00,1.405299831114790621e+00,1.467573418366272087e+00,1.529939282969305703e+00,1.592327054512389761e+00,1.654669976959728617e+00,1.716904905501213108e+00,1.778972285099887474e+00,1.840816112551789008e+00,1.902383883838541401e+00,1.963626528501515534e+00,2.024498332700792602e+00,2.084956852545270412e+00,2.144962819194661474e+00,2.204480037142165116e+00,2.263475276990399188e+00,2.321918163934580726e+00,2.379781063067632374e+00,2.437038962523227603e+00,2.493669355375985219e+00,2.549652121124020621e+00,2.604969407488702426e+00,2.659605513180286263e+00,2.713546772196619550e+00,2.766781440145623439e+00,2.819299583010938637e+00,2.871092968714109794e+00,2.922154961765937475e+00,2.972480421244094284e+00,3.022065602283679375e+00,3.070908061221845564e+00,3.119006564496806355e+00,3.166361001365152639e+00,3.212972300469238540e+00,3.258842350258129184e+00,3.303973923241013466e+00,3.348370604030717956e+00,3.392036721116857390e+00,3.434977282292775769e+00,3.477197913647742222e+00,3.518704802025368394e+00,3.559504640840905232e+00,3.599604579143551142e+00,3.639012173805062478e+00,3.677735344712604881e+00,3.715782332841629731e+00,3.753161661083627809e+00,3.789882097703561659e+00,3.825952622302607686e+00,3.861382394163348497e+00,3.896180722856689371e+00,3.930357040992356055e+00,3.963920878997882369e+00,3.996881841814299730e+00,4.029249587400357768e+00,4.061033806940898216e+00
5.000000000000000278e-02,3.763521087731856729e-02,5.426899666558088198e-02,7.384872710382228700e-02,9.631968503994452202e-02,1.216196953582956847e-01,1.496795468058786105e-01,1.804234537043427622e-01,2.137695519513131692e-01,2.496304234561746160e-01,2.879136430037775307e-01,3.285223414929321351e-01,3.713557795507651527e-01,4.163099256725116271e-01,4.632780332706946669e-01,5.121512113279528267e-01,5.628189837228967374e-01,6.151698327265221478e-01,6.690917226356732916e-01,7.244726000077642558e-01,7.812008674756307780e-01,8.391658286419428903e-01,8.982581020688561457e-01,9.583700028813848526e-01,1.019395890984478692e+00,1.081232485347306760e+00,1.143779144228530553e+00,1.206938111599343610e+00,1.270614730363986089e+00,1.334717623278736776e+00,1.399158842729409047e+00,1.463853990744573785e+00,1.528722310798200201e+00,1.593686753093026764e+00,1.658674015117072686e+00,1.723614559333050522e+00,1.788442609897097135e+00,1.853096130312382739e+00,1.917516783908113531e+00,1.981649878998480663e+00,2.045444300522412107e+00,2.108852429896658887e+00,2.171830054734656734e+00,2.234336269994439128e+00,2.296333372023088515e+00,2.357786746864999117e+00,2.418664754098521552e+00,2.478938607362117352e+00,2.538582252628362124e+00,2.597572245183318085e+00,2.655887626170854610e+00,2.713509799467398231e+00,2.770422409562798283e+00,2.826611221038145327e+00,2.882064000151691285e+00,2.936770398969728024e+00,2.990721842410531295e+00,3.043911418506184852e+00,3.096333772129264972e+00,3.147985002378832498e+00,3.198862563772755685e+00,3.248965171350839842e+00,3.298292709755367813e+00,3.346846146322123516e+00,3.394627448185551621e+00,3.441639503376055842e+00,3.487886045865331130e+00,3.533371584496726392e+00,3.578101335721641796e+00,3.622081160049731352e+00,3.665317502109758596e+00,3.707817334209276616e+00,3.749588103274532624e+00,3.790637681046940433e+00,3.830974317408963881e+00,3.870606596710031155e+00,3.909543396962112283e+00,3.947793851774543672e+00,3.985367314898550006e+00,4.022273327253488517e+00,4.058521586309051798e+00,4.094121917700371149e+00,4.129084248956127468e+00,4.163418585223229051e+00,4.197134986875372675e+00,4.230243548896769568e+00
5.200000000000000455e-02,3.914061931241131359e-02,5.643975653220412170e-02,7.680267618797519125e-02,1.001724724415423012e-01,1.264844831726275043e-01,1.556667286781137638e-01,1.876403918525164916e-01,2.223203340293656849e-01,2.596156403944216429e-01,2.994301887239286253e-01,3.416632351526494027e-01,3.862100107327958165e-01,4.329623226994120944e-01,4.818091546015224602e-01,5.326372597810709042e-01,5.853317430718125713e-01,6.397766260355830514e-01,6.958553915411002100e-01,7.534515040080748127e-01,8.124489021746560402e-01,8.727324617876206503e-01,9.341884261516103516e-01,9.967048029966402156e-01,1.060171726623857946e+00,1.124481784761198977e+00,1.189530309997671953e+00,1.255215636063317541e+00,1.321439319578545657e+00,1.388106328209886220e+00,1.455125196438585622e+00,1.522408150374356728e+00,1.589871203230128316e+00,1.657434223216748048e+00,1.725020975721755612e+00,1.792559141706372650e+00,1.859980314292980941e+00,1.927219975524878226e+00,1.994217455264438277e+00,2.060915874158419925e+00,2.127262072543308680e+00,2.193206527092525171e+00,2.258703256924043057e+00,2.323709720794216782e+00,2.388186706904012357e+00,2.452098216739599046e+00,2.515411344262462823e+00,2.578096151656601887e+00,2.640125542733497088e+00,2.701475134990650950e+00,2.762123131217689043e+00,2.822050191446094480e+00,2.881239305945310303e+00,2.939675669879671549e+00,2.997346560157758688e+00,3.054241214928516968e+00,3.110350716106952351e+00,3.165667875246432672e+00,3.220187123014435659e+00,3.273904402473986064e+00,3.326817066323666250e+00,3.378923778204873773e+00,3.430224418145582543e+00,3.480719992175008493e+00,3.530412546112973615e+00,3.579305083511097774e+00,3.627401487699944749e+00,3.674706447876595394e+00,3.721225389150507379e+00,3.766964406451720926e+00,3.811930202194149242e+00,3.856130027577647557e+00,3.899571627405514107e+00,3.942263188288817943e+00,3.984213290105322436e+00,4.025430860578432579e+00,4.065925132840597200e+00,4.105705605845525241e+00,4.144782007494492326e+00,4.183164260343628094e+00,4.220862449761414226e+00,4.257886794408386244e+00,4.294247618914372566e+00,4.329955328632157929e+00,4.365020386350388470e+00,4.399453290852640031e+00
5.399999999999999939e-02,4.064602774750405295e-02,5.861051639882734754e-02,7.975662527212806774e-02,1.040252598431400805e-01,1.313492709869593378e-01,1.616539105503488893e-01,1.948573300006901654e-01,2.308711161074182006e-01,2.696008573326685864e-01,3.109467344440797199e-01,3.548041288123666703e-01,4.010642419148263693e-01,4.496147197263125062e-01,5.003402759323501980e-01,5.531233082341889817e-01,6.078445024207284053e-01,6.643834193446438441e-01,7.226190604465271283e-01,7.824304080083853696e-01,8.436969368736811914e-01,9.062990949332982993e-01,9.701187502343645574e-01,1.035039603111895579e+00,1.100947562263236978e+00,1.167731084175091194e+00,1.235281475766813131e+00,1.303493160527291028e+00,1.372263908793105003e+00,1.441495033141035664e+00,1.511091550147761753e+00,1.580962310004139448e+00,1.651020095662055986e+00,1.721181693340468888e+00,1.791367936326438315e+00,1.861503724079694555e+00,1.931518018688864746e+00,2.001343820737373047e+00,2.070918126620762578e+00,2.140181869318359187e+00,2.209079844564204809e+00,2.277560624288391455e+00,2.345576459113428935e+00,2.413083171593993992e+00,2.480040041784935312e+00,2.546409686614198975e+00,2.612157934426403205e+00,2.677253695951086421e+00,2.741668832838631165e+00,2.805378024797983372e+00,2.868358636264523032e+00,2.930590583424789841e+00,2.992056202327821879e+00,3.052740118721196882e+00,3.112629120163826091e+00,3.171712030887305911e+00,3.229979589803373408e+00,3.287424331986679604e+00,3.344040473899605903e+00,3.399823802569139186e+00,3.454771568874575927e+00,3.508882385058906817e+00,3.562156126535796830e+00,3.614593838027893469e+00,3.666197644040395165e+00,3.716970663646139705e+00,3.766916929534557479e+00,3.816041311256464397e+00,3.864349442579372962e+00,3.911847652853709612e+00,3.958542902278539000e+00,4.004442720946018497e+00,4.049555151536495146e+00,4.093888695530695010e+00,4.137452262801680547e+00,4.180255124446833115e+00,4.222306868719081230e+00,4.263617359916507255e+00,4.304196700090433758e+00,4.344055193433766782e+00,4.383203313213775765e+00,4.421651671116400451e+00,4.459410988872617665e+00,4.496492072041086807e+00,4.532905785825402489e+00,4.568663032808510494e+00
5.600000000000000117e-02,4.215143618259679231e-02,6.078127626545058726e-02,8.271057435628095811e-02,1.078780472447378597e-01,1.362140588012911713e-01,1.676410924225840426e-01,2.020742681488638948e-01,2.394218981854707440e-01,2.795860742709155855e-01,3.224632801642308144e-01,3.679450224720839380e-01,4.159184730968569776e-01,4.662671167532129735e-01,5.188713972631779914e-01,5.736093566873070593e-01,6.303572617696442393e-01,6.889902126537047478e-01,7.493827293519540467e-01,8.114093120086959265e-01,8.749449715727064536e-01,9.398657280789760593e-01,1.006049074317118874e+00,1.073374403227151053e+00,1.141723397902616233e+00,1.210980383588983633e+00,1.281032641535954308e+00,1.351770684991264959e+00,1.423088498007664349e+00,1.494883738072185109e+00,1.567057903856938106e+00,1.639516469633922391e+00,1.712168988093984101e+00,1.784929163464189950e+00,1.857714896931121462e+00,1.930448306453016682e+00,2.003055723084748774e+00,2.075467665949868756e+00,2.147618797977087102e+00,2.219447864478298449e+00,2.290897616585101382e+00,2.361914721484257740e+00,2.432449661302815258e+00,2.502456622393771646e+00,2.571893376665859154e+00,2.640721156488798904e+00,2.708904524590344476e+00,2.776411240245571399e+00,2.843212122943765685e+00,2.909280914605316237e+00,2.974594141311357021e+00,3.039130975403486090e+00,3.102873098710333899e+00,3.165804567562722660e+00,3.227911680169893938e+00,3.289182846846095298e+00,3.349608463499794908e+00,3.409180788726926981e+00,3.467893824784776591e+00,3.525743202664292308e+00,3.582726071425486047e+00,3.638840991912940748e+00,3.694087834926011560e+00,3.748467683880778445e+00,3.801982741967817603e+00,3.854636243781182081e+00,3.906432371369171097e+00,3.957376174636333399e+00,4.007473496008238101e+00,4.056730899255699185e+00,4.105155602362930090e+00,4.152755414314389881e+00,4.199538675667476184e+00,4.245514202772572965e+00,4.290691235498039546e+00,4.335079388315234539e+00,4.378688604597565259e+00,4.421529113987488380e+00,4.463611392686376078e+00,4.504946126523906358e+00,4.545544176666137304e+00,4.585416547824415545e+00,4.624574358830862764e+00,4.663028815450015685e+00,4.700791185300417396e+00,4.737872774764381845e+00
5.800000000000000294e-02,4.365684461768953861e-02,6.295203613207382698e-02,8.566452344043386236e-02,1.117308346463356528e-01,1.410788466156230048e-01,1.736282742948191959e-01,2.092912062970376241e-01,2.479726802635232596e-01,2.895712912091625846e-01,3.339798258843819090e-01,3.810859161318012611e-01,4.307727042788875860e-01,4.829195137801134963e-01,5.374025185940057847e-01,5.940954051404252478e-01,6.528700211185601843e-01,7.135970059627656514e-01,7.761463982573809650e-01,8.403882160090064835e-01,9.061930062717317158e-01,9.734323612246538193e-01,1.041979398399873080e+00,1.111709203342406305e+00,1.182499233541995265e+00,1.254229683002875850e+00,1.326783807305095486e+00,1.400048209455238668e+00,1.473913087222223917e+00,1.548272443003334553e+00,1.623024257566114459e+00,1.698070629263705555e+00,1.773317880525912216e+00,1.848676633587911233e+00,1.924061857535804387e+00,1.999392888826338588e+00,2.074593427480632801e+00,2.149591511162364021e+00,2.224319469333411625e+00,2.298713859638237711e+00,2.372715388605997955e+00,2.446268818680124468e+00,2.519322863492201581e+00,2.591830073193549300e+00,2.663746711546782553e+00,2.735032626363398833e+00,2.805651114754285302e+00,2.875568784540055933e+00,2.944755413048900206e+00,3.013183804412649103e+00,3.080829646358191454e+00,3.147671367382181895e+00,3.213689995092845919e+00,3.278869016404248882e+00,3.343194240175961784e+00,3.406653662804884242e+00,3.469237337196215964e+00,3.530937245467174801e+00,3.591747175669947278e+00,3.651662602759445875e+00,3.710680573976396612e+00,3.768799598766974235e+00,3.826019543316226290e+00,3.882341529733663421e+00,3.937767839895239597e+00,3.992301823916224457e+00,4.045947813203784271e+00,4.098711038016202401e+00,4.150597549437104128e+00,4.201614145657688759e+00,4.251768302447319847e+00,4.301068107682760377e+00,4.349522199798458111e+00,4.397139710014450920e+00,4.443930208194397657e+00,4.489903652183635963e+00,4.535070340476050177e+00,4.579440868058470393e+00,4.623026085282317510e+00,4.665837059614045934e+00,4.707885040118499731e+00,4.749181424532430640e+00,4.789737728789107862e+00,4.829565558858945451e+00,4.868676584775433192e+00,4.907082516720252308e+00
5.999999999999999778e-02,4.516225305278227797e-02,6.512279599869705282e-02,8.861847252458673885e-02,1.155836220479334181e-01,1.459436344299548105e-01,1.796154561670543215e-01,2.165081444452112980e-01,2.565234623415757476e-01,2.995565081474095281e-01,3.454963716045330036e-01,3.942268097915184732e-01,4.456269354609181943e-01,4.995719108070139081e-01,5.559336399248335780e-01,6.145814535935433254e-01,6.753827804674759072e-01,7.382037992718264441e-01,8.029100671628078834e-01,8.693671200093170404e-01,9.374410409707568670e-01,1.006998994370331468e+00,1.077909722482627286e+00,1.150044003457661779e+00,1.223275069181374297e+00,1.297478982416768067e+00,1.372534973074236664e+00,1.448325733919212155e+00,1.524737676436783262e+00,1.601661147934483997e+00,1.678990611275290812e+00,1.756624788893488276e+00,1.834466772957840108e+00,1.912424103711632073e+00,1.990408818140487091e+00,2.068337471199660715e+00,2.146131131876516385e+00,2.223715356374859287e+00,2.301020140689736149e+00,2.377979854798176529e+00,2.454533160626894084e+00,2.530622915875990309e+00,2.606196065681587903e+00,2.681203523993326510e+00,2.755600046427705951e+00,2.829344096237998762e+00,2.902397704918225685e+00,2.974726328834540467e+00,3.046298703154034726e+00,3.117086694219981524e+00,3.187065151405025443e+00,3.256211759360877700e+00,3.324506891475357495e+00,3.391933465245774215e+00,3.458476800182029187e+00,3.524124478763673185e+00,3.588866210892637021e+00,3.652693702207421733e+00,3.715600526555117522e+00,3.777582002854598997e+00,3.838635076527306289e+00,3.898758205621007722e+00,3.957951251706441020e+00,4.016215375586548397e+00,4.073552937822661590e+00,4.129967404051265945e+00,4.185463255038397001e+00,4.240045901396070960e+00,4.293721602865969267e+00,4.346497392059677445e+00,4.398381002531710493e+00,4.449380801051131762e+00,4.499505723929438261e+00,4.548765217256327986e+00,4.597169180890755769e+00,4.644727916052037386e+00,4.691452076354534206e+00,4.737352622129451518e+00,4.782440777878259830e+00,4.826727992704185510e+00,4.870225903570861270e+00,4.912946301240444846e+00,4.954901098747352961e+00,4.996102302267874329e+00,5.036561984250447210e+00,5.076292258676122771e+00
6.199999999999999956e-02,4.666766148787501733e-02,6.729355586532029254e-02,9.157242160873964310e-02,1.194364094495311973e-01,1.508084222442866440e-01,1.856026380392894748e-01,2.237250825933850273e-01,2.650742444196282910e-01,3.095417250856565272e-01,3.570129173246840981e-01,4.073677034512357964e-01,4.604811666429488026e-01,5.162243078339143754e-01,5.744647612556613714e-01,6.350675020466614029e-01,6.978955398163918522e-01,7.628105925808873478e-01,8.296737360682348017e-01,8.983460240096275973e-01,9.686890756697821292e-01,1.040565627516009117e+00,1.113840046565381492e+00,1.188378803572917031e+00,1.264050904820753551e+00,1.340728281830660285e+00,1.418286138843377842e+00,1.496603258383186086e+00,1.575562265651342830e+00,1.655049852865633442e+00,1.734956964984467165e+00,1.815178948523271218e+00,1.895615665389768001e+00,1.976171573835353135e+00,2.056755778745170016e+00,2.137282053572982399e+00,2.217668836272400412e+00,2.297839201587354552e+00,2.377720812046060672e+00,2.457245849958115791e+00,2.536350932647790657e+00,2.614977013071857037e+00,2.693069267870974226e+00,2.770576974793104164e+00,2.847453381308629794e+00,2.923655566112598692e+00,2.999144295082166956e+00,3.073883873129025446e+00,3.147841993259169246e+00,3.220989584027314390e+00,3.293300656451859432e+00,3.364752151339573949e+00,3.435323787857869515e+00,3.504997914087299993e+00,3.573759360188096590e+00,3.641595294722462128e+00,3.708495084589058521e+00,3.774450158947669109e+00,3.839453877440288210e+00,3.903501402949752119e+00,3.966589579078216854e+00,4.028716812475041209e+00,4.089882960096655751e+00,4.150089221439433373e+00,4.209338035750083584e+00,4.267632984186308320e+00,4.324978696873010620e+00,4.381380764775940406e+00,4.436845656294835294e+00,4.491380638461667019e+00,4.544993702616100251e+00,4.597693494419502258e+00,4.649489248060420188e+00,4.700390724498205941e+00,4.750408153587114768e+00,4.799552179920438810e+00,4.847833812233019124e+00,4.895264376200433531e+00,4.941855470474201262e+00,4.987618925794325087e+00,5.032566767023223697e+00,5.076711177948459941e+00,5.120064468705598060e+00,5.162639045676803207e+00,5.204447383725462117e+00,5.245502000631993234e+00
6.400000000000000133e-02,4.817306992296776363e-02,6.946431573194353226e-02,9.452637069289253346e-02,1.232891968511289904e-01,1.556732100586184775e-01,1.915898199115246003e-01,2.309420207415587289e-01,2.736250264976808344e-01,3.195269420239035263e-01,3.685294630448351927e-01,4.205085971109530640e-01,4.753353978249794110e-01,5.328767048608148427e-01,5.929958825864891647e-01,6.555535504997795915e-01,7.204082991653076862e-01,7.874173858899482514e-01,8.564374049736617200e-01,9.273249280099381542e-01,9.999371103688073914e-01,1.074132260661686988e+00,1.149770370648135698e+00,1.226713603688172505e+00,1.304826740460132806e+00,1.383977581244552502e+00,1.464037304612519241e+00,1.544880782847159795e+00,1.626386854865902176e+00,1.708438557796782886e+00,1.790923318693643518e+00,1.873733108153054161e+00,1.956764557821696116e+00,2.039919043959074418e+00,2.123102739349853163e+00,2.206226635946304526e+00,2.289206540668283996e+00,2.371963046799849817e+00,2.454421483402385196e+00,2.536511845118055053e+00,2.618168704668687230e+00,2.699331110267723322e+00,2.779942470060360549e+00,2.859950425592881817e+00,2.939306716189553192e+00,3.017967035987198621e+00,3.095890885246107782e+00,3.173041417423509980e+00,3.249385283364303767e+00,3.324892473834646811e+00,3.399536161498693865e+00,3.473292543318269754e+00,3.546140684240381535e+00,3.618062362928826214e+00,3.689041920194164437e+00,3.759066110681251516e+00,3.828123958285479578e+00,3.896206615687916486e+00,3.963307228325458897e+00,4.029420803044905242e+00,4.094544081629127419e+00,4.158675419329075140e+00,4.221814668486870481e+00,4.283963067292318350e+00,4.345123133677505578e+00,4.405298564321350696e+00,4.464494138707624238e+00,4.522715628155809853e+00,4.579969709723701321e+00,4.636263884863655704e+00,4.691606402700490897e+00,4.746006187787873642e+00,4.799472772191401226e+00,4.852016231740083008e+00,4.903647126283473767e+00,4.954376443788840234e+00,5.004215548111504042e+00,5.053176130271415545e+00,5.101270163070143582e+00,5.148509858884464663e+00,5.194907630475586124e+00,5.240476054656475036e+00,5.285227838663843158e+00,5.329175789085732973e+00,5.372332783200477024e+00,5.414711742587864585e+00
6.600000000000000311e-02,4.967847835806050993e-02,7.163507559856675810e-02,9.748031977704542383e-02,1.271419842527267696e-01,1.605379978729503110e-01,1.975770017837597536e-01,2.381589588897324583e-01,2.821758085757333778e-01,3.295121589621505254e-01,3.800460087649863428e-01,4.336494907706703872e-01,4.901896290070100193e-01,5.495291018877153100e-01,6.115270039173169581e-01,6.760395989528976690e-01,7.429210585142236312e-01,8.120241791990091551e-01,8.832010738790887494e-01,9.563038320102488221e-01,1.031185145067832654e+00,1.107698893807364637e+00,1.185700694730890126e+00,1.265048403803427979e+00,1.345602576099511838e+00,1.427226880658444941e+00,1.509788470381660419e+00,1.593158307311133726e+00,1.677211444080461744e+00,1.761827262727932553e+00,1.846889672402820093e+00,1.932287267782837326e+00,2.017913450253624230e+00,2.103666514082795480e+00,2.189449699954535866e+00,2.275171218319626654e+00,2.360744245064168023e+00,2.446086892012345082e+00,2.531122154758710163e+00,2.615777840277994315e+00,2.699986476689583803e+00,2.783685207463589606e+00,2.866815672249746871e+00,2.949323876392659471e+00,3.031160051070477035e+00,3.112278505861798994e+00,3.192637475410048609e+00,3.272198961717994958e+00,3.350928573469438287e+00,3.428795363641979677e+00,3.505771666545528298e+00,3.581832935296966003e+00,3.656957580622893555e+00,3.731126811770351992e+00,3.804324480200232284e+00,3.876536926640040903e+00,3.947752831981901078e+00,4.017963072428163862e+00,4.087160579210629585e+00,4.155340203140059252e+00,4.222498584180037540e+00,4.288634026183109071e+00,4.353746376877085211e+00,4.417836913145203326e+00,4.480908231604927572e+00,4.542964144456393072e+00,4.604009580542236968e+00,4.664050491535678411e+00,4.723093763152567348e+00,4.781147131265645278e+00,4.838219102784881542e+00,4.894318881156245027e+00,4.949456296322383153e+00,5.003641738981960962e+00,5.056886098979831878e+00,5.109200707657241658e+00,5.160597283989988071e+00,5.211087884342397558e+00,5.260684855666085902e+00,5.309400791974604239e+00,5.357248493927948552e+00,5.404240931364490130e+00,5.450391208622088257e+00,5.495712532494661851e+00,5.540218182675492820e+00,5.583921484543735048e+00
6.800000000000000488e-02,5.118388679315324929e-02,7.380583546518999782e-02,1.004342688611983142e-01,1.309947716543245488e-01,1.654027856872821445e-01,2.035641836559949069e-01,2.453758970379061599e-01,2.907265906537859212e-01,3.394973759003975244e-01,3.915625544851374373e-01,4.467903844303876548e-01,5.050438601890406831e-01,5.661814989146157773e-01,6.300581252481447514e-01,6.965256474060158576e-01,7.654338178631394651e-01,8.366309725080700588e-01,9.099647427845156678e-01,9.852827360105593790e-01,1.062433179766857805e+00,1.141265526953042286e+00,1.221631018813644332e+00,1.303383203918683453e+00,1.386378411738891092e+00,1.470476180072337158e+00,1.555539636150801819e+00,1.641435831775107435e+00,1.728036033295021312e+00,1.815215967659081997e+00,1.902856026111996446e+00,1.990841427412620268e+00,2.079062342685552345e+00,2.167413984206516542e+00,2.255796660559219013e+00,2.344115800692948781e+00,2.432281949460052051e+00,2.520210737224840791e+00,2.607822826115034687e+00,2.695043835437933577e+00,2.781804248710480376e+00,2.868039304659456334e+00,2.953688874439133194e+00,3.038697327192437125e+00,3.123013385951400434e+00,3.206589975736398923e+00,3.289384065573989435e+00,3.371356506012479493e+00,3.452471863574572808e+00,3.532698253449312542e+00,3.612007171592362287e+00,3.690373327275661808e+00,3.767774477005405576e+00,3.844191260611877770e+00,3.919607040206300130e+00,3.994007742598829847e+00,4.067381705678322135e+00,4.139719529168411682e+00,4.211013930095800717e+00,4.281259603235212374e+00,4.350453086730947660e+00,4.418592633037142114e+00,4.485678085267299942e+00,4.551710758998088302e+00,4.616693329532350454e+00,4.680629724591435448e+00,4.743525022376850586e+00,4.805385354915547858e+00,4.866217816581432487e+00,4.926030377667634852e+00,4.984831802869272188e+00,5.042631574524616411e+00,5.099439820453364192e+00,5.155267246223838917e+00,5.210125071676190878e+00,5.264024971525642194e+00,5.316979019868472989e+00,5.368999638413379571e+00,5.420099548262028222e+00,5.470291725064743815e+00,5.519589357380310091e+00,5.568005808072504337e+00,5.615554578580334244e+00,5.662249275903591617e+00,5.708103582150507727e+00,5.753131226499606399e+00
7.000000000000000666e-02,5.268929522824599559e-02,7.597659533181323754e-02,1.033882179453512185e-01,1.348475590559223281e-01,1.702675735016139780e-01,2.095513655282300602e-01,2.525928351860798893e-01,2.992773727318384647e-01,3.494825928386444680e-01,4.030791002052885319e-01,4.599312780901049780e-01,5.198980913710712359e-01,5.828338959415162446e-01,6.485892465789725447e-01,7.170116958591339351e-01,7.879465772120554101e-01,8.612377658171309625e-01,9.367284116899425861e-01,1.014261640010869936e+00,1.093681214465883178e+00,1.174832160098720157e+00,1.257561342896398537e+00,1.341718004033938927e+00,1.427154247378270346e+00,1.513725479486229597e+00,1.601290801919942997e+00,1.689713356239081143e+00,1.778860622509580658e+00,1.868604672590231441e+00,1.958822379821172799e+00,2.049395587042403211e+00,2.140211235117480459e+00,2.231161454330237603e+00,2.322143621163901717e+00,2.413060383066270909e+00,2.503819653855936078e+00,2.594334582437336056e+00,2.684523497471359210e+00,2.774309830597873283e+00,2.863622020731376949e+00,2.952393401855322619e+00,3.040562076628519517e+00,3.128070777992214779e+00,3.214866720832324276e+00,3.300901445610998852e+00,3.386130655737930706e+00,3.470514050306964471e+00,3.554015153679707328e+00,3.636601143256645408e+00,3.718242676639196720e+00,3.798913719254358057e+00,3.878591373387917596e+00,3.957255709453403547e+00,4.034889600212367533e+00,4.111478558557618790e+00,4.187010579374743635e+00,4.261475985908659503e+00,4.334867280980970961e+00,4.407179003330365497e+00,4.478407589281857781e+00,4.548551239891176046e+00,4.617609793657514672e+00,4.685584604850973278e+00,4.752478427459772448e+00,4.818295304726477823e+00,4.883040464211464204e+00,4.946720218295417304e+00,5.009341870010298514e+00,5.070913624069624426e+00,5.131444502953662834e+00,5.190944267892987796e+00,5.249423344584346118e+00,5.306892753465716872e+00,5.363364044372549877e+00,5.418849235394043617e+00,5.473360755746957906e+00,5.526911392484361585e+00,5.579514240857970542e+00,5.631182658154883391e+00,5.681930220832672518e+00,5.731770684780519431e+00,5.780717948538579343e+00,5.828786019312520494e+00,5.875988981625522634e+00,5.922340968455476862e+00
7.200000000000000844e-02,5.419470366333874189e-02,7.814735519843647726e-02,1.063421670295041088e-01,1.387003464575201350e-01,1.751323613159458115e-01,2.155385474004652135e-01,2.598097733342535909e-01,3.078281548098909526e-01,3.594678097768914671e-01,4.145956459254396820e-01,4.730721717498222456e-01,5.347523225531018998e-01,5.994862929684168229e-01,6.671203679098003381e-01,7.374977443122520127e-01,8.104593365609712441e-01,8.858445591261918661e-01,9.634920805953696155e-01,1.043240544011180493e+00,1.124929249164908329e+00,1.208398793244397806e+00,1.293491666979152965e+00,1.380052804149194179e+00,1.467930083017649379e+00,1.556974778900121814e+00,1.647041967689084174e+00,1.737990880703055074e+00,1.829685211724140226e+00,1.921993377521381108e+00,2.014788733530349152e+00,2.107949746672186375e+00,2.201360127549408574e+00,2.294908924453958665e+00,2.388490581768584864e+00,2.482004965439593036e+00,2.575357358251820106e+00,2.668458427649831322e+00,2.761224168827683734e+00,2.853575825757812545e+00,2.945439792752273522e+00,3.036747499051188903e+00,3.127435278817905839e+00,3.217444228791992433e+00,3.306720055713247675e+00,3.395212915485598781e+00,3.482877245901871532e+00,3.569671594601449005e+00,3.655558443784841849e+00,3.740504033063978273e+00,3.824478181686031153e+00,3.907454111233053862e+00,3.989408269770429616e+00,4.070320158294929769e+00,4.150172160218435380e+00,4.228949374516408177e+00,4.306639453071165136e+00,4.383232442648906435e+00,4.458720631866142092e+00,4.533098403425519507e+00,4.606362091832768790e+00,4.678509846745209977e+00,4.749541502047729402e+00,4.819458450703858254e+00,4.888263525387194441e+00,4.955960884861520199e+00,5.022555906046076935e+00,5.088055081675286750e+00,5.152465923439164541e+00,5.215796870471613111e+00,5.278057203038052592e+00,5.339256961261358292e+00,5.399406868715327157e+00,5.458518260707593939e+00,5.516603017068907988e+00,5.573673499262445041e+00,5.629742491625441936e+00,5.684823146555342710e+00,5.738928933453911974e+00,5.792073591245022968e+00,5.844271084285034945e+00,5.895535561488534526e+00,5.945881318496824441e+00,5.995322762721450260e+00,6.043874381100537541e+00,6.091550710411348213e+00
7.399999999999999634e-02,5.570011209843147432e-02,8.031811506505970311e-02,1.092961161136569853e-01,1.425531338591178865e-01,1.799971491302775894e-01,2.215257292727003113e-01,2.670267114824272925e-01,3.163789368879434405e-01,3.694530267151384106e-01,4.261121916455906655e-01,4.862130654095394577e-01,5.496065537351324526e-01,6.161386899953171792e-01,6.856514892406280204e-01,7.579837927653700902e-01,8.329720959098869670e-01,9.104513524352526588e-01,9.902557495007963118e-01,1.072219448011491050e+00,1.156177283863933480e+00,1.241965426390075455e+00,1.329421991061906949e+00,1.418387604264449431e+00,1.508705918657028411e+00,1.600224078314013809e+00,1.692793133458225130e+00,1.786268405167028339e+00,1.880509800938699350e+00,1.975382082452530108e+00,2.070755087239525061e+00,2.166503906301968652e+00,2.262509019981335801e+00,2.358656394577679283e+00,2.454837542373267567e+00,2.550949547812914719e+00,2.646895062647703245e+00,2.742582272862326143e+00,2.837924840184007813e+00,2.932841820917750919e+00,3.027257564773169651e+00,3.121101596247054744e+00,3.214308481007291274e+00,3.306817679591769199e+00,3.398573390594170629e+00,3.489524385360198266e+00,3.579623836065811915e+00,3.668829138895933095e+00,3.757101733889975925e+00,3.844406922871310250e+00,3.930713686732864698e+00,4.015994503211748778e+00,4.100225166152941192e+00,4.183384607136455102e+00,4.265454720224502339e+00,4.346420190475196677e+00,4.426268326767585748e+00,4.504988899389153367e+00,4.582573982751311448e+00,4.659017803520671741e+00,4.734316594383678023e+00,4.808468453599243020e+00,4.881473210437943244e+00,4.953332296556742342e+00,5.024048623314615547e+00,5.093626464996561687e+00,5.162071347880689665e+00,5.229389945055154421e+00,5.295589976868028792e+00,5.360680116873601797e+00,5.424669903122442349e+00,5.487569654629728788e+00,5.549390392846307307e+00,5.610143767949471005e+00,5.669841989765266099e+00,5.728497763130845577e+00,5.786124227503925965e+00,5.842734900626323835e+00,5.898343626049853405e+00,5.952964524335161656e+00,6.006611947737395596e+00,6.059300438196548733e+00,6.111044688455068652e+00,6.161859506130378250e+00,6.211759780575551559e+00,6.260760452367217788e+00
7.599999999999999811e-02,5.720552053352422062e-02,8.248887493168292895e-02,1.122500651978098757e-01,1.464059212607156657e-01,1.848619369446094229e-01,2.275129111449354646e-01,2.742436496306009941e-01,3.249297189659959839e-01,3.794382436533854097e-01,4.376287373657418156e-01,4.993539590692567809e-01,5.644607849171630054e-01,6.327910870222176465e-01,7.041826105714558137e-01,7.784698412184881677e-01,8.554848552588029120e-01,9.350581457443135625e-01,1.017019418406223341e+00,1.101198352011801607e+00,1.187425318562958632e+00,1.275532059535753104e+00,1.365352315144661155e+00,1.456722404379704905e+00,1.549481754296407665e+00,1.643473377727906248e+00,1.738544299227366530e+00,1.834545929631002270e+00,1.931334390153258695e+00,2.028770787383679775e+00,2.126721440948701858e+00,2.225058065931751816e+00,2.323657912413263915e+00,2.422403864701400789e+00,2.521184502977950270e+00,2.619894130186236847e+00,2.718432767043587273e+00,2.816706118074821408e+00,2.914625511540332337e+00,3.012107816077690181e+00,3.109075336794066224e+00,3.205455693442921472e+00,3.301181683196678041e+00,3.396191130391546853e+00,3.490426725475094472e+00,3.583835855234798196e+00,3.676370426229752741e+00,3.767986683190418074e+00,3.858645023995110446e+00,3.948309812678643116e+00,4.036949191779698687e+00,4.124534895190445027e+00,4.211042062535453212e+00,4.296449055977980436e+00,4.380737280230570185e+00,4.463891006433986064e+00,4.545897200464007248e+00,4.626745356129401188e+00,4.706427333636482579e+00,4.784937203615824863e+00,4.862271096934588144e+00,4.938427060453276063e+00,5.013404918828158863e+00,5.087206142409627319e+00,5.159833721242037541e+00,5.231292045131604063e+00,5.301586789715303283e+00,5.370724808435023867e+00,5.438714030296894819e+00,5.505563363275591371e+00,5.571282603206832995e+00,5.635882347998100173e+00,5.699373916977289234e+00,5.761769275191348960e+00,5.823080962461624210e+00,5.883322026999247001e+00,5.942505963382409995e+00,6.000646654697305848e+00,6.057758318645795725e+00,6.113855457425301232e+00,6.168952811189758023e+00,6.223065314904563827e+00,6.276208058413313751e+00,6.328396249539307128e+00,6.379645180050566466e+00,6.429970194323089139e+00
7.799999999999999989e-02,5.871092896861695998e-02,8.465963479830616867e-02,1.152040142819627661e-01,1.502587086623134449e-01,1.897267247589412564e-01,2.335000930171706179e-01,2.814605877787746957e-01,3.334805010440485273e-01,3.894234605916324088e-01,4.491452830858929102e-01,5.124948527289741040e-01,5.793150160991936692e-01,6.494434840491181138e-01,7.227137319022836071e-01,7.989558896716063563e-01,8.779976146077187460e-01,9.596649390533744661e-01,1.043783087311650259e+00,1.130177256012112164e+00,1.218673353261984005e+00,1.309098692681430975e+00,1.401282639227415361e+00,1.495057204494960157e+00,1.590257589935786697e+00,1.686722677141798465e+00,1.784295464996507707e+00,1.882823454094975979e+00,1.982158979367818263e+00,2.082159492314829219e+00,2.182687794657878211e+00,2.283612225561534981e+00,2.384806804845192030e+00,2.486151334825121850e+00,2.587531463582633418e+00,2.688838712559558974e+00,2.789970471439471300e+00,2.890829963287317117e+00,2.991326182896657304e+00,3.091373811237629887e+00,3.190893108814962797e+00,3.289809790638787756e+00,3.388054885386064363e+00,3.485564581191324507e+00,3.582280060356017870e+00,3.678147325109398569e+00,3.773117016393693568e+00,3.867144227484902608e+00,3.960188314100244966e+00,4.052212702485975981e+00,4.143184696826533120e+00,4.233075287169141276e+00,4.321858958917965232e+00,4.409513504819506657e+00,4.496019840236638032e+00,4.581361822392775451e+00,4.665526074160428749e+00,4.748501812869648120e+00,4.830280684521652823e+00,4.910856603710978874e+00,4.990225599485498265e+00,5.068385667307309994e+00,5.145336627218373593e+00,5.221079988262512295e+00,5.295618819169460423e+00,5.368957625266646438e+00,5.441102231549916901e+00,5.512059671814893314e+00,5.581838083725760846e+00,5.650446609677580945e+00,5.717895303291223641e+00,5.784195041366470669e+00,5.849357441108270272e+00,5.913394782433226915e+00,5.976319935157983210e+00,6.038146290867648425e+00,6.098887699260894912e+00,6.158558408768287862e+00,6.217173011241738045e+00,6.274746390515440808e+00,6.331293674642120450e+00,6.386830191612578034e+00,6.441371428371558849e+00,6.494932992948236894e+00,6.547530579525581373e+00,6.599179936278959602e+00
8.000000000000000167e-02,6.021633740370970628e-02,8.683039466492940839e-02,1.181579633661156564e-01,1.541114960639112241e-01,1.945915125732730899e-01,2.394872748894057712e-01,2.886775259269483973e-01,3.420312831221010708e-01,3.994086775298794079e-01,4.606618288060440047e-01,5.256357463886913717e-01,5.941692472812242221e-01,6.660958810760185811e-01,7.412448532331114004e-01,8.194419381247244338e-01,9.005103739566346910e-01,9.842717323624353698e-01,1.070546756217077178e+00,1.159156160012422720e+00,1.249921387961009156e+00,1.342665325827108624e+00,1.437212963310169789e+00,1.533392004610215631e+00,1.631033425575165952e+00,1.729971976555690683e+00,1.830046630765648885e+00,1.931100978558949910e+00,2.032983568582377831e+00,2.135548197245978663e+00,2.238654148367054564e+00,2.342166385191317701e+00,2.445955697277120144e+00,2.549898804948842912e+00,2.653878424187316121e+00,2.757783294932880658e+00,2.861508175835355328e+00,2.964953808499812382e+00,3.068026854252981828e+00,3.170639806397569149e+00,3.272710880835859371e+00,3.374163887834654041e+00,3.474928087575450686e+00,3.574938031991102161e+00,3.674133395236941713e+00,3.772458794983998498e+00,3.869863606557634839e+00,3.966301771779387586e+00,4.061731604205379931e+00,4.156115592293308403e+00,4.249420201873367553e+00,4.341615679147837525e+00,4.432675855300477252e+00,4.522577953661032879e+00,4.611302400242705879e+00,4.698832638351564839e+00,4.785154947856849361e+00,4.870258269609895940e+00,4.954134035406823955e+00,5.036776003806131996e+00,5.118180102036409274e+00,5.198344274161343925e+00,5.277268335608588323e+00,5.354953834115397271e+00,5.431403917096882417e+00,5.506623205401688814e+00,5.580617673384529631e+00,5.653394535194761872e+00,5.724962137154626873e+00,5.795329856079569630e+00,5.864508003375613399e+00,5.932507734734842053e+00,5.999340965239252199e+00,6.065020289675103982e+00,6.129558907854342209e+00,6.192970554736049849e+00,6.255269435139379830e+00,6.316470162839269875e+00,6.376587703837679477e+00,6.435637323605581273e+00,6.493634538094482878e+00,6.550595068320593128e+00,6.606534798329803948e+00,6.661469736357165772e+00,6.715415979000596280e+00,6.768389678234830953e+00
8.200000000000000344e-02,6.172174583880244564e-02,8.900115453155264811e-02,1.211119124502685607e-01,1.579642834655090033e-01,1.994563003876049234e-01,2.454744567616409245e-01,2.958944640751221544e-01,3.505820652001535587e-01,4.093938944681264069e-01,4.721783745261951548e-01,5.387766400484086393e-01,6.090234784632548859e-01,6.827482781029190484e-01,7.597759745639391937e-01,8.399279865778425114e-01,9.230231333055505250e-01,1.008878525671496273e+00,1.097310425122504096e+00,1.188135064012733277e+00,1.281169422660034529e+00,1.376231958972786273e+00,1.473143287392923995e+00,1.571726804725471105e+00,1.671809261214545206e+00,1.773221275969583122e+00,1.875797796534790285e+00,1.979378503022923619e+00,2.083808157796937177e+00,2.188936902177128108e+00,2.294620502076230917e+00,2.400720544821100866e+00,2.507104589709048259e+00,2.613646275072563974e+00,2.720225384791999268e+00,2.826727877306202785e+00,2.933045880231239355e+00,3.039077653712307647e+00,3.144727525609306351e+00,3.249905801557508411e+00,3.354528652856755944e+00,3.458517985030520769e+00,3.561801289764837009e+00,3.664311482790879815e+00,3.765986730117865111e+00,3.866770264858598427e+00,3.966610196721575665e+00,4.065459316073872564e+00,4.163274894310514007e+00,4.260018482100641712e+00,4.355655706920201986e+00,4.450156071126532886e+00,4.543492751682989272e+00,4.635642402502558213e+00,4.726584960248773726e+00,4.816303454310353338e+00,4.904783821553270862e+00,4.992014726350143761e+00,5.077987386291994198e+00,5.162695403901285118e+00,5.246134604587319394e+00,5.328302881015377856e+00,5.409200043998803054e+00,5.488827679968283135e+00,5.567189015024304410e+00,5.644288785536731190e+00,5.720133115219143249e+00,5.794729398574631318e+00,5.868086190583492012e+00,5.940213102481559204e+00,6.011120703460004044e+00,6.080820428103213438e+00,6.149324489370233238e+00,6.216645796916981936e+00,6.282797880550700320e+00,6.347794818604451272e+00,6.411651171017863859e+00,6.474381916910251000e+00,6.536002396433621797e+00,6.596528256695720849e+00,6.655975401546844417e+00,6.714359945028608223e+00,6.771698168288049047e+00,6.828006479766095538e+00,6.883301378475612076e+00,6.937599420190701416e+00
8.400000000000000522e-02,6.322715427389519194e-02,9.117191439817588783e-02,1.240658615344214510e-01,1.618170708671068103e-01,2.043210882019367569e-01,2.514616386338760501e-01,3.031114022232958560e-01,3.591328472782061021e-01,4.193791114063733505e-01,4.836949202463462494e-01,5.519175337081259070e-01,6.238777096452855497e-01,6.994006751298195157e-01,7.783070958947669871e-01,8.604140350309606999e-01,9.455358926544664699e-01,1.033485318980557066e+00,1.124074094027931014e+00,1.217113968013043834e+00,1.312417457359059680e+00,1.409798592118464144e+00,1.509073611475678200e+00,1.610061604840726579e+00,1.712585096853924238e+00,1.816470575383475339e+00,1.921548962303931463e+00,2.027656027486897550e+00,2.134632747011496967e+00,2.242325607108277552e+00,2.350586855785407270e+00,2.459274704450883586e+00,2.568253482140976374e+00,2.677393745196285035e+00,2.786572345396681971e+00,2.895672459679524913e+00,3.004583584627122939e+00,3.113201498924802912e+00,3.221428196965630875e+00,3.329171796717447673e+00,3.436346424877652517e+00,3.542872082226387054e+00,3.648674491954223331e+00,3.753684933590657469e+00,3.857840064998788954e+00,3.961081734733198356e+00,4.063356786885516492e+00,4.164616860368356654e+00,4.264818184415648972e+00,4.363921371907974134e+00,4.461891211967035531e+00,4.558696463105229135e+00,4.654309648065501293e+00,4.748706851344084434e+00,4.841867520254841573e+00,4.933774270269142725e+00,5.024412695249692362e+00,5.113771183090390693e+00,5.201840737177165330e+00,5.288614803996439129e+00,5.374089107138229515e+00,5.458261487869410900e+00,5.541131752389017784e+00,5.622701525821168111e+00,5.702974112951726404e+00,5.781954365671773566e+00,5.859648557053756868e+00,5.936064261954500765e+00,6.011210244012358039e+00,6.085096348883548778e+00,6.157733403544394690e+00,6.229133121471584822e+00,6.299308013501214276e+00,6.368271304158859891e+00,6.436036853247059319e+00,6.502619082472852696e+00,6.568032906896348777e+00,6.632293670981233014e+00,6.695417089029564117e+00,6.757419189785860425e+00,6.818316264999206844e+00,6.878124821736623318e+00,6.936861538246295034e+00,6.994543223175024416e+00,7.051186777950626983e+00,7.106809162146572767e+00
8.600000000000000699e-02,6.473256270898793130e-02,9.334267426479912755e-02,1.270198106185743414e-01,1.656698582687045895e-01,2.091858760162685904e-01,2.574488205061112311e-01,3.103283403714695576e-01,3.676836293562586455e-01,4.293643283446203496e-01,4.952114659664973439e-01,5.650584273678432856e-01,6.387319408273161025e-01,7.160530721567199830e-01,7.968382172255947804e-01,8.809000834840787775e-01,9.680486520033823039e-01,1.058092112289618081e+00,1.150837762933358155e+00,1.246092872013354613e+00,1.343665492058085054e+00,1.443365225264141793e+00,1.545003935558432628e+00,1.648396404955982053e+00,1.753360932493303492e+00,1.859719874797367778e+00,1.967300128073072862e+00,2.075933551950871259e+00,2.185457336226056313e+00,2.295714312039427440e+00,2.406553209494583623e+00,2.517828864080666751e+00,2.629402374572904488e+00,2.741141215320006097e+00,2.852919306001365118e+00,2.964617042052847040e+00,3.076121289023006966e+00,3.187325344137298622e+00,3.298128868321955398e+00,3.408437791877386935e+00,3.518164196898548646e+00,3.627226179422253338e+00,3.735547694143609654e+00,3.843058384390435123e+00,3.949693399879712352e+00,4.055393204607798729e+00,4.160103377049457762e+00,4.263774404662841633e+00,4.366361474520783048e+00,4.467824261715307443e+00,4.568126717013869964e+00,4.667236855083925384e+00,4.765126544448013313e+00,4.861771300185610656e+00,4.957150080260908531e+00,5.051245086227932113e+00,5.144041568946113863e+00,5.235527639830638513e+00,5.325694088062335574e+00,5.414534204091592251e+00,5.502043609689139636e+00,5.588220094723444831e+00,5.673063460779232514e+00,5.756575371674053088e+00,5.838759210879148398e+00,5.919619945806815942e+00,5.999163998888369598e+00,6.077399125334369323e+00,6.154334297441224066e+00,6.229979595285538352e+00,6.304346103628785336e+00,6.377445814839956206e+00,6.449291537632196203e+00,6.519896811400737846e+00,6.589275825943417431e+00,6.657443346341254120e+00,6.724414642774833695e+00,6.790205425052215027e+00,6.854831781625506437e+00,6.918310122876000001e+00,6.980657128451569271e+00,7.041889698444638412e+00,7.102024908204540132e+00,7.161079966583953293e+00,7.219072177425641890e+00,7.276018904102443230e+00
8.799999999999999489e-02,6.623797114408067066e-02,9.551343413142233951e-02,1.299737597027272318e-01,1.695226456703023410e-01,2.140506638306003961e-01,2.634360023783463012e-01,3.175452785196432592e-01,3.762344114343111334e-01,4.393495452828672931e-01,5.067280116866483830e-01,5.781993210275604422e-01,6.535861720093466554e-01,7.327054691836203393e-01,8.153693385564224627e-01,9.013861319371968550e-01,9.905614113522980269e-01,1.082698905598678873e+00,1.177601431838784851e+00,1.275071776013664948e+00,1.374913526757109983e+00,1.476931858409819442e+00,1.580934259641186612e+00,1.686731205071237083e+00,1.794136768132682302e+00,1.902969174211259773e+00,2.013051293842213596e+00,2.124211076414844523e+00,2.236281925440615215e+00,2.349103016970576441e+00,2.462519563203759976e+00,2.576383023710449471e+00,2.690551267004832159e+00,2.804888685443727159e+00,2.919266266606047822e+00,3.033561624426168724e+00,3.147658993418890550e+00,3.261449189349793443e+00,3.374829539678279477e+00,3.487703787037325753e+00,3.599981968919444775e+00,3.711580276618119179e+00,3.822420896332995088e+00,3.932431835190212333e+00,4.041546734760635751e+00,4.149704674482397770e+00,4.256849967213398145e+00,4.362931948957325723e+00,4.467904764625917124e+00,4.571727151522638977e+00,4.674362222060703509e+00,4.775777247062620745e+00,4.875943440830524445e+00,4.974835749027135101e+00,5.072432640266975490e+00,5.168715902186720612e+00,5.263670442642534475e+00,5.357284096570885445e+00,5.449547438947505817e+00,5.540453604186744485e+00,5.629998112240049757e+00,5.718178701577477874e+00,5.804995169169446356e+00,5.890449217526937176e+00,5.974544308806570392e+00,6.057285525941857429e+00,6.138679440722982328e+00,6.218733988714237881e+00,6.297458350870088317e+00,6.374862841687526149e+00,6.450958803713175094e+00,6.525758508208325814e+00,6.599275061763176353e+00,6.671522318642614024e+00,6.742514798639775542e+00,6.812267610209654656e+00,6.880796378653316836e+00,6.948117179123196152e+00,7.014246474221446981e+00,7.079201055966138689e+00,7.142997991903929922e+00,7.205654575152652619e+00,7.267188278162784343e+00,7.327616709992882171e+00,7.386957576900655909e+00,7.445228646058312805e+00
8.999999999999999667e-02,6.774337957917341002e-02,9.768419399804557923e-02,1.329277087868801221e-01,1.733754330719001202e-01,2.189154516449322019e-01,2.694231842505814822e-01,3.247622166678169608e-01,3.847851935123636768e-01,4.493347622211142922e-01,5.182445574067995331e-01,5.913402146872777099e-01,6.684404031913772082e-01,7.493578662105208066e-01,8.339004598872502561e-01,9.218721803903149326e-01,1.013074170701213861e+00,1.107305698907739666e+00,1.204365100744211770e+00,1.304050680013975505e+00,1.406161561456135356e+00,1.510498491555497091e+00,1.616864583723940818e+00,1.725066005186492557e+00,1.834912603772061557e+00,1.946218473625151990e+00,2.058802459611354774e+00,2.172488600878818232e+00,2.287106514655175005e+00,2.402491721901725885e+00,2.518485916912936329e+00,2.634937183340232192e+00,2.751700159436759829e+00,2.868636155567448220e+00,2.985613227210730525e+00,3.102506206799490851e+00,3.219196697814774577e+00,3.335573034562288708e+00,3.451530211034604445e+00,3.566969782197265015e+00,3.681799740940341348e+00,3.795934373813985907e+00,3.909294098522381411e+00,4.021805285989989542e+00,4.133400069641559149e+00,4.244016144356997700e+00,4.353596557377338527e+00,4.462089493251810701e+00,4.569448054731052089e+00,4.675630041329972286e+00,4.780597727107537942e+00,4.884317639041316994e+00,4.986760337213036465e+00,5.087900197868661323e+00,5.187715200273043337e+00,5.286186718145510000e+00,5.383299316338955975e+00,5.479040553311132378e+00,5.573400789832676061e+00,5.666373004281898496e+00,5.757952614790959878e+00,5.848137308431511805e+00,5.936926877559661087e+00,6.024323063379822152e+00,6.110329406733992386e+00,6.194951106076899805e+00,6.278194882557595946e+00,6.360068852094107328e+00,6.440582404298954344e+00,6.519746088089515723e+00,6.597571503797564851e+00,6.674071201576697199e+00,6.749258585894158280e+00,6.823147825884491979e+00,6.895753771336134541e+00,6.967091874078056080e+00,7.037178114531801754e+00,7.106028933194178165e+00,7.173661166817389301e+00,7.240091989056278265e+00,7.305338855356292349e+00,7.369419451860666825e+00,7.432351648121029442e+00,7.494153453401811049e+00,7.554842976375670816e+00,7.614438388014184156e+00
9.199999999999999845e-02,6.924878801426616326e-02,9.985495386466881895e-02,1.358816578710330125e-01,1.772282204734978994e-01,2.237802394592640354e-01,2.754103661228166078e-01,3.319791548159906625e-01,3.933359755904161648e-01,4.593199791593612913e-01,5.297611031269505721e-01,6.044811083469950885e-01,6.832946343734078720e-01,7.660102632374212739e-01,8.524315812180781604e-01,9.423582288434330101e-01,1.035586930050129917e+00,1.131912492216800681e+00,1.231128769649638688e+00,1.333029584014286062e+00,1.437409596155160507e+00,1.544065124701174962e+00,1.652794907806695024e+00,1.763400805301748031e+00,1.875688439411440811e+00,1.989467773039044207e+00,2.104553625380496396e+00,2.220766125342792385e+00,2.337931103869734351e+00,2.455880426832875330e+00,2.574452270622112682e+00,2.693491342970015356e+00,2.812849051868687944e+00,2.932383625691169282e+00,3.051960187815413672e+00,3.171450789172812978e+00,3.290734402210658605e+00,3.409696879774783973e+00,3.528230882390928969e+00,3.646235777357204277e+00,3.763617512961237921e+00,3.880288471009852191e+00,3.996167300711767734e+00,4.111178736789767640e+00,4.225253404522482548e+00,4.338327614231597629e+00,4.450343147541279798e+00,4.561247037546295680e+00,4.670991344836186165e+00,4.779532931137304708e+00,4.886833232154372375e+00,4.992858031020012355e+00,5.097577233595548485e+00,5.200964646710187544e+00,5.302997760279111183e+00,5.403657534104298499e+00,5.502928190035376588e+00,5.600797010051380198e+00,5.697254140717847193e+00,5.792292404377051618e+00,5.885907117341869998e+00,5.978095915285544848e+00,6.068858585949875817e+00,6.158196909232707128e+00,6.246114504661414379e+00,6.332616686211942181e+00,6.417710324392208676e+00,6.501403715473975886e+00,6.583706457727820371e+00,6.664629334491505297e+00,6.744184203881955497e+00,6.822383894945068583e+00,6.899242110025139318e+00,6.974773333126369934e+00,7.048992744032492652e+00,7.121916137946456615e+00,7.193559850410285783e+00,7.263940687265159291e+00,7.333075859413331621e+00,7.400982922146417842e+00,7.467679718808654776e+00,7.533184328568681920e+00,7.597515018079274540e+00,7.660690196810740815e+00,7.722728375850685723e+00,7.783648129970054619e+00
9.400000000000000022e-02,7.075419644935890262e-02,1.020257137312920587e-01,1.388356069551859029e-01,1.810810078750957064e-01,2.286450272735958689e-01,2.813975479950517888e-01,3.391960929641643641e-01,4.018867576684687082e-01,4.693051960976082904e-01,5.412776488471017222e-01,6.176220020067123562e-01,6.981488655554385359e-01,7.826626602643218522e-01,8.709627025489059537e-01,9.628442772965511987e-01,1.058099689399045751e+00,1.156519285525861473e+00,1.257892438555065606e+00,1.362008488014596619e+00,1.468657630854185880e+00,1.577631757846852611e+00,1.688725231889449452e+00,1.801735605417003283e+00,1.916464275050819843e+00,2.032717072452936424e+00,2.150304791149637573e+00,2.269043649806766094e+00,2.388755693084293696e+00,2.509269131764024774e+00,2.630418624331289035e+00,2.752045502599798521e+00,2.873997944300616059e+00,2.996131095814890344e+00,3.118307148420096375e+00,3.240395371546135106e+00,3.362272106606542188e+00,3.483820724987279238e+00,3.604931553747253492e+00,3.725501772517143539e+00,3.845435284982134494e+00,3.964642568205718476e+00,4.083040502901154056e+00,4.200552187589544850e+00,4.317106739403405946e+00,4.432639084106198446e+00,4.547089737705221069e+00,4.660404581840780658e+00,4.772534634941321130e+00,4.883435820944638017e+00,4.993068737201206808e+00,5.101398422998708604e+00,5.208394129978060505e+00,5.314029095551712878e+00,5.418280320285179030e+00,5.521128350063087886e+00,5.622557063731798088e+00,5.722553466791627130e+00,5.821107491603017436e+00,5.918211804472204740e+00,6.013861619892780119e+00,6.108054522139578779e+00,6.200790294340090547e+00,6.292070755085592104e+00,6.381899602588836373e+00,6.470282266346984557e+00,6.557225766226822294e+00,6.642738578853845333e+00,6.726830511156686399e+00,6.809512580893494871e+00,6.890796903966346143e+00,6.970696588313439968e+00,7.049225634156121245e+00,7.126398840368247001e+00,7.202231716728851652e+00,7.276740401814858039e+00,7.349941586288770701e+00,7.421852441336141304e+00,7.492490552009273941e+00,7.561873855236557418e+00,7.630020582261016315e+00,7.696949205276697015e+00,7.762678388037519639e+00,7.827226940219669693e+00,7.890613775325700630e+00,7.952857871925925970e+00
9.600000000000000200e-02,7.225960488445164198e-02,1.041964735979152984e-01,1.417895560393387933e-01,1.849337952766934856e-01,2.335098150879277024e-01,2.873847298672869144e-01,3.464130311123381212e-01,4.104375397465212516e-01,4.792904130358552894e-01,5.527941945672528723e-01,6.307628956664296238e-01,7.130030967374690887e-01,7.993150572912223195e-01,8.894938238797337471e-01,9.833303257496692762e-01,1.080612448747961585e+00,1.181126078834922488e+00,1.284656107460492747e+00,1.390987392014907176e+00,1.499905665553211032e+00,1.611198390992530260e+00,1.724655555972203658e+00,1.840070405532258757e+00,1.957240110690199097e+00,2.075966371866829085e+00,2.196055956918778751e+00,2.317321174270739803e+00,2.439580282298853486e+00,2.562657836695174662e+00,2.686384978040465388e+00,2.810599662229581241e+00,2.935146836732544173e+00,3.059878565938611406e+00,3.184654109024779522e+00,3.309339953919457233e+00,3.433809811002426216e+00,3.557944570199774947e+00,3.681632225103578016e+00,3.804767767677082801e+00,3.927253057003031067e+00,4.048996665401585204e+00,4.169913705090540823e+00,4.289925638389322948e+00,4.408960074284330233e+00,4.526950553980798375e+00,4.643836327869161451e+00,4.759562126135264748e+00,4.874077925046455206e+00,4.987338710751970439e+00,5.099304242248041241e+00,5.209938814977404853e+00,5.319211026360572525e+00,5.427093544393239100e+00,5.533562880291246877e+00,5.638599166021877274e+00,5.742185937428219589e+00,5.844309923531874951e+00,5.944960842488188568e+00,6.044131204567358751e+00,6.141816122443691128e+00,6.238013128993612710e+00,6.332722002730305277e+00,6.425944600938477080e+00,6.517684700516258367e+00,6.607947846482026932e+00,6.696741208061435913e+00,6.784073442233714779e+00,6.869954564585551537e+00,6.954395827295484445e+00,7.037409604050736789e+00,7.119009281681810464e+00,7.199209158287102284e+00,7.278024347610124956e+00,7.355470689425209763e+00,7.431564665683259463e+00,7.506323322167255618e+00,7.579764195407123317e+00,7.651905244605215373e+00,7.722764788326696994e+00,7.792361445713378743e+00,7.860714081984712109e+00,7.927841757995764738e+00,7.993763683628599459e+00,8.058499174800715537e+00,8.122067613881796433e+00
9.800000000000000377e-02,7.376501331954439522e-02,1.063672334645385242e-01,1.447435051234916836e-01,1.887865826782912648e-01,2.383746029022595359e-01,2.933719117395220399e-01,3.536299692605118228e-01,4.189883218245737950e-01,4.892756299741022885e-01,5.643107402874039114e-01,6.439037893261468914e-01,7.278573279194997525e-01,8.159674543181227868e-01,9.080249452105615404e-01,1.003816374202787465e+00,1.103125208096877419e+00,1.205732872143983281e+00,1.311419776365919665e+00,1.419966296015217955e+00,1.531153700252236405e+00,1.644765024138208132e+00,1.760585880054957864e+00,1.878405205647514231e+00,1.998015946329578352e+00,2.119215671280721303e+00,2.241807122687919929e+00,2.365598698734713512e+00,2.490404871513412832e+00,2.616046541626324107e+00,2.742351331749641741e+00,2.869153821859364406e+00,2.996295729164472288e+00,3.123626036062332467e+00,3.251001069629462670e+00,3.378284536292778917e+00,3.505347515398310243e+00,3.632068415412270213e+00,3.758332896459902539e+00,3.884033762837022064e+00,4.009070829023927196e+00,4.133350762597451045e+00,4.256786907279926702e+00,4.379299089189100158e+00,4.500813409165253631e+00,4.621262023855398304e+00,4.740582918033102722e+00,4.858719670429749726e+00,4.975621215151590171e+00,5.091241600559303748e+00,5.205539747294874786e+00,5.318479206956101102e+00,5.430027922743084545e+00,5.540157993234765321e+00,5.648845440297314724e+00,5.756069981980666661e+00,5.861814811124641089e+00,5.966066380272122771e+00,6.068814193373358812e+00,6.170050604662511873e+00,6.269770624994601249e+00,6.367971735847646642e+00,6.464653711120520896e+00,6.559818446791362057e+00,6.653469798443681249e+00,6.745613426617069308e+00,6.836256649896049531e+00,6.925408305613583337e+00,7.013078618014417565e+00,7.099279073697473130e+00,7.184022304135127435e+00,7.267321975050181848e+00,7.349192682418083322e+00,7.429649854852002910e+00,7.508709662121568762e+00,7.586388929551660887e+00,7.662705058045739648e+00,7.737675949478105331e+00,7.811319937201157693e+00,7.883655721416836570e+00,7.954702309165741170e+00,8.024478958692727204e+00,8.093005127954009836e+00,8.160300427037528337e+00,8.226384574275730444e+00,8.291277355837667784e+00
1.000000000000000056e-01,7.527042175463713458e-02,1.085379933311617640e-01,1.476974542076445740e-01,1.926393700798890440e-01,2.432393907165913693e-01,2.993590936117572210e-01,3.608469074086855244e-01,4.275391039026263384e-01,4.992608469123492321e-01,5.758272860075550614e-01,6.570446829858642701e-01,7.427115591015303053e-01,8.326198513450232541e-01,9.265560665413893338e-01,1.024302422655905653e+00,1.125637967445793475e+00,1.230339665453044296e+00,1.338183445271346583e+00,1.448945200015528512e+00,1.562401734951261556e+00,1.678331657283885781e+00,1.796516204137712291e+00,1.916740005762769705e+00,2.038791781968957384e+00,2.162464970694613520e+00,2.287558288457061106e+00,2.413876223198687221e+00,2.541229460727972178e+00,2.669435246557473551e+00,2.798317685458818094e+00,2.927707981489147571e+00,3.057444621596400403e+00,3.187373506186053529e+00,3.317348030234145373e+00,3.447229118666101044e+00,3.576885219794194271e+00,3.706192260624765478e+00,3.835033567816227063e+00,3.963299757996961326e+00,4.090888601044824213e+00,4.217704859793317773e+00,4.343660109469313468e+00,4.468672539988878256e+00,4.592666744046177030e+00,4.715573493729998233e+00,4.837329508197043104e+00,4.957877214724234705e+00,5.077164505256724247e+00,5.195144490366636170e+00,5.311775252341709219e+00,5.427019598934796463e+00,5.540844819125596565e+00,5.653222442076290655e+00,5.764128000303382571e+00,5.873540797939456048e+00,5.981443684821062590e+00,6.087822837012369703e+00,6.192667544258529944e+00,6.295970004757664995e+00,6.397725127545511370e+00,6.497930342701679685e+00,6.596585419510735626e+00,6.693692292644247033e+00,6.789254896371103243e+00,6.883279006752111684e+00,6.975772091730662261e+00,7.066743168993452784e+00,7.156202671443283592e+00,7.244162320099462704e+00,7.330635004219517192e+00,7.415634668418553233e+00,7.499176206549065249e+00,7.581275362093880865e+00,7.661948634817927761e+00,7.741213193420062311e+00,7.819086793924224565e+00,7.895587703549087344e+00,7.970734629797100013e+00,8.044546654506977035e+00,8.117043172618103597e+00,8.188243835400742299e+00,8.258168497912254935e+00,8.326837170446458103e+00,8.394269973750745351e+00,8.460487097793539135e+00
1.020000000000000073e-01,7.677583018972987394e-02,1.107087531977850037e-01,1.506514032917974921e-01,1.964921574814868233e-01,2.481041785309232028e-01,3.053462754839923465e-01,3.680638455568592260e-01,4.360898859806788819e-01,5.092460638505962311e-01,5.873438317277061005e-01,6.701855766455815377e-01,7.575657902835609692e-01,8.492722483719237214e-01,9.450871878722171271e-01,1.044788471109023620e+00,1.148150726794709309e+00,1.254946458762105088e+00,1.364947114176773502e+00,1.477924104015839069e+00,1.593649769650286929e+00,1.711898290429563652e+00,1.832446528220466497e+00,1.955074805878025179e+00,2.079567617608336860e+00,2.205714270108505737e+00,2.333309454226202728e+00,2.462153747662660930e+00,2.592054049942531968e+00,2.722823951488622995e+00,2.854284039167994447e+00,2.986262141118930291e+00,3.118593514028328517e+00,3.251120976309775035e+00,3.383694990838828520e+00,3.516173701039423172e+00,3.648422924190078298e+00,3.780316105837260743e+00,3.911734239172552030e+00,4.042565753156901032e+00,4.172706373065720342e+00,4.302058956989184502e+00,4.430533311658699347e+00,4.558045990788655466e+00,4.684520078927100428e+00,4.809884963604598163e+00,4.934076098360984375e+00,5.057034759018719683e+00,5.178707795361859212e+00,5.299047380173968591e+00,5.418010757388543652e+00,5.535559990913492712e+00,5.651661715508108585e+00,5.766286890917816876e+00,5.879410560309450418e+00,5.991011613898244548e+00,6.101072558517484090e+00,6.209579293752617524e+00,6.316520895143700187e+00,6.421889404852819005e+00,6.525679630096421491e+00,6.627888949555713616e+00,6.728517127900950356e+00,6.827566138497132009e+00,6.925039994298525237e+00,7.020944586887154060e+00,7.115287533565275879e+00,7.208078032373322230e+00,7.299326724872148731e+00,7.389045566501452278e+00,7.477247704303907838e+00,7.563947361786924617e+00,7.649159730680046287e+00,7.732900869335757932e+00,7.815187607514285872e+00,7.896037457288463735e+00,7.975468529802709483e+00,8.053499457620068469e+00,8.130149322393041444e+00,8.205437587597115723e+00,8.279384036070466024e+00,8.352008712108757393e+00,8.423331867870500034e+00,8.493373913855386093e+00,8.562155373225762034e+00,8.629696839749408710e+00
1.040000000000000091e-01,7.828123862482262718e-02,1.128795130644082434e-01,1.536053523759503825e-01,2.003449448830846025e-01,2.529689663452550086e-01,3.113334573562275276e-01,3.752807837050329831e-01,4.446406680587313698e-01,5.192312807888432857e-01,5.988603774478572506e-01,6.833264703052988054e-01,7.724200214655916330e-01,8.659246453988241887e-01,9.636183092030449204e-01,1.065274519562141808e+00,1.170663486143625143e+00,1.279553252071166103e+00,1.391710783082200420e+00,1.506903008016149625e+00,1.624897804349312080e+00,1.745464923575241301e+00,1.868376852303220703e+00,1.993409605993280431e+00,2.120343453247715892e+00,2.248963569522397954e+00,2.379060619995343906e+00,2.510431272126635083e+00,2.642878639157091314e+00,2.776212656419772440e+00,2.910250392877171244e+00,3.044816300748713456e+00,3.179742406460256632e+00,3.314868446433496096e+00,3.450041951443511223e+00,3.585118283412745299e+00,3.719960628585961881e+00,3.854439951049756452e+00,3.988434910528876554e+00,4.121831748316839850e+00,4.254524145086617359e+00,4.386413054185050342e+00,4.517406513848086114e+00,4.647419441588433564e+00,4.776373413808024715e+00,4.904196433479198092e+00,5.030822688524925645e+00,5.156192303313203773e+00,5.280251085466994176e+00,5.402950269981301901e+00,5.524246262435378085e+00,5.644100382892188961e+00,5.762478611890620606e+00,5.879351339759343098e+00,5.994693120315517376e+00,6.108482429857033935e+00,6.220701432213904702e+00,6.331335750492865344e+00,6.440374246028871319e+00,6.547808804947972128e+00,6.653634132647332500e+00,6.757847556409747547e+00,6.860448836291165087e+00,6.961439984350016985e+00,7.060825092225947230e+00,7.158610167022195547e+00,7.254802975399889498e+00,7.349412895753190789e+00,7.442450778301014758e+00,7.533928812903441852e+00,7.623860404388298484e+00,7.712260055155295113e+00,7.799143254811028214e+00,7.884526376577635887e+00,7.968426580210644872e+00,8.050861721156865158e+00,8.131850265681194401e+00,8.211411211691050482e+00,8.289564014988984653e+00,8.366328520687256187e+00,8.441724899522828451e+00,8.515773588816772488e+00,8.588495237828745132e+00,8.659910657264315859e+00,8.730040772700776941e+00,8.798906581705280061e+00
1.059999999999999970e-01,7.978664705991535266e-02,1.150502729310314554e-01,1.565593014601032451e-01,2.041977322846823817e-01,2.578337541595868143e-01,3.173206392284625976e-01,3.824977218532066292e-01,4.531914501367838577e-01,5.292164977270901183e-01,6.103769231680082896e-01,6.964673639650160730e-01,7.872742526476220748e-01,8.825770424257245450e-01,9.821494305338726027e-01,1.085760568015259775e+00,1.193176245492540977e+00,1.304160045380226673e+00,1.418474451987627338e+00,1.535881912016459960e+00,1.656145839048337010e+00,1.779031556720918728e+00,1.904307176385974687e+00,2.031744406108535461e+00,2.161119288887094925e+00,2.292212868936290171e+00,2.424811785764484640e+00,2.558708796590608348e+00,2.693703228371650216e+00,2.829601361350921440e+00,2.966216746586347153e+00,3.103370460378495732e+00,3.240891298892184302e+00,3.378615916557216714e+00,3.516388912048193927e+00,3.654062865786066983e+00,3.791498332981845465e+00,3.928563796262251273e+00,4.065135581885200189e+00,4.201097743476778668e+00,4.336341917107513488e+00,4.470767151380916182e+00,4.604279716037471992e+00,4.736792892388210774e+00,4.868226748688947225e+00,4.998507903353798021e+00,5.127569278688866028e+00,5.255349847607687863e+00,5.381794375572127365e+00,5.506853159788633434e+00,5.630481767482211630e+00,5.752640774870884322e+00,5.873295508273131738e+00,5.992415788600867543e+00,6.109975680321584335e+00,6.225953245815822434e+00,6.340330305910325315e+00,6.453092207233111388e+00,6.564227596914040674e+00,6.673728205043124362e+00,6.781588635198241732e+00,6.887806163263779702e+00,6.992380544681378929e+00,7.095313830202901961e+00,7.196610190153368336e+00,7.296275747157237035e+00,7.394318417234501339e+00,7.490747759133059347e+00,7.585574831729879897e+00,7.678812059305429649e+00,7.770473104472688242e+00,7.860572748523665609e+00,7.949126778942008364e+00,8.036151883819512065e+00,8.121665552907002095e+00,8.205685985025265694e+00,8.288232001559677542e+00,8.369322965762032496e+00,8.448978707584926084e+00,8.527219453777394875e+00,8.604065762975189102e+00,8.679538465524785806e+00,8.753658607786990231e+00,8.826447400673243848e+00,8.897926172175790072e+00,8.968116323661149636e+00
1.079999999999999988e-01,8.129205549500810590e-02,1.172210327976546951e-01,1.595132505442561355e-01,2.080505196862801609e-01,2.626985419739186756e-01,3.233078211006977787e-01,3.897146600013803308e-01,4.617422322148364011e-01,5.392017146653371729e-01,6.218934688881594397e-01,7.096082576247333407e-01,8.021284838296527386e-01,8.992294394526250123e-01,1.000680551864700396e+00,1.106246616468377963e+00,1.215689004841456811e+00,1.328766838689287688e+00,1.445238120893054257e+00,1.564860816016770739e+00,1.687393873747362383e+00,1.812598189866596599e+00,1.940237500468729115e+00,2.070079206223791157e+00,2.201895124526473957e+00,2.335462168350182388e+00,2.470562951533626261e+00,2.606986321054582056e+00,2.744527817586210006e+00,2.882990066282071329e+00,3.022183100295523506e+00,3.161924620008278897e+00,3.302040191324111973e+00,3.442363386680937776e+00,3.582735872652876630e+00,3.723007448159389110e+00,3.863036037377729492e+00,4.002687641474746094e+00,4.141836253241525156e+00,4.280363738636718374e+00,4.418159689128409617e+00,4.555121248576782911e+00,4.691152918226857871e+00,4.826166343187987984e+00,4.960080083569870624e+00,5.092819373228397950e+00,5.224315868852806410e+00,5.354507391902172841e+00,5.483337665677262329e+00,5.610756049595966743e+00,5.736717272529046063e+00,5.861181166849579682e+00,5.984112404655643758e+00,6.105480237442393765e+00,6.225258240327652182e+00,6.343424061774611822e+00,6.459959179606746815e+00,6.574848663973359209e+00,6.688080947799211806e+00,6.799647605138278372e+00,6.909543137749151853e+00,7.017764770117813633e+00,7.124312253071593659e+00,7.229187676055786937e+00,7.332395288080790330e+00,7.433941327292279411e+00,7.533833859069114958e+00,7.632082622512928793e+00,7.728698885158745924e+00,7.823695305707419223e+00,7.917085804557077999e+00,8.008885441892036994e+00,8.099110303072990291e+00,8.187777391061390020e+00,8.274904525603361094e+00,8.360510248893666230e+00,8.444613737438162460e+00,8.527234719833014509e+00,8.608393400180867516e+00,8.688110386867533563e+00,8.766406626427551529e+00,8.843303342232800901e+00,8.918821977745235330e+00,8.992984144082173614e+00,9.065811571650804979e+00,9.137326065617020987e+00
1.100000000000000006e-01,8.279746393010084526e-02,1.193917926642779348e-01,1.624671996284090258e-01,2.119033070878779401e-01,2.675633297882504813e-01,3.292950029729329042e-01,3.969315981495540879e-01,4.702930142928889445e-01,5.491869316035841164e-01,6.334100146083104788e-01,7.227491512844506083e-01,8.169827150116834025e-01,9.158818364795254796e-01,1.019211673195528300e+00,1.126732664921496152e+00,1.238201764190372645e+00,1.353373631998348481e+00,1.472001789798481175e+00,1.593839720017081296e+00,1.718641908446387534e+00,1.846164823012274248e+00,1.976167824551483321e+00,2.108414006339046409e+00,2.242670960165852989e+00,2.378711467764074605e+00,2.516314117302767439e+00,2.655263845518555765e+00,2.795352406800769351e+00,2.936378771213220773e+00,3.078149454004699859e+00,3.220478779638062061e+00,3.363189083756040088e+00,3.506110856804658837e+00,3.649082833257559777e+00,3.791952030532711237e+00,3.934573741773613520e+00,4.076811486687241803e+00,4.218536924597850124e+00,4.359629733796657192e+00,4.499977461149306635e+00,4.639475345772649639e+00,4.778026120416244638e+00,4.915539793987765194e+00,5.051933418450794910e+00,5.187130843102997879e+00,5.321062459016747681e+00,5.453664936196657820e+00,5.584880955782397294e+00,5.714658939403299165e+00,5.842952777575880496e+00,5.969721558828275931e+00,6.094929301038155778e+00,6.218544686283919987e+00,6.340540800333720028e+00,6.460894877733401209e+00,6.579588053303168316e+00,6.696605120713607029e+00,6.811934298684382050e+00,6.925567005233431495e+00,7.037497640300061974e+00,7.147723376971847564e+00,7.256243961461808389e+00,7.363061521908671914e+00,7.468180386008213212e+00,7.571606907427321786e+00,7.673349300903728576e+00,7.773417485892797352e+00,7.871822938587611063e+00,7.968578552109408797e+00,8.063698504641468645e+00,8.157198135260408378e+00,8.249093827203971330e+00,8.339402898303267975e+00,8.428143498299720093e+00,8.515334512762068542e+00,8.600995473316647377e+00,8.685146473903994746e+00,8.767808092776808948e+00,8.849001319957674028e+00,8.928747489879913957e+00,9.007068218940815996e+00,9.083985347703480429e+00,9.159520887491103380e+00,9.233696971125819886e+00,9.306535807572892338e+00
1.120000000000000023e-01,8.430287236519358463e-02,1.215625525309011745e-01,1.654211487125619162e-01,2.157560944894757193e-01,2.724281176025823425e-01,3.352821848451680853e-01,4.041485362977277895e-01,4.788437963709414880e-01,5.591721485418311710e-01,6.449265603284616288e-01,7.358900449441678759e-01,8.318369461937139553e-01,9.325342335064259469e-01,1.037742794526355983e+00,1.147218713374614119e+00,1.260714523539288479e+00,1.377980425307409496e+00,1.498765458703908093e+00,1.622818624017391853e+00,1.749889943145412907e+00,1.879731456157952119e+00,2.012098148634237749e+00,2.146748806454302105e+00,2.283446795805232465e+00,2.421960767177967266e+00,2.562065283071908617e+00,2.703541369982529918e+00,2.846176996015328697e+00,2.989767476144370217e+00,3.134115807713876212e+00,3.279032939267844782e+00,3.424337976187968202e+00,3.569858326928379899e+00,3.715429793862242924e+00,3.860896612906033365e+00,4.006111446169497547e+00,4.150935331899737513e+00,4.295237595954174203e+00,4.438895728956596898e+00,4.581795233170202764e+00,4.723829442968515480e+00,4.864899322605630516e+00,5.004913244787543292e+00,5.143786753331718309e+00,5.281442312977597808e+00,5.417809049180688952e+00,5.552822480491142798e+00,5.686424245887531370e+00,5.818561829210632474e+00,5.949188282622714041e+00,6.078261950806972180e+00,6.205746197420667798e+00,6.331609135125445320e+00,6.455823360339787875e+00,6.578365693692190597e+00,6.699216926999589816e+00,6.818361577453853961e+00,6.935787649569553182e+00,7.051486405328584617e+00,7.165452142850972095e+00,7.277681983825881495e+00,7.388175669852023120e+00,7.496935367761556890e+00,7.603965483935635206e+00,7.709272487562364162e+00,7.812864742738342194e+00,7.914752349272666798e+00,8.014946992016476202e+00,8.113461798511398371e+00,8.210311204725860179e+00,8.305510828628779763e+00,8.399077351334952368e+00,8.491028405545145930e+00,8.581382470996079093e+00,8.670158776630469077e+00,8.757377209195130519e+00,8.843058227974976759e+00,8.927222785372752156e+00,9.009892253047812716e+00,9.091088353332274608e+00,9.170833095648831090e+00,9.249148717661725527e+00,9.326057630900031370e+00,9.401582370600834793e+00,9.475745549528763689e+00
1.140000000000000041e-01,8.580828080028633786e-02,1.237333123975244142e-01,1.683750977967148343e-01,2.196088818910734985e-01,2.772929054169141483e-01,3.412693667174032108e-01,4.113654744459014911e-01,4.873945784489939759e-01,5.691573654800781146e-01,6.564431060486127789e-01,7.490309386038852546e-01,8.466911773757446191e-01,9.491866305333265252e-01,1.056273915857183887e+00,1.167704761827732307e+00,1.283227282888204313e+00,1.402587218616470288e+00,1.525529127609335012e+00,1.651797528017702410e+00,1.781137977844438058e+00,1.913298089303629768e+00,2.048028472716991732e+00,2.185083606569557357e+00,2.324222631444611498e+00,2.465210066591859484e+00,2.607816448841049795e+00,2.751818894446503627e+00,2.897001585229888487e+00,3.043156181075519662e+00,3.190082161423052565e+00,3.337587098897627946e+00,3.485486868619896317e+00,3.633605797052100961e+00,3.781776754466925627e+00,3.929841195279355492e+00,4.077649150565381575e+00,4.225059177112232334e+00,4.371938267310499171e+00,4.518161724116535716e+00,4.663613005191099781e+00,4.808183540164382208e+00,4.951772524795017283e+00,5.094286695587320501e+00,5.235640088212641707e+00,5.375753782852197737e+00,5.514555639344629334e+00,5.651980024785626888e+00,5.787967535992666335e+00,5.922464719017964896e+00,6.055423787669548474e+00,6.186802342785668429e+00,6.316563093803179818e+00,6.444673583966971542e+00,6.571105920345855722e+00,6.695836509650979096e+00,6.818845800696011317e+00,6.940118034194101782e+00,7.059641000454723425e+00,7.177405805423738627e+00,7.293406645401883104e+00,7.407640590679914538e+00,7.520107378242237850e+00,7.630809213614441866e+00,7.739750581863057199e+00,7.846938067697406538e+00,7.952380184572954924e+00,8.056087212652535356e+00,8.158071045445343117e+00,8.258345044913387056e+00,8.356923904810249937e+00,8.453823521997151147e+00,8.549060875465933407e+00,8.642653912787023884e+00,8.734621443692436316e+00,8.824983040498871389e+00,8.913758945073615436e+00,9.000969982045958773e+00,9.086637477968693588e+00,9.170783186137953180e+00,9.253429216784637035e+00,9.334597972356846185e+00,9.414312087619970626e+00,9.492594374308961136e+00,9.569467770075849700e+00,9.644955291484633264e+00
1.160000000000000059e-01,8.731368923537907722e-02,1.259040722641476540e-01,1.713290468808677247e-01,2.234616692926713055e-01,2.821576932312460095e-01,3.472565485896383919e-01,4.185824125940752483e-01,4.959453605270465193e-01,5.791425824183251692e-01,6.679596517687638180e-01,7.621718322636025222e-01,8.615454085577751719e-01,9.658390275602269925e-01,1.074805037188011569e+00,1.188190810280850496e+00,1.305740042237120369e+00,1.427194011925531303e+00,1.552292796514761930e+00,1.680776432018012967e+00,1.812386012543463432e+00,1.946864722449307639e+00,2.083958796799746160e+00,2.223418406684812609e+00,2.364998467083990530e+00,2.508459366005751701e+00,2.653567614610190972e+00,2.800096418910477336e+00,2.947826174444447833e+00,3.096544886006669106e+00,3.246048515132228918e+00,3.396141258527411111e+00,3.546635761051824431e+00,3.697353267175822467e+00,3.848123715071608775e+00,3.998785777652677176e+00,4.149186854961265603e+00,4.299183022324728043e+00,4.448638938666823250e+00,4.597427719276475422e+00,4.745430777211995910e+00,4.892537637360248937e+00,5.038645726984403161e+00,5.183660146387098600e+00,5.327493423093565106e+00,5.470065252726797667e+00,5.611302229508570605e+00,5.751137569080111867e+00,5.889510826097800411e+00,6.026367608825298205e+00,6.161659292716382907e+00,6.295342734764363790e+00,6.427379990185691838e+00,6.557738032808497763e+00,6.686388480351923569e+00,6.813307325609768483e+00,6.938474674392431929e+00,7.061874490934349602e+00,7.183494351339894557e+00,7.303325205518891750e+00,7.421361147952793225e+00,7.537599197533948470e+00,7.652039086632452580e+00,7.764683059467326842e+00,7.875535679790479193e+00,7.984603647832448914e+00,8.091895626407568543e+00,8.197422076032404803e+00,8.301195098874208256e+00,8.403228291315377518e+00,8.503536604894639694e+00,8.602136215365520755e+00,8.699044399596916222e+00,8.794279420028901839e+00,8.887860416388795315e+00,8.979807304367271925e+00,9.070140680952100354e+00,9.158881736116940786e+00,9.246052170564635020e+00,9.331674119228091868e+00,9.415770080236999462e+00,9.498362849064861280e+00,9.579475457578215725e+00,9.659131117717890902e+00,9.737353169550866383e+00,9.814165033440504615e+00
1.180000000000000077e-01,8.881909767047181659e-02,1.280748321307708937e-01,1.742829959650206151e-01,2.273144566942690847e-01,2.870224810455778153e-01,3.532437304618735174e-01,4.257993507422489499e-01,5.044961426050991182e-01,5.891277993565721127e-01,6.794761974889149680e-01,7.753127259233197899e-01,8.763996397398058358e-01,9.824914245871274598e-01,1.093336158518839474e+00,1.208676858733968684e+00,1.328252801586036203e+00,1.451800805234592096e+00,1.579056465420189070e+00,1.709755336018323524e+00,1.843634047242488583e+00,1.980431355594985288e+00,2.119889120882500588e+00,2.261753206800068305e+00,2.405774302723370006e+00,2.551708665419643918e+00,2.699318780379332594e+00,2.848373943374451045e+00,2.998650763659007179e+00,3.149933590937818551e+00,3.302014868841405715e+00,3.454695418157193831e+00,3.607784653483752546e+00,3.761100737299543528e+00,3.914470675676291478e+00,4.067730360025999303e+00,4.220724559357148742e+00,4.373306867537223752e+00,4.525339610023148218e+00,4.676693714436414240e+00,4.827248549232892927e+00,4.976891734556114777e+00,5.125518929173789928e+00,5.273033597186875809e+00,5.419346757974489392e+00,5.564376722601397596e+00,5.708048819672510987e+00,5.850295113374596845e+00,5.991054116202935376e+00,6.130270498632630627e+00,6.267894797763217341e+00,6.403883126743060039e+00,6.538196886568203858e+00,6.670802481650023097e+00,6.801671040357991416e+00,6.930778141568557871e+00,7.058103548088853429e+00,7.183630947674596534e+00,7.307347702225064801e+00,7.429244605614044872e+00,7.549315650503703345e+00,7.667557804387982401e+00,7.783970795022667311e+00,7.898556905320211818e+00,8.011320777717902075e+00,8.122269227967491290e+00,8.231411068242181273e+00,8.338756939412274249e+00,8.444319152303075171e+00,8.548111537717366204e+00,8.650149304979031228e+00,8.750448908733892139e+00,8.849027923727897260e+00,8.945904927270779794e+00,9.041099389085154314e+00,9.134631568235674237e+00,9.226522416830585271e+00,9.316793490187922799e+00,9.405466863160578228e+00,9.492565052318232333e+00,9.578110943689361889e+00,9.662127725772876374e+00,9.744638827536460823e+00,9.825667861126820668e+00,9.905238569025881290e+00,9.983374775396375966e+00
1.199999999999999956e-01,9.032450610556455595e-02,1.302455919973941056e-01,1.772369450491734777e-01,2.311672440958668362e-01,2.918872688599096210e-01,3.592309123341086430e-01,4.330162888904225960e-01,5.130469246831514951e-01,5.991130162948190563e-01,6.909927432090660071e-01,7.884536195830369465e-01,8.912538709218363886e-01,9.991438216140278161e-01,1.111867279849667156e+00,1.229162907187086651e+00,1.350765560934951814e+00,1.476407598543652888e+00,1.605820134325615767e+00,1.738734240018634081e+00,1.874882081941513734e+00,2.013997988740662937e+00,2.155819444965254572e+00,2.300088006915323557e+00,2.446550138362748594e+00,2.594957964833536135e+00,2.745069946148473328e+00,2.896651467838424310e+00,3.049475352873566525e+00,3.203322295868967995e+00,3.357981222550581624e+00,3.513249577786976552e+00,3.668933545915680217e+00,3.824848207423264146e+00,3.980817636280974181e+00,4.136674942399321431e+00,4.292262263753032769e+00,4.447430712749718573e+00,4.602040281379472297e+00,4.755959709596353058e+00,4.909066321253788168e+00,5.061245831751980617e+00,5.212392131363175807e+00,5.362407047986653019e+00,5.511200092855411903e+00,5.658688192475997525e+00,5.804795409836451370e+00,5.949452657669080935e+00,6.092597406308069452e+00,6.234173388439963048e+00,6.374130302810050885e+00,6.512423518721755400e+00,6.649013782950714990e+00,6.783866930491548430e+00,6.916953600364058374e+00,7.048248957527346370e+00,7.177732421785274042e+00,7.305387404414843466e+00,7.431201053110235044e+00,7.555164005709197994e+00,7.677270153054612578e+00,7.797516411242015444e+00,7.915902503412882041e+00,8.032430751173096795e+00,8.147105875645323181e+00,8.259934808102531889e+00,8.370926510076794003e+00,8.480091802792141920e+00,8.587443205731938534e+00,8.692994784119354890e+00,8.796762005063420986e+00,8.898761602102263524e+00,8.999011447858876522e+00,9.097530434512655972e+00,9.194338361781511537e+00,9.289455832104074773e+00,9.382904152709068413e+00,9.474705244258903036e+00,9.564881555756519660e+00,9.653455985408371021e+00,9.740451807141722540e+00,9.825892602480889693e+00,9.909802197494705922e+00,9.992204604535748658e+00,1.007312396850089442e+01,1.015258451735224554e+01
1.219999999999999973e-01,9.182991454065729531e-02,1.324163518640173454e-01,1.801908941333263681e-01,2.350200314974646154e-01,2.967520566742414267e-01,3.652180942063437685e-01,4.402332270385962976e-01,5.215977067612040941e-01,6.090982332330659998e-01,7.025092889292170462e-01,8.015945132427543252e-01,9.061081021038669414e-01,1.015796218640928172e+00,1.130398401180494838e+00,1.249648955640204617e+00,1.373278320283867870e+00,1.501014391852713903e+00,1.632583803231042685e+00,1.767713144018944638e+00,1.906130116640538885e+00,2.047564621886340586e+00,2.191749769048008556e+00,2.338422807030578809e+00,2.487325974002128071e+00,2.638207264247428352e+00,2.790821111917614505e+00,2.944928992302398463e+00,3.100299942088125871e+00,3.256711000800117439e+00,3.413947576259757977e+00,3.571803737416759716e+00,3.730082438347608331e+00,3.888595677546985208e+00,4.047164596885656884e+00,4.205619524772643558e+00,4.363799968148916797e+00,4.521554557962213394e+00,4.678740952735797265e+00,4.835225704756292764e+00,4.990884093274685185e+00,5.145599928947847346e+00,5.299265333552561685e+00,5.451780498786431117e+00,5.603053427736335301e+00,5.752999662350597454e+00,5.901542000000392640e+00,6.048610201963565913e+00,6.194140696413203528e+00,6.338076278247295470e+00,6.480365807856885318e+00,6.620963910700451649e+00,6.759830679333227010e+00,6.896931379333074652e+00,7.032236160370126221e+00,7.165719773486135757e+00,7.297361295481695542e+00,7.427143861155091287e+00,7.555054403995405288e+00,7.681083405804351116e+00,7.805224655605523587e+00,7.927475018096048487e+00,8.047834211803095883e+00,8.166304597025980883e+00,8.282890973572744286e+00,8.397600388237574265e+00,8.510441951911408509e+00,8.621426666172011366e+00,8.730567259160805449e+00,8.837878030521343575e+00,8.943374705147810744e+00,9.047074295470634908e+00,9.148994971989859337e+00,9.249155941754533927e+00,9.347577334477870536e+00,9.444280095972475308e+00,9.539285888587553330e+00,9.632616998329885050e+00,9.724296248352461092e+00,9.814346918498509709e+00,9.902792670594084967e+00,9.989657479188904787e+00,1.007496556745295102e+01,1.015874134794467665e+01,1.024100936797590933e+01,1.032179425930811689e+01
1.239999999999999991e-01,9.333532297575003467e-02,1.345871117306405851e-01,1.831448432174792862e-01,2.388728188990623946e-01,3.016168444885732880e-01,3.712052760785789496e-01,4.474501651867700547e-01,5.301484888392565820e-01,6.190834501713130544e-01,7.140258346493681962e-01,8.147354069024715928e-01,9.209623332858976053e-01,1.032448615667828751e+00,1.148929522511322743e+00,1.270135004093322806e+00,1.395791079632783704e+00,1.525621185161774696e+00,1.659347472136469603e+00,1.796692048019255195e+00,1.937378151339564258e+00,2.081131255032018235e+00,2.227680093130762984e+00,2.376757607145834061e+00,2.528101809641507103e+00,2.681456563661320569e+00,2.836572277686755683e+00,2.993206516766372172e+00,3.151124531302685661e+00,3.310099705731266884e+00,3.469913929968934330e+00,3.630357897046542437e+00,3.791231330779536002e+00,3.952343147670706269e+00,4.113511557490340032e+00,4.274564107145964797e+00,4.435337672544800824e+00,4.595678403174709103e+00,4.755441624092121344e+00,4.914491699916231582e+00,5.072701865295581314e+00,5.229954026143714074e+00,5.386138535741948452e+00,5.541153949586208327e+00,5.694906762617259588e+00,5.847311132225197383e+00,5.998288590164333911e+00,6.147767746258050892e+00,6.295683986518338493e+00,6.441979168054628779e+00,6.586601312903718863e+00,6.729504302679147898e+00,6.870647575715739030e+00,7.009995828174599986e+00,7.147518720376193180e+00,7.283190589444924257e+00,7.416990169178117043e+00,7.548900317895338219e+00,7.678907754880576420e+00,7.807002805899504239e+00,7.933179158156433708e+00,8.057433624950082418e+00,8.179765920193311501e+00,8.300178442878866747e+00,8.418676071500167168e+00,8.535265968372616641e+00,8.649957393746021239e+00,8.762761529551880813e+00,8.873691312589670588e+00,8.982761276923334037e+00,9.089987405232200501e+00,9.195386988839004516e+00,9.298978496120840376e+00,9.400781448996411882e+00,9.500816307174229536e+00,9.599104359840877621e+00,9.695667624466038248e+00,9.790528752400867063e+00,9.883710940948402524e+00,9.975237851588650173e+00,1.006513353404644739e+01,1.015342235589691988e+01,1.024012893741119612e+01,1.032527809135360641e+01,1.040889476745092423e+01,1.049100400126398647e+01
1.260000000000000009e-01,9.484073141084278791e-02,1.367578715972638248e-01,1.860987923016321766e-01,2.427256063006602016e-01,3.064816323029050937e-01,3.771924579508140751e-01,4.546671033349437563e-01,5.386992709173091809e-01,6.290686671095599980e-01,7.255423803695193463e-01,8.278763005621888604e-01,9.358165644679281581e-01,1.049101012694729329e+00,1.167460643842150425e+00,1.290621052546440994e+00,1.418303838981699538e+00,1.550227978470835710e+00,1.686111141041896522e+00,1.825670952019565751e+00,1.968626186038589410e+00,2.114697888177695884e+00,2.263610417213517412e+00,2.415092407261089757e+00,2.568877645280886135e+00,2.724705863075212786e+00,2.882323443455897305e+00,3.041484041230345881e+00,3.201949120517245007e+00,3.363488410662416328e+00,3.525880283678110683e+00,3.688912056676325602e+00,3.852380223211464116e+00,4.016090617794427331e+00,4.179858518095023179e+00,4.343508689519286925e+00,4.506875376940684852e+00,4.669802248387204813e+00,4.832142295448446312e+00,4.993757695076171288e+00,5.154519637316478331e+00,5.314308123339579915e+00,5.473011737931334331e+00,5.630527400385986425e+00,5.786760097498182986e+00,5.941622602099797312e+00,6.095035180328274294e+00,6.246925290552534982e+00,6.397227276623472569e+00,6.545882057861961201e+00,6.692836817950553296e+00,6.838044694657843259e+00,6.981464472098251051e+00,7.123060277016126207e+00,7.262801280382261027e+00,7.400661405403713644e+00,7.536619042874538543e+00,7.670656774635586039e+00,7.802761105765746663e+00,7.932922205994658249e+00,8.061133660707344717e+00,8.187392231804116349e+00,8.311697628583525344e+00,8.434052288731750835e+00,8.554461169427590050e+00,8.672931548507659016e+00,8.789472835580633969e+00,8.904096392931750259e+00,9.016815366018535727e+00,9.127644523325322723e+00,9.236600105316592035e+00,9.343699682207375901e+00,9.448962020251821414e+00,9.552406956238289837e+00,9.654055279870588535e+00,9.753928623709278156e+00,9.852049360344523166e+00,9.948440506471849076e+00,1.004312563354434573e+01,1.013612878467878886e+01,1.022747439749880982e+01,1.031718723260493498e+01,1.040529230736944122e+01,1.049181483476253618e+01,1.057678016692593914e+01,1.066021374321985782e+01
1.280000000000000027e-01,9.634613984593552727e-02,1.389286314638870645e-01,1.890527413857850669e-01,2.465783937022579808e-01,3.113464201172369550e-01,3.831796398230492007e-01,4.618840414831174579e-01,5.472500529953616688e-01,6.390538840478070526e-01,7.370589260896703854e-01,8.410171942219061281e-01,9.506707956499588219e-01,1.065753409721629685e+00,1.185991765172978329e+00,1.311107100999559183e+00,1.440816598330615372e+00,1.574834771779896503e+00,1.712874809947323440e+00,1.854649856019876308e+00,1.999874220737614783e+00,2.148264521323373977e+00,2.299540741296271396e+00,2.453427207376345009e+00,2.609653480920265611e+00,2.767955162489105003e+00,2.928074609225038483e+00,3.089761565694319589e+00,3.252773709731804352e+00,3.416877115593565772e+00,3.581846637387287036e+00,3.747466216306108322e+00,3.913529115643392231e+00,4.079838087918148837e+00,4.246205478699706326e+00,4.412453271892609052e+00,4.578413081336567991e+00,4.743926093599699634e+00,4.908842966804770391e+00,5.073023690236110106e+00,5.236337409337374460e+00,5.398662220535446643e+00,5.559884940120721097e+00,5.719900851185763635e+00,5.878613432379106385e+00,6.035934071974397241e+00,6.191781770492215564e+00,6.346082834847019960e+00,6.498770566728607534e+00,6.649784947669293622e+00,6.799072322997387730e+00,6.946585086636539508e+00,7.092281368480763071e+00,7.236124725857652429e+00,7.378083840388328873e+00,7.518132221362503032e+00,7.656247916570959156e+00,7.792413231375832972e+00,7.926614456650917795e+00,8.058841606089810483e+00,8.189088163258254838e+00,8.317350838658150280e+00,8.443629336973740962e+00,8.567926134584636699e+00,8.690246267355011156e+00,8.810597128642701392e+00,8.928988277415248476e+00,9.045431256311619705e+00,9.159939419447402642e+00,9.272527769727311409e+00,9.383212805400981793e+00,9.492012375575747285e+00,9.598945544382802453e+00,9.704032463480166015e+00,9.807294252566947534e+00,9.908752887577680468e+00,1.000843109622300808e+01,1.010635226054283109e+01,1.020254032614028716e+01,1.029701971776892933e+01,1.038981526095117225e+01,1.048095210931295007e+01,1.057045567732768632e+01,1.065835157817146595e+01,1.074466556640095405e+01,1.082942348517572917e+01
1.300000000000000044e-01,9.785154828102826663e-02,1.410993913305103042e-01,1.920066904699379573e-01,2.504311811038557600e-01,3.162112079315687607e-01,3.891668216952843817e-01,4.691009796312912150e-01,5.558008350734141567e-01,6.490391009860539961e-01,7.485754718098215355e-01,8.541580878816235067e-01,9.655250268319894857e-01,1.082405806748530264e+00,1.204522886503806012e+00,1.331593149452677149e+00,1.463329357679531428e+00,1.599441565088957518e+00,1.739638478852750580e+00,1.883628760020186865e+00,2.031122255436640156e+00,2.181831154469051626e+00,2.335471065379025823e+00,2.491762007491600706e+00,2.650429316559644644e+00,2.811204461902997664e+00,2.973825774994179660e+00,3.138039090158293298e+00,3.303598298946364142e+00,3.470265820524715661e+00,3.637812991096463833e+00,3.806020375935891487e+00,3.974678008075320346e+00,4.143585558041869454e+00,4.312552439304388585e+00,4.481397854265931180e+00,4.649950785732452019e+00,4.818049938812195343e+00,4.985543638161095359e+00,5.152289685396049812e+00,5.318155181358271477e+00,5.483016317731313372e+00,5.646758142310106976e+00,5.809274301985541733e+00,5.970466767260029783e+00,6.130245541848997171e+00,6.288528360656156835e+00,6.445240379141504938e+00,6.600313856833741610e+00,6.753687837476626932e+00,6.905307828044222163e+00,7.055125478615235757e+00,7.203098264863275091e+00,7.349189174699177762e+00,7.493366400394396720e+00,7.635603037321292419e+00,7.775876790267380656e+00,7.914169688116080792e+00,8.050467807536088927e+00,8.184761006184965382e+00,8.317042665809164959e+00,8.447309445512184212e+00,8.575561045363956580e+00,8.701799980437520787e+00,8.826031365282434038e+00,8.948262708777743768e+00,9.068503719249861206e+00,9.186766119691489152e+00,9.303063472876267781e+00,9.417411016129301871e+00,9.529825505485373327e+00,9.640325068944118669e+00,9.748929068513785268e+00,9.855657970722043970e+00,9.960533225263304757e+00,1.006357715144608100e+01,1.016481283210149122e+01,1.026426401461381310e+01,1.036195501873623037e+01,1.045791065085906979e+01,1.055215612440353468e+01,1.064471698602096517e+01,1.073561904728593142e+01,1.082488832158039394e+01,1.091255096587596896e+01,1.099863322713160052e+01
1.320000000000000062e-01,9.935695671612101987e-02,1.432701511971335162e-01,1.949606395540908477e-01,2.542839685054535392e-01,3.210759957459006220e-01,3.951540035675195073e-01,4.763179177794649166e-01,5.643516171514667557e-01,6.590243179243010507e-01,7.600920175299726855e-01,8.672989815413407744e-01,9.803792580140200386e-01,1.099058203775430620e+00,1.223054007834633916e+00,1.352079197905795338e+00,1.485842117028447262e+00,1.624048358398018310e+00,1.766402147758177499e+00,1.912607664020497644e+00,2.062370290135665307e+00,2.215397787614729275e+00,2.371401389461780251e+00,2.530096807606855958e+00,2.691205152199023676e+00,2.854453761316889882e+00,3.019576940763320838e+00,3.186316614622267451e+00,3.354422888160923488e+00,3.523654525455865105e+00,3.693779344805640186e+00,3.864574535565674651e+00,4.035826900507248460e+00,4.207333028165590960e+00,4.378899399909071732e+00,4.550342436639253307e+00,4.721488490128336046e+00,4.892173784024690164e+00,5.062244309517420326e+00,5.231555680555988630e+00,5.399972953379167606e+00,5.567370414927179212e+00,5.733631344499493743e+00,5.898647752785318943e+00,6.062320102140954070e+00,6.224557011723597988e+00,6.385274950820097217e+00,6.544397923435989917e+00,6.701857146938876575e+00,6.857590727283959353e+00,7.011543333091056596e+00,7.163665870593932006e+00,7.313915161245787111e+00,7.462253623540703984e+00,7.608648960400464567e+00,7.753073853280081806e+00,7.895505663963802157e+00,8.035926144856327724e+00,8.174321158421259170e+00,8.310680406280118504e+00,8.444997168360075079e+00,8.577268052366218143e+00,8.707492753754170423e+00,8.835673826290406652e+00,8.961816463209855144e+00,9.085928288912786144e+00,9.208019161084473936e+00,9.328100983071356822e+00,9.446187526305134696e+00,9.562294262531290556e+00,9.676438205569763085e+00,9.788637762312490054e+00,9.898912592644766306e+00,1.000728347796392192e+01,1.011377219795966376e+01,1.021840141531448332e+01,1.032119456797997614e+01,1.042217576868479512e+01,1.052136971133217180e+01,1.061880158394920848e+01,1.071449698785589710e+01,1.080848186272898026e+01,1.090078241724417651e+01,1.099142506498932370e+01,1.108043636535098564e+01,1.116784296908747010e+01
1.340000000000000080e-01,1.008623651512137592e-01,1.454409110637567559e-01,1.979145886382437380e-01,2.581367559070513185e-01,3.259407835602324277e-01,4.011411854397546883e-01,4.835348559276386182e-01,5.729023992295192436e-01,6.690095348625479943e-01,7.716085632501237246e-01,8.804398752010580420e-01,9.952334891960507024e-01,1.115710600802331198e+00,1.241585129165461598e+00,1.372565246358913527e+00,1.508354876377363096e+00,1.648655151707079325e+00,1.793165816663604417e+00,1.941586568020808201e+00,2.093618324834690458e+00,2.248964420760406924e+00,2.407331713544534235e+00,2.568431607722111210e+00,2.731980987838403152e+00,2.897703060730782099e+00,3.065328106532462016e+00,3.234594139086241160e+00,3.405247477375482834e+00,3.577043230387014550e+00,3.749745698514816539e+00,3.923128695195457372e+00,4.096975792939176131e+00,4.271080498289311578e+00,4.445246360513754880e+00,4.619287019012575435e+00,4.793026194524220074e+00,4.966297629237185873e+00,5.138944980873744406e+00,5.310821675715928336e+00,5.481790725400064623e+00,5.651724512123045940e+00,5.820504546688879621e+00,5.988021203585097041e+00,6.154173437021877469e+00,6.318868481598197917e+00,6.482021540984038488e+00,6.643555467730474007e+00,6.803400437044010651e+00,6.961493617091292663e+00,7.117778838137891029e+00,7.272206262572627367e+00,7.424732057628299131e+00,7.575318072382229317e+00,7.723931520406532414e+00,7.870544669238870306e+00,8.015134537660223657e+00,8.157682601596576433e+00,8.298174509306429414e+00,8.436599806375271626e+00,8.572951670910985200e+00,8.707226659220250298e+00,8.839424462144386041e+00,8.969547672143290740e+00,9.097601561137278026e+00,9.223593869047828520e+00,9.347534602919088442e+00,9.469435846451226269e+00,9.589311579733999835e+00,9.707177508933281018e+00,9.823050905654152842e+00,9.936950455680861438e+00,1.004889611677574734e+01,1.015890898520579988e+01,1.026701117065602276e+01,1.037322567918288385e+01,1.047757630385846106e+01,1.058008752275577713e+01,1.068078440392811324e+01,1.077969251703934894e+01,1.087683785130825775e+01,1.097224673943699358e+01,1.106594578720242161e+01,1.115796180839825347e+01,1.124832176482600055e+01,1.133705271104334145e+01
1.360000000000000098e-01,1.023677735863064986e-01,1.476116709303799956e-01,2.008685377223966284e-01,2.619895433086490977e-01,3.308055713745642890e-01,4.071283673119898139e-01,4.907517940758123198e-01,5.814531813075718425e-01,6.789947518007950489e-01,7.831251089702748747e-01,8.935807688607753096e-01,1.010087720378081366e+00,1.132362997829231555e+00,1.260116250496289503e+00,1.393051294812031715e+00,1.530867635726278930e+00,1.673261945016140118e+00,1.819929485569031336e+00,1.970565472021118758e+00,2.124866359533715610e+00,2.282531053906084573e+00,2.443262037627288663e+00,2.606766407837366906e+00,2.772756823477782184e+00,2.940952360144674316e+00,3.111079272301603638e+00,3.282871663550214869e+00,3.456072066590042624e+00,3.630431935318163994e+00,3.805712052223992892e+00,3.981682854825240536e+00,4.158124685371104690e+00,4.334827968413033084e+00,4.511593321118438027e+00,4.688231601385897562e+00,4.864563898920104101e+00,5.040421474449681583e+00,5.215645652230069373e+00,5.390087670875867154e+00,5.563608497420960752e+00,5.736078609318912669e+00,5.907377748878266388e+00,6.077394654384874251e+00,6.246026771902800867e+00,6.413179951472797846e+00,6.578768131147978870e+00,6.742713012024958985e+00,6.904943727149145616e+00,7.065396506898625084e+00,7.224014343184724574e+00,7.380746654551323616e+00,7.535548954010811151e+00,7.688382521223755539e+00,7.839214080412600261e+00,7.988015485197659693e+00,8.134763411356644269e+00,8.279439058336823365e+00,8.422027860191601434e+00,8.562519206470424749e+00,8.700906173461895321e+00,8.837185266074284229e+00,8.971356170534599883e+00,9.103421517996176604e+00,9.233386659064700908e+00,9.361259449182870895e+00,9.487050044753701172e+00,9.610770709831095715e+00,9.732435633162864974e+00,9.852060755335269704e+00,9.969663605738544376e+00,1.008526314904923282e+01,1.019887964090672838e+01,1.031053449244767783e+01,1.042025014335238176e+01,1.052804994305128439e+01,1.063395803973694598e+01,1.073799927682675914e+01,1.084019909652405644e+01,1.094058345012948763e+01,1.103917871476062018e+01,1.113601161614500867e+01,1.123110915716066849e+01,1.132449855180718323e+01,1.141620716430101545e+01,1.150626245299921280e+01
1.380000000000000115e-01,1.038731820213992518e-01,1.497824307970032354e-01,2.038224868065495188e-01,2.658423307102468769e-01,3.356703591888960947e-01,4.131155491842249949e-01,4.979687322239860769e-01,5.900039633856243304e-01,6.889799687390419924e-01,7.946416546904260247e-01,9.067216625204926883e-01,1.024941951560111919e+00,1.149015394856132133e+00,1.278647371827117407e+00,1.413537343265149682e+00,1.553380395075194986e+00,1.697868738325201132e+00,1.846693154474458254e+00,1.999544376021429315e+00,2.156114394232741205e+00,2.316097687051762666e+00,2.479192361710043091e+00,2.645101207952622158e+00,2.813532659117161216e+00,2.984201659558566533e+00,3.156830438070744815e+00,3.331149188014188578e+00,3.506896655804601970e+00,3.683820640249313438e+00,3.861678405933169245e+00,4.040237014455023257e+00,4.219273577803032360e+00,4.398575438536754589e+00,4.577940281723121174e+00,4.757176183759219690e+00,4.936101603315988129e+00,5.114545319662176404e+00,5.292346323586393453e+00,5.469353666035806860e+00,5.645426269441857769e+00,5.820432706514778509e+00,5.994250951067652267e+00,6.166768105184651461e+00,6.337880106783724266e+00,6.507491421347397775e+00,6.675514721311920141e+00,6.841870556319443963e+00,7.006487017254280580e+00,7.169299396705958394e+00,7.330249848231559007e+00,7.489287046530019865e+00,7.646365850393323171e+00,7.801446970065281761e+00,7.954496640418668107e+00,8.105486301156449969e+00,8.254392285053066658e+00,8.401195515077070297e+00,8.545881211076771677e+00,8.688438606565577871e+00,8.828860676012805442e+00,8.967143872928318160e+00,9.103287878924815502e+00,9.237295363849060692e+00,9.369171756992122013e+00,9.498925029317913271e+00,9.626565486588313902e+00,9.752105573210965161e+00,9.875559686591731889e+00,9.996944001737258390e+00,1.011627630582293413e+01,1.023357584241760421e+01,1.034886316503770942e+01,1.046215999968955579e+01,1.057348911604874075e+01,1.068287420691968670e+01,1.079033977561543090e+01,1.089591103089774116e+01,1.099961378911999788e+01,1.110147438321962809e+01,1.120151957821298261e+01,1.129977649285302377e+01,1.139627252711891359e+01,1.149103529521611122e+01,1.158409256377603036e+01,1.167547219495508415e+01
1.400000000000000133e-01,1.053785904564919912e-01,1.519531906636264751e-01,2.067764358907024369e-01,2.696951181118446561e-01,3.405351470032279559e-01,4.191027310564601205e-01,5.051856703721597786e-01,5.985547454636769293e-01,6.989651856772889360e-01,8.061582004105770638e-01,9.198625561802099559e-01,1.039796182742142472e+00,1.165667791883032489e+00,1.297178493157945089e+00,1.434023391718267870e+00,1.575893154424110820e+00,1.722475531634261925e+00,1.873456823379885172e+00,2.028523280021739872e+00,2.187362428931766356e+00,2.349664320197440315e+00,2.515122685792797075e+00,2.683436008067877854e+00,2.854308494756540693e+00,3.027450958972459194e+00,3.202581603839885993e+00,3.379426712478162287e+00,3.557721245019161316e+00,3.737209345180462883e+00,3.917644759642345598e+00,4.098791174084806421e+00,4.280422470234960919e+00,4.462322908660475207e+00,4.644287242327803433e+00,4.826120766132541817e+00,5.007639307711872156e+00,5.188669164874672113e+00,5.369046994942718420e+00,5.548619661195746566e+00,5.727244041462753898e+00,5.904786803710645238e+00,6.081124153257039033e+00,6.256141555984429559e+00,6.429733441664648552e+00,6.601802891221997704e+00,6.772261311475861412e+00,6.941028100613928942e+00,7.108030307359414657e+00,7.273202286513290815e+00,7.436485353278393440e+00,7.597827438508716114e+00,7.757182746775835191e+00,7.914511418906807094e+00,8.069779200424735066e+00,8.222957117115237580e+00,8.374021158749487270e+00,8.522951971817319006e+00,8.669734561961941921e+00,8.814358006660730993e+00,8.956815178563715563e+00,9.097102479782352091e+00,9.235219587315029344e+00,9.371169209701946556e+00,9.504956854919544895e+00,9.636590609452955647e+00,9.766080928422928409e+00,9.893440436590834608e+00,1.001868374002059703e+01,1.014182724813924885e+01,1.026288900590732567e+01,1.038188853578597559e+01,1.049884668916869224e+01,1.061378550693143374e+01,1.072672808874509975e+01,1.083769847078808723e+01,1.094672151149391581e+01,1.105382278496872317e+01,1.115902848171594108e+01,1.126236531630976678e+01,1.136386044166534504e+01,1.146354136956103886e+01,1.156143589707715869e+01,1.165757203862504099e+01,1.175197796325104527e+01,1.184468193691095372e+01
1.420000000000000151e-01,1.068839988915847306e-01,1.541239505302497148e-01,2.097303849748553273e-01,2.735479055134424353e-01,3.453999348175597617e-01,4.250899129286952460e-01,5.124026085203334802e-01,6.071055275417294173e-01,7.089504026155359906e-01,8.176747461307282139e-01,9.330034498399272236e-01,1.054650413924173247e+00,1.182320188909933067e+00,1.315709614488772994e+00,1.454509440171386059e+00,1.598405913773026654e+00,1.747082324943322940e+00,1.900220492285312313e+00,2.057502184022050429e+00,2.218610463630791507e+00,2.383230953343117964e+00,2.551053009875551503e+00,2.721770808183133106e+00,2.895084330395919725e+00,3.070700258386351411e+00,3.248332769609027171e+00,3.427704236942135996e+00,3.608545834233720662e+00,3.790598050111612327e+00,3.973611113351521951e+00,4.157345333714589586e+00,4.341571362666888589e+00,4.526070378784196713e+00,4.710634202932486581e+00,4.895065348505863945e+00,5.079177012107756184e+00,5.262793010087166934e+00,5.445747666299043388e+00,5.627885656355685384e+00,5.809061813483650916e+00,5.989140900906511966e+00,6.167997355446424912e+00,6.345515006784206768e+00,6.521586776545571951e+00,6.696114361096597634e+00,6.869007901639801794e+00,7.040185644908413032e+00,7.209573597464549621e+00,7.377105176320623237e+00,7.542720858325227873e+00,7.706367830487411474e+00,7.867999643158347212e+00,8.027575867748334204e+00,8.185061760430803801e+00,8.340427933074026967e+00,8.493650032445909659e+00,8.644708428557565938e+00,8.793587912847112165e+00,8.940277406755885892e+00,9.084769681114627460e+00,9.227061086636386023e+00,9.367151295705244962e+00,9.505043055554832421e+00,9.640741952846966001e+00,9.774256189587998023e+00,9.905596370257541139e+00,1.003477529997070405e+01,1.016180779344946217e+01,1.028671049454123754e+01,1.040950170599171543e+01,1.053020122915434520e+01,1.064883021329967328e+01,1.076541101417331170e+01,1.087996706144145698e+01,1.099252273465648955e+01,1.110310324737239895e+01,1.121173453903970518e+01,1.131844317431188252e+01,1.142325624939990725e+01,1.152620130511770746e+01,1.162730624626905396e+01,1.172659926703540378e+01,1.182410878203397075e+01,1.191986336272606017e+01,1.201389167886682507e+01
1.440000000000000169e-01,1.083894073266774838e-01,1.562947103968729545e-01,2.126843340590082176e-01,2.774006929150402700e-01,3.502647226318916229e-01,4.310770948009304271e-01,5.196195466685071818e-01,6.156563096197819052e-01,7.189356195537829342e-01,8.291912918508793640e-01,9.461443434996444912e-01,1.069504645106203800e+00,1.198972585936833646e+00,1.334240735819600676e+00,1.474995488624504025e+00,1.620918673121942488e+00,1.771689118252383732e+00,1.926984161190739231e+00,2.086481088022360986e+00,2.249858498329816658e+00,2.416797586488795613e+00,2.586983333958305931e+00,2.760105608298388358e+00,2.935860166035298757e+00,3.113949557800243628e+00,3.294083935378168349e+00,3.475981761406110149e+00,3.659370423448280452e+00,3.843986755042762216e+00,4.029577467060698304e+00,4.215899493344372750e+00,4.402720255098817148e+00,4.589817848907917330e+00,4.776981163537169728e+00,4.964009930879186072e+00,5.150714716503640211e+00,5.336916855299662643e+00,5.522448337655367467e+00,5.707151651515625090e+00,5.890879585504547045e+00,6.073494998102377807e+00,6.254870557635811679e+00,6.434888457583984867e+00,6.613440111426495349e+00,6.790425830971197563e+00,6.965754491803743065e+00,7.139343189202898010e+00,7.311116887569683698e+00,7.481008066127956546e+00,7.648956363372062306e+00,7.814908222466107723e+00,7.978816539540859232e+00,8.140640316589859538e+00,8.300344320436870760e+00,8.457898749032816355e+00,8.613278906142330271e+00,8.766464885297812870e+00,8.917441263732284185e+00,9.066196806851039014e+00,9.212724183665537581e+00,9.357019693490419954e+00,9.499083004095458804e+00,9.638916901407716509e+00,9.776527050774388883e+00,9.911921769723040399e+00,1.004511181209215387e+01,1.017611016335057350e+01,1.030493184687832908e+01,1.043159374094322622e+01,1.055611440607610518e+01,1.067851392252271658e+01,1.079881373743065431e+01,1.091703652141518788e+01,1.103320603413781598e+01,1.114734699852489008e+01,1.125948498325088387e+01,1.136964629311068542e+01,1.147785786690782395e+01,1.158414718249004594e+01,1.168854216857006989e+01,1.179107112297706905e+01,1.189176263699364888e+01,1.199064552544290052e+01,1.208774876220107508e+01,1.218310142082269643e+01
1.459999999999999909e-01,1.098948157617702093e-01,1.584654702634961665e-01,2.156382831431610803e-01,2.812534803166379938e-01,3.551295104462233732e-01,4.370642766731654971e-01,5.268364848166807723e-01,6.242070916978343931e-01,7.289208364920298777e-01,8.407078375710302920e-01,9.592852371593616478e-01,1.084358876288234130e+00,1.215624982963733780e+00,1.352771857150428136e+00,1.495481537077621992e+00,1.643431432470858100e+00,1.796295911561444303e+00,1.953747830096165705e+00,2.115459992022671099e+00,2.281106533028841810e+00,2.450364219634472818e+00,2.622913658041059470e+00,2.798440408413643166e+00,2.976636001674677789e+00,3.157198857214135401e+00,3.339835101147309082e+00,3.524259285870082969e+00,3.710195012662839353e+00,3.897375459973910772e+00,4.085543820769873768e+00,4.274453652974155027e+00,4.463869147530743930e+00,4.653565319031637948e+00,4.843328124141851987e+00,5.032954513252507311e+00,5.222252420899522463e+00,5.411040700512157464e+00,5.599149009011691547e+00,5.786417646675563020e+00,5.972697357525442285e+00,6.157849095298243647e+00,6.341743759825196669e+00,6.524261908383761188e+00,6.705293446307417859e+00,6.884737300845796604e+00,7.062501081967682559e+00,7.238500733497381212e+00,7.412660177674816886e+00,7.584910955935288079e+00,7.755191868418894963e+00,7.923448614444802196e+00,8.089633435923369476e+00,8.253704765431383095e+00,8.415626880442937718e+00,8.575369564991603966e+00,8.732907779838750884e+00,8.888221342038059802e+00,9.041294614617452652e+00,9.192116206946190360e+00,9.340678686216445925e+00,9.486978300344452109e+00,9.631014712485672646e+00,9.772790747260600597e+00,9.912312148701809988e+00,1.004958734985808100e+01,1.018462725392676660e+01,1.031744502673043939e+01,1.044805590030719245e+01,1.057647698734521491e+01,1.070272710616049494e+01,1.082682661589108619e+01,1.094879726156163358e+01,1.106866202865706406e+01,1.118644500683417320e+01,1.130217126239329062e+01,1.141586671912936701e+01,1.152755804718166566e+01,1.163727255950376538e+01,1.174503811558018462e+01,1.185088303202242876e+01,1.195483599968508237e+01,1.205692600695189221e+01,1.215718226885182673e+01,1.225563416167608821e+01,1.235231116277856422e+01
1.479999999999999927e-01,1.114002241968629486e-01,1.606362301301194062e-01,2.185922322273139706e-01,2.851062677182357730e-01,3.599942982605551789e-01,4.430514585454006227e-01,5.340534229648545850e-01,6.327578737758868810e-01,7.389060534302768213e-01,8.522243832911813310e-01,9.724261308190789155e-01,1.099213107470264905e+00,1.232277379990634358e+00,1.371302978481256041e+00,1.515967585530740180e+00,1.665944191819773934e+00,1.820902704870505318e+00,1.980511499001592624e+00,2.144438896022982100e+00,2.312354567727866961e+00,2.483930852780150911e+00,2.658843982123813898e+00,2.836775208528898862e+00,3.017411837314056822e+00,3.200448156628027618e+00,3.385586266916450260e+00,3.572536810334056678e+00,3.761019601877398699e+00,3.950764164905060216e+00,4.141510174479050121e+00,4.333007812603937303e+00,4.525018039962671601e+00,4.717312789155358566e+00,4.909675084746535134e+00,5.101899095625829439e+00,5.293790125295406490e+00,5.485164545724652285e+00,5.675849680368015626e+00,5.865683641835501838e+00,6.054515129546339303e+00,6.242203192494109487e+00,6.428616962014582548e+00,6.613635359183538398e+00,6.797146781188341258e+00,6.979048770720396533e+00,7.159247672131623830e+00,7.337658277791866190e+00,7.514203467779951851e+00,7.688813845742620501e+00,7.861427373465729396e+00,8.031989006423497557e+00,8.200450332305882384e+00,8.366769214272910204e+00,8.530909440449004677e+00,8.692840380950393353e+00,8.852536653535171496e+00,9.009977798778306735e+00,9.165147965502622895e+00,9.318035607041343482e+00,9.468633188767356046e+00,9.616936907198486040e+00,9.762946420875886488e+00,9.906664593113484685e+00,1.004809724662923109e+01,1.018725292999312337e+01,1.032414269576137933e+01,1.045877989011030884e+01,1.059117995373605758e+01,1.072136023374720359e+01,1.084933980624488470e+01,1.097513930925945758e+01,1.109878078569261461e+01,1.122028753589894201e+01,1.133968397953053220e+01,1.145699552626169115e+01,1.157224845500785193e+01,1.168546980125264767e+01,1.179668725209970681e+01,1.190592904867032331e+01,1.201322389547479119e+01,1.211860087639309747e+01,1.222208937691013730e+01,1.232371901226075650e+01,1.242351956115110312e+01,1.252152090473443558e+01
1.499999999999999944e-01,1.129056326319556880e-01,1.628069899967426459e-01,2.215461813114668610e-01,2.889590551198335522e-01,3.648590860748870401e-01,4.490386404176358037e-01,5.412703611130282866e-01,6.413086558539394799e-01,7.488912703685237648e-01,8.637409290113324811e-01,9.855670244787962941e-01,1.114067338652295458e+00,1.248929777017534715e+00,1.389834099812083945e+00,1.536453633983858147e+00,1.688456951168689990e+00,1.845509498179566110e+00,2.007275167907019764e+00,2.173417800023292656e+00,2.343602602426892112e+00,2.517497485925828560e+00,2.694774306206567882e+00,2.875110008644154114e+00,3.058187672953435854e+00,3.243697456041919835e+00,3.431337432685591438e+00,3.620814334798030831e+00,3.811844191091958045e+00,4.004152869836209661e+00,4.197476528188227363e+00,4.391561972233720468e+00,4.586166932394600160e+00,4.781060259279080071e+00,4.976022045351217393e+00,5.170843677999151566e+00,5.365327829691290518e+00,5.559288390937147994e+00,5.752550351724340594e+00,5.944949636995441544e+00,6.136332901567235432e+00,6.326557289689976216e+00,6.515490164203969314e+00,6.703008809983316496e+00,6.889000116069264656e+00,7.073360240594996462e+00,7.255994262295564212e+00,7.436815822086351169e+00,7.615746757885085927e+00,7.792716735549953810e+00,7.967662878512563829e+00,8.140529398402193806e+00,8.311267228688393516e+00,8.479833663114435538e+00,8.646192000455073412e+00,8.810311196909182740e+00,8.972165527231592108e+00,9.131734255518553667e+00,9.289001316387793139e+00,9.443955007136496604e+00,9.596587691318266167e+00,9.746895514052518195e+00,9.894878129266102107e+00,1.004053843896637055e+01,1.018388234455665398e+01,1.032491851012816575e+01,1.046365813759599206e+01,1.060011475349017829e+01,1.073430400716492450e+01,1.086624348014919406e+01,1.099595250632927446e+01,1.112345200262782896e+01,1.124876430982359743e+01,1.137191304314081997e+01,1.149292295222688942e+01,1.161181979013009347e+01,1.172863019088633507e+01,1.184338155532362968e+01,1.195610194469564824e+01,1.206681998176046378e+01,1.217556475892715362e+01,1.228236575310111256e+01,1.238725274686838240e+01,1.249025575566968449e+01,1.259140496062611803e+01,1.269073064669030693e+01
1.519999999999999962e-01,1.144110410670484412e-01,1.649777498633658579e-01,2.245001303956197514e-01,2.928118425214313314e-01,3.697238738892188459e-01,4.550258222898709293e-01,5.484872992612019882e-01,6.498594379319919678e-01,7.588764873067708194e-01,8.752574747314836312e-01,9.987079181385135618e-01,1.128921569834326011e+00,1.265582174044435293e+00,1.408365221142911627e+00,1.556939682436976335e+00,1.710969710517605824e+00,1.870116291488627125e+00,2.034038836812446682e+00,2.202396704023603213e+00,2.374850637125917263e+00,2.551064119071506209e+00,2.730704630289322310e+00,2.913444808759409810e+00,3.098963508592815330e+00,3.286946755455812497e+00,3.477088598454733059e+00,3.669091859262004540e+00,3.862668780306517391e+00,4.057541574767359549e+00,4.253442881897403716e+00,4.450116131863503632e+00,4.647315824826527830e+00,4.844807729402801577e+00,5.042369005955900541e+00,5.239788260372473694e+00,5.436865534087174545e+00,5.633412236149642816e+00,5.829251023080664673e+00,6.024215632155380362e+00,6.218150673588132449e+00,6.410911386885842944e+00,6.602363366393356081e+00,6.792382260783093706e+00,6.980853450950188943e+00,7.167671710469596391e+00,7.352740852459505483e+00,7.535973366380836147e+00,7.717290047990220891e+00,7.896619625357286232e+00,8.073898383559397374e+00,8.249069790380890055e+00,8.422084125070906424e+00,8.592898111955960871e+00,8.761474560461140371e+00,8.927782012867972128e+00,9.091794400928014497e+00,9.253490712258802375e+00,9.412854667272965159e+00,9.569874407231649727e+00,9.724542193869176288e+00,9.876854120906552126e+00,1.002680983765631773e+01,1.017441228481925464e+01,1.031966744248407508e+01,1.046258409026320813e+01,1.060317357943060657e+01,1.074144961687004773e+01,1.087742806059378964e+01,1.101112672655118274e+01,1.114256520641366599e+01,1.127176469599620035e+01,1.139874783395457847e+01,1.152353855038269792e+01,1.164616192492324842e+01,1.176664405399849400e+01,1.188501192676481999e+01,1.200129330939461170e+01,1.211551663729159145e+01,1.222771091485060246e+01,1.233790562237951605e+01,1.244613062980912765e+01,1.255241611682662750e+01,1.265679249907861426e+01,1.275929036010113293e+01,1.285994038864617828e+01
1.539999999999999980e-01,1.159164495021411806e-01,1.671485097299890976e-01,2.274540794797726417e-01,2.966646299230291106e-01,3.745886617035507071e-01,4.610130041621060548e-01,5.557042374093756898e-01,6.584102200100444557e-01,7.688617042450177630e-01,8.867740204516346703e-01,1.011848811798230940e+00,1.143775801016356786e+00,1.282234571071335649e+00,1.426896342473739532e+00,1.577425730890094524e+00,1.733482469866521658e+00,1.894723084797687918e+00,2.060802505717873601e+00,2.231375608023913770e+00,2.406098671824942858e+00,2.584630752217183858e+00,2.766634954372076738e+00,2.951779608874665062e+00,3.139739344232194362e+00,3.330196054869704714e+00,3.522839764223874237e+00,3.717369383725978249e+00,3.913493369521077181e+00,4.110930279698508549e+00,4.309409235606580069e+00,4.508670291493286797e+00,4.708464717258456389e+00,4.908555199526522195e+00,5.108715966560583688e+00,5.308732842745795821e+00,5.508403238483058573e+00,5.707536081362138525e+00,5.905951694436989641e+00,6.103481627315320068e+00,6.299968445609028578e+00,6.495265484081708784e+00,6.689236568582741960e+00,6.881755711582871804e+00,7.072706785831112342e+00,7.261983180344196320e+00,7.449487442623446753e+00,7.635130910675321125e+00,7.818833338095355856e+00,8.000522515164618653e+00,8.180133888606231807e+00,8.357610182359586304e+00,8.532901021453417556e+00,8.705962560797487981e+00,8.876757120467207329e+00,9.045252828826761515e+00,9.211423274624435109e+00,9.375247168999049308e+00,9.536708018158135403e+00,9.695793807326804625e+00,9.852496696420086408e+00,1.000681272776058606e+01,1.015874154604653157e+01,1.030828613067214050e+01,1.045545254041149796e+01,1.060024967039825050e+01,1.074268902126521930e+01,1.088278448024991718e+01,1.102055211402265478e+01,1.115600997295317143e+01,1.128917790649805575e+01,1.142007738936457173e+01,1.154873135808555951e+01,1.167516405762457588e+01,1.179940089761960742e+01,1.192146831786689631e+01,1.204139366264330491e+01,1.215920506346559371e+01,1.227493132988753288e+01,1.238860184794074293e+01,1.250024648583187847e+01,1.260989550651714275e+01,1.271757948678487260e+01,1.282332924248754402e+01,1.292717575957614784e+01,1.302915013060204785e+01
1.559999999999999998e-01,1.174218579372339200e-01,1.693192695966123373e-01,2.304080285639255321e-01,3.005174173246268898e-01,3.794534495178825129e-01,4.670001860343412359e-01,5.629211755575493914e-01,6.669610020880970547e-01,7.788469211832648176e-01,8.982905661717858203e-01,1.024989705457948208e+00,1.158630032198387338e+00,1.298886968098236228e+00,1.445427463804567214e+00,1.597911779343212713e+00,1.755995229215437492e+00,1.919329878106748932e+00,2.087566174623300519e+00,2.260354512024224327e+00,2.437346706523968010e+00,2.618197385362861951e+00,2.802565278454830722e+00,2.990114408989920314e+00,3.180515179871573395e+00,3.373445354283596931e+00,3.568590929993015415e+00,3.765646908189951958e+00,3.964317958735636527e+00,4.164318984629658438e+00,4.365375589315756422e+00,4.567224451123069962e+00,4.769613609690384060e+00,4.972302669650243701e+00,5.175062927165266835e+00,5.377677425119117949e+00,5.579940942878942600e+00,5.781659926574634234e+00,5.982652365793314608e+00,6.182747622475259774e+00,6.381786217629925595e+00,6.579619581277575513e+00,6.776109770772128726e+00,6.971129162382649014e+00,7.164560120712035740e+00,7.356294650218797138e+00,7.546234032787387136e+00,7.734288454969805215e+00,7.920376628200489932e+00,8.104425404971951963e+00,8.286369393653066240e+00,8.466150574338282553e+00,8.643717917835930464e+00,8.819027009639013315e+00,8.992039680473276064e+00,9.162723644785550903e+00,9.331052148320857498e+00,9.497003625739296240e+00,9.660561369043305646e+00,9.821713207421957748e+00,9.980451198970996529e+00,1.013677133461461999e+01,1.029067325443674719e+01,1.044215997652502459e+01,1.059123763833892085e+01,1.073791525053329288e+01,1.088220446309983380e+01,1.102411934362978663e+01,1.116367616745152169e+01,1.130089321935516189e+01,1.143579060658244728e+01,1.156839008273294134e+01,1.169871488221654054e+01,1.182678956486645383e+01,1.195263987031596642e+01,1.207629258173529685e+01,1.219777539852178982e+01,1.231711681753657572e+01,1.243434602248347609e+01,1.254949278103088162e+01,1.266258734928424090e+01,1.277366038322515607e+01,1.288274285674311770e+01,1.298986598589647379e+01,1.309506115905116275e+01,1.319835987255791920e+01
1.580000000000000016e-01,1.189272663723266593e-01,1.714900294632355771e-01,2.333619776480784225e-01,3.043702047262246690e-01,3.843182373322143741e-01,4.729873679065763614e-01,5.701381137057230930e-01,6.755117841661495426e-01,7.888321381215117611e-01,9.098071118919369704e-01,1.038130599117665476e+00,1.173484263380417891e+00,1.315539365125136584e+00,1.463958585135395118e+00,1.618397827796330679e+00,1.778507988564353548e+00,1.943936671415809725e+00,2.114329843528727437e+00,2.289333416024534884e+00,2.468594741222993161e+00,2.651764018508539600e+00,2.838495602537585150e+00,3.028449209105176010e+00,3.221291015510952871e+00,3.416694653697489148e+00,3.614342095762156593e+00,3.813924432653925667e+00,4.015142547950196317e+00,4.217707689560808326e+00,4.421341943024932775e+00,4.625778610752852238e+00,4.830762502122312618e+00,5.036050139773964318e+00,5.241409887769949982e+00,5.446622007492440076e+00,5.651478647274826628e+00,5.855783771787129055e+00,6.059353037149638688e+00,6.262013617635198592e+00,6.463603989650821724e+00,6.663973678473442241e+00,6.862982972961514605e+00,7.060502613182427112e+00,7.256413455592959139e+00,7.450606120093397067e+00,7.642980622951328407e+00,7.833445999264290194e+00,8.021919918305624009e+00,8.208328294779285272e+00,8.392604898699900673e+00,8.574690966316978802e+00,8.754534814218441596e+00,8.932091458480538648e+00,9.107322240479343023e+00,9.280194460744340290e+00,9.450681022017278110e+00,9.618760082479544948e+00,9.784414719928475890e+00,9.947632607517110870e+00,1.010840570152190843e+01,1.026672994146865392e+01,1.042260496282696103e+01,1.057603382237791045e+01,1.072702273626634195e+01,1.087558083066833525e+01,1.102171990493444653e+01,1.116545420700965430e+01,1.130680022088038683e+01,1.144577646575715058e+01,1.158240330666683704e+01,1.171670277610131272e+01,1.184869840634752158e+01,1.197841507210833001e+01,1.210587884301232542e+01,1.223111684560369916e+01,1.235415713440027474e+01,1.247502857160755774e+01,1.259376071507941752e+01,1.271038371412102208e+01,1.282492821273660333e+01,1.293742525993317116e+01,1.304790622670136280e+01,1.315640272930540178e+01,1.326294655852617765e+01,1.336756961451379055e+01
1.600000000000000033e-01,1.204326748074194126e-01,1.736607893298588168e-01,2.363159267322313128e-01,3.082229921278224483e-01,3.891830251465461799e-01,4.789745497788115425e-01,5.773550518538967946e-01,6.840625662442021415e-01,7.988173550597588157e-01,9.213236576120880095e-01,1.051271492777382743e+00,1.188338494562448444e+00,1.332191762152037162e+00,1.482489706466222801e+00,1.638883876249448868e+00,1.801020747913269382e+00,1.968543464724870740e+00,2.141093512434154356e+00,2.318312320024845441e+00,2.499842775922018312e+00,2.685330651654217249e+00,2.874425926620339578e+00,3.066784009220431262e+00,3.262066851150331903e+00,3.459943953111381365e+00,3.660093261531297770e+00,3.862201957117899820e+00,4.065967137164755663e+00,4.271096394491957327e+00,4.477308296734109128e+00,4.684332770382635402e+00,4.891911394554240289e+00,5.099797609897685824e+00,5.307756848374632241e+00,5.515566589865761316e+00,5.723016351670710655e+00,5.929907616999624764e+00,6.136053708505963655e+00,6.341279612795138299e+00,6.545421761671718741e+00,6.748327775669308082e+00,6.949856175150901372e+00,7.149876063982204322e+00,7.348266790473883425e+00,7.544917589967996996e+00,7.739727213115269677e+00,7.932603543558775172e+00,8.123463208410759862e+00,8.312231184586616806e+00,8.498840403746735106e+00,8.683231358295675051e+00,8.865351710600954505e+00,9.045155907322065758e+00,9.222604800485411758e+00,9.397665276703129678e+00,9.570309895713698722e+00,9.740516539219791881e+00,9.908268070813647910e+00,1.007355200761226399e+01,1.023636020407281855e+01,1.039668854832268785e+01,1.055453667121717665e+01,1.070990766823079454e+01,1.086280783419376483e+01,1.101324641080337763e+01,1.116123534676905926e+01,1.130678907038952374e+01,1.144992427430925375e+01,1.159065971215913926e+01,1.172901600675122680e+01,1.186501546946968411e+01,1.199868193047850440e+01,1.213004057935020796e+01,1.225911781570868442e+01,1.238594110947209970e+01,1.251053887027875966e+01,1.263294032567853975e+01,1.275317540767535895e+01,1.287127464721116255e+01,1.298726907618896576e+01,1.310119013664118626e+01,1.321306959665960790e+01,1.332293947271433154e+01,1.343083195800119256e+01,1.353677935646966191e+01
1.620000000000000051e-01,1.219380832425121519e-01,1.758315491964820565e-01,2.392698758163842310e-01,3.120757795294202275e-01,3.940478129608779856e-01,4.849617316510466680e-01,5.845719900020706072e-01,6.926133483222546294e-01,8.088025719980057593e-01,9.328402033322391596e-01,1.064412386437100011e+00,1.203192725744479219e+00,1.348844159178937518e+00,1.501020827797050705e+00,1.659369924702567056e+00,1.823533507262185216e+00,1.993150258033931532e+00,2.167857181339581274e+00,2.347291224025155998e+00,2.531090810621043463e+00,2.718897284799894898e+00,2.910356250703093561e+00,3.105118809335686958e+00,3.302842686789710935e+00,3.503193252525274026e+00,3.705844427300439392e+00,3.910479481581873529e+00,4.116791726379315008e+00,4.324485099423107215e+00,4.533274650443285481e+00,4.742886930012418567e+00,4.953060286986168848e+00,5.163545080021406442e+00,5.374103808979315389e+00,5.584511172239083443e+00,5.794554056066594683e+00,6.004031462212120474e+00,6.212754379862287735e+00,6.420545607955077116e+00,6.627239533692614870e+00,6.832681872865174810e+00,7.036729377340287250e+00,7.239249514781982420e+00,7.440120125354806824e+00,7.639229059842596925e+00,7.836473803279210060e+00,8.031761087853260150e+00,8.225006498515893938e+00,8.416134074393950115e+00,8.605075908793569539e+00,8.791771750274371300e+00,8.976168606983465637e+00,9.158220356163591092e+00,9.337887360491478717e+00,9.515136092661917289e+00,9.689938769410121111e+00,9.862272995960038813e+00,1.003212142169881815e+01,1.019947140770741711e+01,1.036431470662372867e+01,1.052664715517672178e+01,1.068646837960739049e+01,1.084378151408368041e+01,1.099859293212118594e+01,1.115091199093842000e+01,1.130075078860367377e+01,1.144812393376939319e+01,1.159304832773811889e+01,1.173554295856112972e+01,1.187562870683561833e+01,1.201332816283805549e+01,1.214866545460948544e+01,1.228166608659208592e+01,1.241235678840504164e+01,1.254076537334050023e+01,1.266692060615724280e+01,1.279085207974952176e+01,1.291259010027130216e+01,1.303216558030130123e+01,1.314960993964132641e+01,1.326495501334920135e+01,1.337823296661785299e+01,1.348947621612326131e+01,1.359871735747620924e+01,1.370598909842553148e+01
1.640000000000000069e-01,1.234434916776048913e-01,1.780023090631052962e-01,2.422238249005371213e-01,3.159285669310180067e-01,3.989126007752098468e-01,4.909489135232818491e-01,5.917889281502443088e-01,7.011641304003071173e-01,8.187877889362528139e-01,9.443567490523903096e-01,1.077553280096817279e+00,1.218046956926509772e+00,1.365496556205838097e+00,1.519551949127878387e+00,1.679855973155685023e+00,1.846046266611101050e+00,2.017757051342992547e+00,2.194620850245008192e+00,2.376270128025466555e+00,2.562338845320069058e+00,2.752463917945572547e+00,2.946286574785847989e+00,3.143453609450942210e+00,3.343618522429090412e+00,3.546442551939166243e+00,3.751595593069580570e+00,3.958757006045847238e+00,4.167616315593874354e+00,4.377873804354256215e+00,4.589241004152461834e+00,4.801441089642201732e+00,5.014209179418096518e+00,5.227292550145127947e+00,5.440450769583998536e+00,5.653455754612405570e+00,5.866091760462478710e+00,6.078155307424615295e+00,6.289455051218612702e+00,6.499811603115016823e+00,6.709057305713511887e+00,6.917035970061041539e+00,7.123602579529674017e+00,7.328622965581759630e+00,7.531973460235730222e+00,7.733540529717196854e+00,7.933220393443151330e+00,8.130918632147745129e+00,8.326549788621028014e+00,8.520036964201283425e+00,8.711311413840403972e+00,8.900312142253065772e+00,9.086985503365978545e+00,9.271284805005116425e+00,9.453169920497547452e+00,9.632606908620706676e+00,9.809567643106541723e+00,9.984029452700287521e+00,1.015597477258398840e+01,1.032539080780257024e+01,1.049226920917463879e+01,1.065660576203075571e+01,1.081840008799760611e+01,1.097765535993656627e+01,1.113437803004860882e+01,1.128857757107346238e+01,1.144026623043828650e+01,1.158945879714926264e+01,1.173617238116698402e+01,1.188042620496311841e+01,1.202224140692000809e+01,1.216164085620642688e+01,1.229864897874046648e+01,1.243329159383396387e+01,1.256559576110140064e+01,1.269558963720890254e+01,1.282330234203572772e+01,1.294876383382050200e+01,1.307200479286724359e+01,1.319305651339144170e+01,1.331195080309368883e+01,1.342871989005721645e+01,1.354339633657609809e+01,1.365601295953219108e+01,1.376660275695122415e+01,1.387519884038140283e+01
1.660000000000000087e-01,1.249489001126976445e-01,1.801730689297285359e-01,2.451777739846900117e-01,3.197813543326158414e-01,4.037773885895416526e-01,4.969360953955169746e-01,5.990058662984180105e-01,7.097149124783597163e-01,8.287730058744997574e-01,9.558732947725413487e-01,1.090694173756534546e+00,1.232901188108540325e+00,1.382148953232738675e+00,1.538083070458706292e+00,1.700342021608803211e+00,1.868559025960017106e+00,2.042363844652053562e+00,2.221384519150435111e+00,2.405249032025777112e+00,2.593586880019094210e+00,2.786030551091250640e+00,2.982216898868602417e+00,3.181788409566197462e+00,3.384394358068469444e+00,3.589691851353058460e+00,3.797346758838721748e+00,4.007034530509820947e+00,4.218440904808433700e+00,4.431262509285406104e+00,4.645207357861638187e+00,4.859995249271984896e+00,5.075358071850024189e+00,5.291040020268849453e+00,5.506797730188681683e+00,5.722400336985727698e+00,5.937629464858362738e+00,6.152279152637111004e+00,6.366155722574937670e+00,6.579077598274955641e+00,6.790875077734408016e+00,7.001390067256907379e+00,7.210475781719059896e+00,7.417996416381537728e+00,7.623826795116653621e+00,7.827851999591796783e+00,8.029966983607092601e+00,8.230076176442230107e+00,8.428093078726162091e+00,8.623939854008616734e+00,8.817546918887238405e+00,9.008852534231762021e+00,9.197802399748489677e+00,9.384349253846643535e+00,9.568452480503614410e+00,9.750077724579496063e+00,9.929196516802964112e+00,1.010578590944053445e+01,1.027982812346915864e+01,1.045131020789772514e+01,1.062022371172554891e+01,1.078656436888478787e+01,1.095033179638781995e+01,1.111152920578945036e+01,1.127016312797603170e+01,1.142624315120850476e+01,1.157978167227289923e+01,1.173079366052913208e+01,1.187929643459585094e+01,1.202530945136510887e+01,1.216885410700439962e+01,1.230995354957479826e+01,1.244863250287144751e+01,1.258491710107584183e+01,1.271883473379775964e+01,1.285041390107730308e+01,1.297968407791421264e+01,1.310667558789148401e+01,1.323141948546318503e+01,1.335394744648158039e+01,1.347429166654605126e+01,1.359248476676523154e+01,1.370855970653434319e+01,1.382254970294111907e+01,1.393448815642623906e+01,1.404440858233727418e+01
1.680000000000000104e-01,1.264543085477903839e-01,1.823438287963517757e-01,2.481317230688429021e-01,3.236341417342136206e-01,4.086421764038735138e-01,5.029232772677521002e-01,6.062228044465917121e-01,7.182656945564122042e-01,8.387582228127467010e-01,9.673898404926924988e-01,1.103835067416251814e+00,1.247755419290571099e+00,1.398801350259639031e+00,1.556614191789533974e+00,1.720828070061921400e+00,1.891071785308932940e+00,2.066970637961114132e+00,2.248148188055862029e+00,2.434227936026087669e+00,2.624834914718119361e+00,2.819597184236928289e+00,3.018147222951356401e+00,3.220123209681453158e+00,3.425170193707848476e+00,3.632941150766950678e+00,3.843097924607862925e+00,4.055312054973795099e+00,4.269265494022993934e+00,4.484651214216555104e+00,4.701173711570814540e+00,4.918549408901767173e+00,5.136506964281952747e+00,5.354787490392570071e+00,5.573144690793363942e+00,5.791344919359049825e+00,6.009167169254245877e+00,6.226402997849605825e+00,6.442856393931261749e+00,6.658343593434895347e+00,6.872692849755305033e+00,7.085744164452774108e+00,7.297348983908446662e+00,7.507369867181314937e+00,7.715680129997577907e+00,7.922163469466396712e+00,8.126713573771032983e+00,8.329233720736713309e+00,8.529636368831297943e+00,8.727842743815948268e+00,8.923782423934071062e+00,9.117392926210458270e+00,9.308619296131002585e+00,9.497413702688168868e+00,9.683735040509683145e+00,9.867548540538285451e+00,1.004882539049938472e+01,1.022754236618078139e+01,1.040368147435433066e+01,1.057722960799287826e+01,1.074817821427645903e+01,1.091652297573882180e+01,1.108226350477803557e+01,1.124540305164233622e+01,1.140594822590345281e+01,1.156390873134354713e+01,1.171929711410751374e+01,1.187212852390900153e+01,1.202242048802471608e+01,1.217019269776709756e+01,1.231546680708878938e+01,1.245826624294316964e+01,1.259861602700242855e+01,1.273654260831771978e+01,1.287207370649411864e+01,1.300523816494570539e+01,1.313606581379269755e+01,1.326458734196246603e+01,1.339083417805912823e+01,1.351483837957172085e+01,1.363663252999841369e+01,1.375624964347324664e+01,1.387372307649259007e+01,1.398908644635004883e+01,1.410237355590125397e+01,1.421361832429314553e+01
1.700000000000000122e-01,1.279597169828831371e-01,1.845145886629750154e-01,2.510856721529958202e-01,3.274869291358113998e-01,4.135069642182053196e-01,5.089104591399872257e-01,6.134397425947654137e-01,7.268164766344648031e-01,8.487434397509937556e-01,9.789063862128435378e-01,1.116975961075969304e+00,1.262609650472601652e+00,1.415453747286539610e+00,1.575145313120361878e+00,1.741314118515039588e+00,1.913584544657848774e+00,2.091577431270175147e+00,2.274911856961289391e+00,2.463206840026398226e+00,2.656082949417144512e+00,2.853163817382605938e+00,3.054077547034110829e+00,3.258458009796708410e+00,3.465946029347227952e+00,3.676190450180842895e+00,3.888849090377004103e+00,4.103589579437768364e+00,4.320090083237553280e+00,4.538039919147704992e+00,4.757140065279990893e+00,4.977103568531550337e+00,5.197655856713880418e+00,5.418534960516291576e+00,5.639491651398047090e+00,5.860289501732371953e+00,6.080704873650129905e+00,6.300526843062101534e+00,6.519557065287586717e+00,6.737609588594834165e+00,6.954510621776201162e+00,7.170098261648640836e+00,7.384222186097832541e+00,7.596743317981093035e+00,7.807533464878501306e+00,8.016474939340996642e+00,8.223460163934973366e+00,8.428391265031198287e+00,8.631179658936432020e+00,8.831745633623281577e+00,9.030017928980905495e+00,9.225933318189154519e+00,9.419436192513513717e+00,9.610478151529694202e+00,9.799017600515750104e+00,9.985019356497074838e+00,1.016845426419580534e+01,1.034929882292102832e+01,1.052753482523950090e+01,1.070314900808803138e+01,1.087613271682736915e+01,1.104648158259285573e+01,1.121419521316824941e+01,1.137927689749522031e+01,1.154173332383087569e+01,1.170157431147858951e+01,1.185881255594212647e+01,1.201346338728886920e+01,1.216554454145358122e+01,1.231507594416908624e+01,1.246207950717317914e+01,1.260657893631154103e+01,1.274859955113341137e+01,1.288816811555959774e+01,1.302531267919047764e+01,1.316006242881410593e+01,1.329244754967118247e+01,1.342249909603344804e+01,1.355024887065506967e+01,1.367572931266185954e+01,1.379897339345077611e+01,1.392001452018126173e+01,1.403888644645083517e+01,1.415562318975897860e+01,1.427025895537626887e+01,1.438282806624901511e+01
1.720000000000000140e-01,1.294651254179758626e-01,1.866853485295982551e-01,2.540396212371486828e-01,3.313397165374091791e-01,4.183717520325371808e-01,5.148976410122224623e-01,6.206566807429391153e-01,7.353672587125172910e-01,8.587286566892406992e-01,9.904229319329946879e-01,1.130116854735686571e+00,1.277463881654632205e+00,1.432106144313439966e+00,1.593676434451189561e+00,1.761800166968157555e+00,1.936097304006764608e+00,2.116184224579236162e+00,2.301675525866716310e+00,2.492185744026709227e+00,2.687330984116170107e+00,2.886730450528283587e+00,3.090007871116865257e+00,3.296792809911964106e+00,3.506721864986606985e+00,3.719439749594735556e+00,3.934600256146145725e+00,4.151867103901742517e+00,4.370914672452112626e+00,4.591428624078854881e+00,4.813106418989167246e+00,5.035657728161333502e+00,5.258804749145808977e+00,5.482282430640012194e+00,5.705838612002730237e+00,5.929234084105694080e+00,6.152242578046013932e+00,6.374650688274597243e+00,6.596257736643910796e+00,6.816875583754773871e+00,7.036328393797097291e+00,7.254452358844506676e+00,7.471095388287219308e+00,7.686116768780870245e+00,7.899386799759424704e+00,8.110786409215597459e+00,8.320206754098915525e+00,8.527548809325683266e+00,8.732722949041566096e+00,8.935648523430614887e+00,9.136253434027739928e+00,9.334473710167850768e+00,9.530253088896026625e+00,9.723542600371221312e+00,9.914300160521817062e+00,1.010249017245586423e+01,1.028808313789222773e+01,1.047105527966127703e+01,1.065138817612467115e+01,1.082906840818318450e+01,1.100408721937827927e+01,1.117644018944688966e+01,1.134612692155846503e+01,1.151315074334810618e+01,1.167751842175829680e+01,1.183923989161363188e+01,1.199832799777673920e+01,1.215479825066873865e+01,1.230866859488244813e+01,1.245995919057107670e+01,1.260869220725757067e+01,1.275489162967991241e+01,1.289858307526439241e+01,1.303979362280147569e+01,1.317855165188683486e+01,1.331488669268250824e+01,1.344882928554966739e+01,1.358041085010443005e+01,1.370966356325101287e+01,1.383662024575200000e+01,1.396131425690313854e+01,1.408377939688927682e+01,1.420404981640908026e+01,1.432215993316790659e+01,1.443814435485128378e+01,1.455203780820488646e+01
1.740000000000000158e-01,1.309705338530686158e-01,1.888561083962214671e-01,2.569935703213016009e-01,3.351925039390069583e-01,4.232365398468689865e-01,5.208848228844575878e-01,6.278736188911128169e-01,7.439180407905697789e-01,8.687138736274877537e-01,1.001939477653145838e+00,1.143257748395403839e+00,1.292318112836662980e+00,1.448758541340340544e+00,1.612207555782017465e+00,1.782286215421275744e+00,1.958610063355680442e+00,2.140791017888297176e+00,2.328439194772143228e+00,2.521164648027019783e+00,2.718579018815195258e+00,2.920297083673961236e+00,3.125938195199619241e+00,3.335127610027219358e+00,3.547497700625986017e+00,3.762689049008627773e+00,3.980351421915286902e+00,4.200144628365715782e+00,4.421739261666671972e+00,4.644817329010003881e+00,4.869072772698343599e+00,5.094211887791116666e+00,5.319953641577736647e+00,5.546029900763733700e+00,5.772185572607413384e+00,5.998178666479016208e+00,6.223780282441897960e+00,6.448774533487092064e+00,6.672958408000235764e+00,6.896141578914712689e+00,7.118146165817994309e+00,7.338806456040373405e+00,7.557968590476605186e+00,7.775490219580648343e+00,7.991240134640348103e+00,8.205097879090196500e+00,8.416953344262855907e+00,8.626706353620168244e+00,8.834266239146701949e+00,9.039551413237946420e+00,9.242488939074574361e+00,9.443014102146547017e+00,9.641069985278537757e+00,9.836607049212746645e+00,1.002958272052788580e+01,1.021996098841465361e+01,1.040771201158864834e+01,1.059281173640152396e+01,1.077524152700984139e+01,1.095498780827833762e+01,1.113204172192918939e+01,1.130639879630092359e+01,1.147805862994868065e+01,1.164702458920099026e+01,1.181330351968571968e+01,1.197690547174867426e+01,1.213784343961135370e+01,1.229613311404860809e+01,1.245179264831131327e+01,1.260484243697306539e+01,1.275530490734196043e+01,1.290320432304828202e+01,1.304856659939537344e+01,1.319141913004335187e+01,1.333179062458319386e+01,1.346971095655090878e+01,1.360521102142815053e+01,1.373832260417541207e+01,1.386907825584695431e+01,1.399751117884213869e+01,1.412365512035550097e+01,1.424754427359729192e+01,1.436921318636732536e+01,1.448869667657683635e+01,1.460602975432629869e+01,1.472124755016075781e+01
1.759999999999999898e-01,1.324759422881613413e-01,1.910268682628446790e-01,2.599475194054544636e-01,3.390452913406046820e-01,4.281013276612007923e-01,5.268720047566926024e-01,6.350905570392865185e-01,7.524688228686222669e-01,8.786990905657345863e-01,1.013456023373296766e+00,1.156398642055120884e+00,1.307172344018693311e+00,1.465410938367240679e+00,1.630738677112844925e+00,1.802772263874393710e+00,1.981122822704596054e+00,2.165397811197357747e+00,2.355202863677569702e+00,2.550143552027329896e+00,2.749827053514219966e+00,2.953863716819638885e+00,3.161868519282373224e+00,3.373462410142474166e+00,3.588273536265364605e+00,3.805938348422519546e+00,4.026102587684427192e+00,4.248422152829689047e+00,4.472563850881230429e+00,4.698206033941152882e+00,4.925039126407519952e+00,5.152766047420898943e+00,5.381102534009664318e+00,5.609777370887454317e+00,5.838532533212095643e+00,6.067123248852337447e+00,6.295317986837781099e+00,6.522898378699586885e+00,6.749659079356558955e+00,6.975407574074651507e+00,7.199963937838889549e+00,7.423160553236238357e+00,7.644841792665990177e+00,7.864863670380424665e+00,8.083093469521271501e+00,8.299409348964795541e+00,8.513699934426796290e+00,8.725863897914651446e+00,8.935809529251834249e+00,9.143454303045277953e+00,9.348724444121407018e+00,9.551554494125241490e+00,9.751886881661048889e+00,9.949671498054270202e+00,1.014486528053395098e+01,1.033743180437344122e+01,1.052734088528506895e+01,1.071456819314177089e+01,1.089909487789501163e+01,1.108090720837348897e+01,1.125999622448009951e+01,1.143635740315495575e+01,1.160999033833889271e+01,1.178089843505387435e+01,1.194908861761314078e+01,1.211457105188371486e+01,1.227735888144596466e+01,1.243746797742847576e+01,1.259491670174017663e+01,1.274972568337505230e+01,1.290191760742635019e+01,1.305151701641665163e+01,1.319855012352635271e+01,1.334304463728522805e+01,1.348502959727955108e+01,1.362453522041930931e+01,1.376159275730663367e+01,1.389623435824639230e+01,1.402849294844289396e+01,1.415840211193227738e+01,1.428599598380785984e+01,1.441130915030530524e+01,1.453437655632556869e+01,1.465523341998576434e+01,1.477391515380131182e+01,1.489045729211662561e+01
1.779999999999999916e-01,1.339813507232540946e-01,1.931976281294679187e-01,2.629014684896073262e-01,3.428980787422024612e-01,4.329661154755325980e-01,5.328591866289278389e-01,6.423074951874602201e-01,7.610196049466747548e-01,8.886843075039815298e-01,1.024972569093447916e+00,1.169539535714838152e+00,1.322026575200723864e+00,1.482063335394141257e+00,1.649269798443672830e+00,1.823258312327511677e+00,2.003635582053512110e+00,2.190004604506418318e+00,2.381966532582996621e+00,2.579122456027640453e+00,2.781075088213245117e+00,2.987430349965316534e+00,3.197798843365127208e+00,3.411797210257729862e+00,3.629049371904744081e+00,3.849187647836411763e+00,4.071853753453568814e+00,4.296699677293663200e+00,4.523388440095790664e+00,4.751594738872301882e+00,4.981005480116696305e+00,5.211320207050682107e+00,5.442251426441591988e+00,5.673524841011174935e+00,5.904879493816777902e+00,6.136067831225659575e+00,6.366855691233665127e+00,6.597022223912081706e+00,6.826359750712883923e+00,7.054673569234590325e+00,7.281781709859786567e+00,7.507514650432105086e+00,7.731714994855376943e+00,7.954237121180201875e+00,8.174946804402194900e+00,8.393720818839396358e+00,8.610446524590736672e+00,8.825021442209136424e+00,9.037352819356968325e+00,9.247357192852611263e+00,9.454959949168241451e+00,9.660094886103937739e+00,9.862703778043560021e+00,1.006273594689579731e+01,1.026014784054001971e+01,1.045490262033223061e+01,1.064696975898148956e+01,1.083632464988201782e+01,1.102294822878018188e+01,1.120682660846864387e+01,1.138795072703100963e+01,1.156631601000898968e+01,1.174192204672910833e+01,1.191477228090675844e+01,1.208487371554056189e+01,1.225223663201875723e+01,1.241687432328057739e+01,1.257880284080834521e+01,1.273804075516904355e+01,1.289460892977704276e+01,1.304853030751073995e+01,1.319982970978502301e+01,1.334853364765733374e+01,1.349467014452710600e+01,1.363826856997591008e+01,1.377935948428770985e+01,1.391797449318511859e+01,1.405414611231737432e+01,1.418790764103883717e+01,1.431929304502241607e+01,1.444833684726022227e+01,1.457507402701331856e+01,1.469953992628381378e+01,1.482177016339469233e+01,1.494180055327632672e+01,1.505966703407249696e+01
1.799999999999999933e-01,1.354867591583468200e-01,1.953683879960911585e-01,2.658554175737602443e-01,3.467508661438002404e-01,4.378309032898644038e-01,5.388463685011629645e-01,6.495244333356339217e-01,7.695703870247273537e-01,8.986695244422285844e-01,1.036489114813599066e+00,1.182680429374555420e+00,1.336880806382754416e+00,1.498715732421041613e+00,1.667800919774500512e+00,1.843744360780629865e+00,2.026148341402427722e+00,2.214611397815479332e+00,2.408730201488423539e+00,2.608101360027951010e+00,2.812323122912270712e+00,3.020996983110994183e+00,3.233729167447881636e+00,3.450132010372985114e+00,3.669825207544123113e+00,3.892436947250303980e+00,4.117604919222709547e+00,4.344977201757636465e+00,4.574213029310350009e+00,4.804983443803451770e+00,5.036971833825872658e+00,5.269874366680464384e+00,5.503400318873519659e+00,5.737272311134896441e+00,5.971226454421461050e+00,6.205012413598981702e+00,6.438393395629549154e+00,6.671146069124577416e+00,6.903060422069208890e+00,7.133939564394530031e+00,7.363599481880682696e+00,7.591868747627971814e+00,7.818588197044762822e+00,8.043610571979979085e+00,8.266800139283118298e+00,8.488032288713995399e+00,8.707193114754677055e+00,8.924178986503621402e+00,9.138896109462104178e+00,9.351260082659944572e+00,9.561195454215075884e+00,9.768635278082633988e+00,9.973520674426072929e+00,1.017580039573732265e+01,1.037543040054608667e+01,1.057237343629102000e+01,1.076659863267791195e+01,1.095808110662226476e+01,1.114680157966535212e+01,1.133274600856379699e+01,1.151590522958191976e+01,1.169627461686302361e+01,1.187385375511932217e+01,1.204864612675964430e+01,1.222065881346798477e+01,1.238990221215379961e+01,1.255638976511519189e+01,1.272013770418821466e+01,1.288116480859790869e+01,1.303949217617903145e+01,1.319514300759512970e+01,1.334814240315339440e+01,1.349851717178831656e+01,1.364629565176898396e+01,1.379150754267226908e+01,1.393418374815611216e+01,1.407435622906360351e+01,1.421205786638835633e+01,1.434732233363477860e+01,1.448018397811255653e+01,1.461067771071258470e+01,1.473883890372133365e+01,1.486470329624205888e+01,1.498830690680362210e+01,1.510968595275134163e+01,1.522887677602836831e+01
1.819999999999999951e-01,1.369921675934395733e-01,1.975391478627143982e-01,2.688093666579131069e-01,3.506036535453980196e-01,4.426956911041962650e-01,5.448335503733980900e-01,6.567413714838076233e-01,7.781211691027798416e-01,9.086547413804755280e-01,1.048005660533749994e+00,1.195821323034272687e+00,1.351735037564785191e+00,1.515368129447942191e+00,1.686332041105328416e+00,1.864230409233748054e+00,2.048661100751343778e+00,2.239218191124540347e+00,2.435493870393850457e+00,2.637080264028261567e+00,2.843571157611295863e+00,3.054563616256671832e+00,3.269659491530636064e+00,3.488466810488240366e+00,3.710601043183502146e+00,3.935686246664196197e+00,4.163356084991851169e+00,4.393254726221610618e+00,4.625037618524909355e+00,4.858372148734601659e+00,5.092938187535049011e+00,5.328428526310247548e+00,5.564549211305448218e+00,5.801019781258617058e+00,6.037573415026144197e+00,6.273956995972303829e+00,6.509931100025433182e+00,6.745269914337073125e+00,6.979761093425532970e+00,7.213205559554468849e+00,7.445417253901579713e+00,7.676222844823837654e+00,7.905461399234149589e+00,8.132984022779757183e+00,8.358653474164041697e+00,8.582343758588596216e+00,8.803939704918619213e+00,9.023336530798106381e+00,9.240439399567238254e+00,9.455162972467276106e+00,9.667430959261910317e+00,9.877175670061328461e+00,1.008433757080858406e+01,1.028886484457884798e+01,1.049071296055215541e+01,1.068984425224980939e+01,1.088622750637433256e+01,1.107983756336251169e+01,1.127065493055052237e+01,1.145866540865895011e+01,1.164385973213282988e+01,1.182623322371705576e+01,1.200578546350953779e+01,1.218251997261252839e+01,1.235644391139540588e+01,1.252756779228884199e+01,1.269590520694980462e+01,1.286147256756808233e+01,1.302428886202677383e+01,1.318437542258102191e+01,1.334175570767952124e+01,1.349645509652176578e+01,1.364850069591929760e+01,1.379792115901086191e+01,1.394474651536862631e+01,1.408900801202451269e+01,1.423073796494208842e+01,1.436996962045933834e+01,1.450673702623072003e+01,1.464107491120269522e+01,1.477301857416494713e+01,1.490260378042934875e+01,1.502986666620030398e+01,1.515484365021255186e+01,1.527757135222635654e+01,1.539808651798423966e+01
1.839999999999999969e-01,1.384975760285323265e-01,1.997099077293376379e-01,2.717633157420660250e-01,3.544564409469957988e-01,4.475604789185280707e-01,5.508207322456332156e-01,6.639583096319813249e-01,7.866719511808323295e-01,9.186399583187225826e-01,1.059522206253901144e+00,1.208962216693990177e+00,1.366589268746815744e+00,1.532020526474842548e+00,1.704863162436156321e+00,1.884716457686866020e+00,2.071173860100259834e+00,2.263824984433601362e+00,2.462257539299277376e+00,2.666059168028572124e+00,2.874819192310321014e+00,3.088130249402349925e+00,3.305589815613390048e+00,3.526801610603496062e+00,3.751376878822881622e+00,3.978935546078088414e+00,4.209107250760992791e+00,4.441532250685584771e+00,4.675862207739468701e+00,4.911760853665750659e+00,5.148904541244225364e+00,5.386982685940030713e+00,5.625698103737375888e+00,5.864767251382338564e+00,6.103920375630827344e+00,6.342901578345625957e+00,6.581468804421317209e+00,6.819393759549567946e+00,7.056461764781857937e+00,7.292471554714408555e+00,7.527235025922475842e+00,7.760576942019704383e+00,7.992334601423535467e+00,8.222357473579535281e+00,8.450506809044965095e+00,8.676655228463195257e+00,8.900686295082559596e+00,9.122494075092591359e+00,9.341982689672372331e+00,9.559065862274609415e+00,9.773666464308744750e+00,9.985716062040024710e+00,1.019515446719109697e+01,1.040192929342037509e+01,1.060599552055822237e+01,1.080731506820859700e+01,1.100585638007075318e+01,1.120159402010276040e+01,1.139450828143569439e+01,1.158458480875410324e+01,1.177181423468374000e+01,1.195619183057108970e+01,1.213771717189975163e+01,1.231639381846541426e+01,1.249222900932282876e+01,1.266523337242388436e+01,1.283542064878441735e+01,1.300280743094795177e+01,1.316741291545564074e+01,1.332925866898301059e+01,1.348836840776391099e+01,1.364476778989013717e+01,1.379848422005027864e+01,1.394954666625273987e+01,1.409798548806498530e+01,1.424383227589291323e+01,1.438711970082057157e+01,1.452788137453031858e+01,1.466615171882666324e+01,1.480196584429283568e+01,1.493535943761730955e+01,1.506636865713736384e+01,1.519503003615854908e+01,1.532138039362148163e+01,1.544545675170137145e+01,1.556729625994010924e+01
1.859999999999999987e-01,1.400029844636250520e-01,2.018806675959608776e-01,2.747172648262188877e-01,3.583092283485935781e-01,4.524252667328599320e-01,5.568079141178683411e-01,6.711752477801550265e-01,7.952227332588849285e-01,9.286251752569695261e-01,1.071038751974052294e+00,1.222103110353707445e+00,1.381443499928846297e+00,1.548672923501743126e+00,1.723394283766984003e+00,1.905202506139984209e+00,2.093686619449175446e+00,2.288431777742661932e+00,2.489021208204704294e+00,2.695038072028882681e+00,2.906067227009346166e+00,3.121696882548027574e+00,3.341520139696144476e+00,3.565136410718751314e+00,3.792152714462260654e+00,4.022184845491980631e+00,4.254858416530133525e+00,4.489809775149558035e+00,4.726686796954028047e+00,4.965149558596900548e+00,5.204870894953401717e+00,5.445536845569813877e+00,5.686846996169304447e+00,5.928514721506059182e+00,6.170267336235510491e+00,6.411846160718948084e+00,6.653006508817200348e+00,6.893517604762063655e+00,7.133162436138182017e+00,7.371737549874347373e+00,7.609052797943372859e+00,7.844931039215571111e+00,8.079207803612922234e+00,8.311730924379313379e+00,8.542360143925888494e+00,8.770966698337796075e+00,8.997432885246499978e+00,9.221651619387076337e+00,9.443525979777506407e+00,9.662968752081942725e+00,9.879901969355579183e+00,1.009425645401872096e+01,1.030597136357360810e+01,1.051499374226190042e+01,1.072127808056429110e+01,1.092478588416738639e+01,1.112548525376717556e+01,1.132335047684300733e+01,1.151836163232086463e+01,1.171050420884925636e+01,1.189976873723465012e+01,1.208615043742512363e+01,1.226964888028996725e+01,1.245026766431829834e+01,1.262801410725025164e+01,1.280289895255892674e+01,1.297493609061903186e+01,1.314414229432782122e+01,1.331053696888450588e+01,1.347414191538499928e+01,1.363498110784830253e+01,1.379308048325850855e+01,1.394846774418125968e+01,1.410117217349461782e+01,1.425122446076134430e+01,1.439865653976131554e+01,1.454350143669905648e+01,1.468579312860130059e+01,1.482556641142260467e+01,1.496285677738297437e+01,1.509770030106967198e+01,1.523013353384537893e+01,1.536019340611679418e+01,1.548791713703040962e+01,1.561334215117638635e+01,1.573650600189598059e+01
1.880000000000000004e-01,1.415083928987178052e-01,2.040514274625841173e-01,2.776712139103718058e-01,3.621620157501914128e-01,4.572900545471917377e-01,5.627950959901035777e-01,6.783921859283287281e-01,8.037735153369374164e-01,9.386103921952165807e-01,1.082555297694203444e+00,1.235244004013424712e+00,1.396297731110877072e+00,1.565325320528643704e+00,1.741925405097811907e+00,1.925688554593102397e+00,2.116199378798091502e+00,2.313038571051722947e+00,2.515784877110131212e+00,2.724016976029193238e+00,2.937315261708371761e+00,3.155263515693705223e+00,3.377450463778898904e+00,3.603471210834006566e+00,3.832928550101639686e+00,4.065434144905872849e+00,4.300609582299275147e+00,4.538087299613532188e+00,4.777511386168587393e+00,5.018538263528049548e+00,5.260837248662578070e+00,5.504091005199597042e+00,5.747995888601232117e+00,5.992262191629780688e+00,6.236614296840192750e+00,6.480790743092270212e+00,6.724544213213084376e+00,6.967641449974558476e+00,7.209863107494506984e+00,7.451003545034287079e+00,7.690870569964268988e+00,7.929285136411436952e+00,8.166081005802308113e+00,8.401104375179089701e+00,8.634213478806811892e+00,8.865278168212396892e+00,9.094179475410442137e+00,9.320809163681561316e+00,9.545069269882642260e+00,9.766871641889276034e+00,9.986137474402413616e+00,1.020279684599741721e+01,1.041678825995612101e+01,1.062805819110342576e+01,1.083656064057035806e+01,1.104225670012617577e+01,1.124511412746359618e+01,1.144510693358325426e+01,1.164221498320603487e+01,1.183642360894440948e+01,1.202772323978556024e+01,1.221610904427915756e+01,1.240158058868018109e+01,1.258414151017118421e+01,1.276379920517767275e+01,1.294056453269396911e+01,1.311445153245364459e+01,1.328547715770769067e+01,1.345366102231337280e+01,1.361902516178698974e+01,1.378159380793269229e+01,1.394139317662687994e+01,1.409845126831224249e+01,1.425279768073649400e+01,1.440446343345770330e+01,1.455348080362971608e+01,1.469988317257754140e+01,1.484370488267228261e+01,1.498498110401854788e+01,1.512374771047311484e+01,1.526004116452203263e+01,1.539389841055339403e+01,1.552535677607503928e+01,1.565445388043933939e+01,1.578122755065140126e+01,1.590571574385185194e+01
1.900000000000000022e-01,1.430138013338105585e-01,2.062221873292073571e-01,2.806251629945247239e-01,3.660148031517891920e-01,4.621548423615235990e-01,5.687822778623387032e-01,6.856091240765025407e-01,8.123242974149900153e-01,9.485956091334635243e-01,1.094071843414354595e+00,1.248384897673141980e+00,1.411151962292907625e+00,1.581977717555544061e+00,1.760456526428639590e+00,1.946174603046220586e+00,2.138712138147007114e+00,2.337645364360783962e+00,2.542548546015558575e+00,2.752995880029503795e+00,2.968563296407396912e+00,3.188830148839382872e+00,3.413380787861652887e+00,3.641806010949262262e+00,3.873704385741019163e+00,4.108683444319765066e+00,4.346360748068415880e+00,4.586364824077505453e+00,4.828335975383147627e+00,5.071926968459199436e+00,5.316803602371754423e+00,5.562645164829379318e+00,5.809144781033160676e+00,6.056009661753502193e+00,6.302961257444875898e+00,6.549735325465592339e+00,6.796081917608968403e+00,7.041765295187054186e+00,7.286563778850831063e+00,7.530269540194225897e+00,7.772688341985165117e+00,8.013639233607303680e+00,8.252954207991693991e+00,8.490477825978867799e+00,8.726066813687735291e+00,8.959589638086995933e+00,9.190926065574382520e+00,9.419966707976044518e+00,9.646612559987776336e+00,9.870774531696607568e+00,1.009237297944924805e+01,1.031133723797611346e+01,1.052760515633863214e+01,1.074112263994495287e+01,1.095184320057642502e+01,1.115972751608496516e+01,1.136474300116001857e+01,1.156686339032350297e+01,1.176606833409120512e+01,1.196234300903956260e+01,1.215567774233647036e+01,1.234606765113319149e+01,1.253351229707039671e+01,1.271801535602407007e+01,1.289958430310509563e+01,1.307823011282901149e+01,1.325396697428825910e+01,1.342681202108756011e+01,1.359678507574223794e+01,1.376390840818897843e+01,1.392820650801708204e+01,1.408970586999524954e+01,1.424843479244322353e+01,1.440442318797837196e+01,1.455770240615406230e+01,1.470830506749811839e+01,1.485626490845602632e+01,1.500161663674326462e+01,1.514439579661448931e+01,1.528463864356325352e+01,1.542238202797439506e+01,1.555766328726140912e+01,1.569052014603328438e+01,1.582099062384826915e+01,1.594911295012641617e+01,1.607492548580772151e+01
1.920000000000000040e-01,1.445192097689032840e-01,2.083929471958305968e-01,2.835791120786775865e-01,3.698675905533869712e-01,4.670196301758554047e-01,5.747694597345738288e-01,6.928260622246762424e-01,8.208750794930425032e-01,9.585808260717105789e-01,1.105588389134505745e+00,1.261525791332859248e+00,1.426006193474938177e+00,1.598630114582444639e+00,1.778987647759467494e+00,1.966660651499338552e+00,2.161224897495923170e+00,2.362252157669844976e+00,2.569312214920985493e+00,2.781974784029814352e+00,2.999811331106422063e+00,3.222396781985060521e+00,3.449311111944407315e+00,3.680140811064517514e+00,3.914480221380398195e+00,4.151932743733658171e+00,4.392111913837557502e+00,4.634642348541479606e+00,4.879160564597706973e+00,5.125315673390349325e+00,5.372769956080930775e+00,5.621199324459162483e+00,5.870293673465088347e+00,6.119757131877222811e+00,6.369308218049559045e+00,6.618679907838914467e+00,6.867619622004852431e+00,7.115889140399549895e+00,7.363264450207156031e+00,7.609535535354165603e+00,7.854506114006062134e+00,8.097993330803170409e+00,8.339827410181081646e+00,8.579851276778645897e+00,8.817920148568660466e+00,9.053901107961596750e+00,9.287672655738322902e+00,9.519124252270529496e+00,9.748155850092910413e+00,9.974677421503940877e+00,1.019860848449608248e+01,1.041987762995480971e+01,1.063842205272114505e+01,1.085418708878647820e+01,1.106712576058249375e+01,1.127719833204375455e+01,1.148437187485643918e+01,1.168861984706374990e+01,1.188992168497637714e+01,1.208826240913471750e+01,1.228363224488738226e+01,1.247602625798722542e+01,1.266544400546061055e+01,1.285188920187695416e+01,1.303536940103251673e+01,1.321589569296405386e+01,1.339348241612287183e+01,1.356814688446742956e+01,1.373990912917110307e+01,1.390879165459096889e+01,1.407481920810147358e+01,1.423801856336362093e+01,1.439841831657420457e+01,1.455604869522024991e+01,1.471094137885041953e+01,1.486312933136651893e+01,1.501264664433451124e+01,1.515952839081424663e+01,1.530381048921043075e+01,1.544552957665339399e+01,1.558472289142675749e+01,1.572142816396942422e+01,1.585568351599152948e+01,1.598752736725719892e+01,1.611699834960143107e+01,1.624413522776359287e+01
1.940000000000000058e-01,1.460246182039960372e-01,2.105637070624538087e-01,2.865330611628305046e-01,3.737203779549847504e-01,4.718844179901872660e-01,5.807566416068089543e-01,7.000430003728499440e-01,8.294258615710951021e-01,9.685660430099575224e-01,1.117104934854656673e+00,1.274666684992576515e+00,1.440860424656968952e+00,1.615282511609344995e+00,1.797518769090295176e+00,1.987146699952456741e+00,2.183737656844839226e+00,2.386858950978905547e+00,2.596075883826412412e+00,2.810953688030125353e+00,3.031059365805447214e+00,3.255963415130738614e+00,3.485241436027161743e+00,3.718475611179773210e+00,3.955256057019777227e+00,4.195182043147550388e+00,4.437863079606699124e+00,4.682919873005452871e+00,4.929985153812266319e+00,5.178704378321498325e+00,5.428736309790107128e+00,5.679753484088945648e+00,5.931442565897016905e+00,6.183504602000944317e+00,6.435655178654242192e+00,6.687624490212236594e+00,6.939157326400736459e+00,7.190012985612044716e+00,7.439965121563480999e+00,7.688801530514104421e+00,7.936323886026958263e+00,8.182347427999037137e+00,8.426700612370467525e+00,8.669224727578423995e+00,8.909773483449583864e+00,9.148212577836195791e+00,9.384419245902265061e+00,9.618281796565014474e+00,9.849699140198046265e+00,1.007858031131127419e+01,1.030484398954291514e+01,1.052841802193350595e+01,1.074923894910365618e+01,1.096725153762800353e+01,1.118240832058856071e+01,1.139466914800254393e+01,1.160400074855285979e+01,1.181037630380399683e+01,1.201377503586154738e+01,1.221418180922987062e+01,1.241158674743829238e+01,1.260598486484125935e+01,1.279737571385082617e+01,1.298576304772984003e+01,1.317115449895993962e+01,1.335356127309909624e+01,1.353299785795748456e+01,1.370948174784729900e+01,1.388303318259996999e+01,1.405367490099295757e+01,1.422143190818586334e+01,1.438633125673199231e+01,1.454840184070518561e+01,1.470767420246212787e+01,1.486418035154677852e+01,1.501795359523492124e+01,1.516902838021299615e+01,1.531744014488522865e+01,1.546322518180637395e+01,1.560642050974353445e+01,1.574706375487911991e+01,1.588519304067743931e+01,1.602084688594977635e+01,1.615406411066612691e+01,1.628488374907644598e+01,1.641334496971946422e+01
1.960000000000000075e-01,1.475300266390887904e-01,2.127344669290770485e-01,2.894870102469833673e-01,3.775731653565825297e-01,4.767492058045190717e-01,5.867438234790440799e-01,7.072599385210236456e-01,8.379766436491475901e-01,9.785512599482045770e-01,1.128621480574807823e+00,1.287807578652293783e+00,1.455714655838999505e+00,1.631934908636245574e+00,1.816049890421123081e+00,2.007632748405574930e+00,2.206250416193754837e+00,2.411465744287966562e+00,2.622839552731839330e+00,2.839932592030435909e+00,3.062307400504472810e+00,3.289530048276416263e+00,3.521171760109915727e+00,3.756810411295028462e+00,3.996031892659156703e+00,4.238431342561442605e+00,4.483614245375839857e+00,4.731197397469427024e+00,4.980809743026825664e+00,5.232093083252648213e+00,5.484702663499283481e+00,5.738307643718728812e+00,5.992591458328944576e+00,6.247252072124664934e+00,6.502002139258925340e+00,6.756569072585557834e+00,7.010695030796620486e+00,7.264136830824540425e+00,7.516665792919805078e+00,7.768067525674044127e+00,8.018141658047854392e+00,8.266701525194902089e+00,8.513573814559853403e+00,8.758598178378200316e+00,9.001626818330507263e+00,9.242524047710796609e+00,9.481165836066205443e+00,9.717439340859499453e+00,9.951242430303180342e+00,1.018248320111860750e+01,1.041107949458974957e+01,1.063695841391220220e+01,1.086005584548616909e+01,1.108031598646953064e+01,1.129769088059462945e+01,1.151213996396133332e+01,1.172362962224928218e+01,1.193213276054424554e+01,1.213762838674671762e+01,1.234010120932502375e+01,1.253954124998920250e+01,1.273594347169529328e+01,1.292930742224104179e+01,1.311963689358272411e+01,1.330693959688736250e+01,1.349122685323413862e+01,1.367251329979209906e+01,1.385081661122716667e+01,1.402615723602883513e+01,1.419855814739494626e+01,1.436804460827025487e+01,1.453464395010036370e+01,1.469838536483616664e+01,1.485929970970400582e+01,1.501741932424313752e+01,1.517277785910332177e+01,1.532541011609147930e+01,1.547535189895621066e+01,1.562263987440231539e+01,1.576731144283367314e+01,1.590940461833148234e+01,1.604895791738545441e+01,1.618601025590801967e+01,1.632060085407505667e+01,1.645276914855146089e+01,1.658255471167533557e+01
1.980000000000000093e-01,1.490354350741815159e-01,2.149052267957002882e-01,2.924409593311362854e-01,3.814259527581803089e-01,4.816139936188509330e-01,5.927310053512793164e-01,7.144768766691973472e-01,8.465274257272000780e-01,9.885364768864515206e-01,1.140138026294958973e+00,1.300948472312011051e+00,1.470568887021030058e+00,1.648587305663145930e+00,1.834581011751950763e+00,2.028118796858692896e+00,2.228763175542670893e+00,2.436072537597027576e+00,2.649603221637266248e+00,2.868911496030746466e+00,3.093555435203497961e+00,3.323096681422093912e+00,3.557102084192670155e+00,3.795145211410283714e+00,4.036807728298535736e+00,4.281680641975334822e+00,4.529365411144981479e+00,4.779474921933401177e+00,5.031634332241385010e+00,5.285481788183797214e+00,5.540669017208459834e+00,5.796861803348511977e+00,6.053740350760872246e+00,6.310999542248386440e+00,6.568349099863607599e+00,6.825513654958879961e+00,7.082232735192504514e+00,7.338260676037036134e+00,7.593366464276130046e+00,7.847333520833983833e+00,8.099959430068752297e+00,8.351055622390768818e+00,8.600447016749241058e+00,8.847971629177978414e+00,9.093480153211430661e+00,9.336835517585395650e+00,9.577912426230145826e+00,9.816596885153984431e+00,1.005278572040831442e+01,1.028638609092593903e+01,1.051731499963658401e+01,1.074549880589089668e+01,1.097087274186868022e+01,1.119338043531105598e+01,1.141297344060069641e+01,1.162961077992012271e+01,1.184325849594570279e+01,1.205388921728449247e+01,1.226148173763188787e+01,1.246602060942017687e+01,1.266749575254011262e+01,1.286590207854932544e+01,1.306123913063125563e+01,1.325351073943560998e+01,1.344272469481478360e+01,1.362889243336918099e+01,1.381202874162671179e+01,1.399215147460703612e+01,1.416928128945770027e+01,1.434344139379693672e+01,1.451465730835464463e+01,1.468295664346873508e+01,1.484836888896714946e+01,1.501092521694588378e+01,1.517065829693949652e+01,1.532760212297172409e+01,1.548179185196996421e+01,1.563326365302719267e+01,1.578205456699825859e+01,1.592820237592381361e+01,1.607174548178384299e+01,1.621272279409346950e+01,1.635117362586626655e+01,1.648713759748398644e+01,1.662065454802647579e+01,nan
2.000000000000000111e-01,1.505408435092742692e-01,2.170759866623235279e-01,2.953949084152891480e-01,3.852787401597780881e-01,4.864787814331827387e-01,5.987181872235144420e-01,7.216938148173710488e-01,8.550782078052526769e-01,9.985216938246984641e-01,1.151654572015110123e+00,1.314089365971728540e+00,1.485423118203060611e+00,1.665239702690046508e+00,1.853112133082778668e+00,2.048604845311811307e+00,2.251275934891586950e+00,2.460679330906088591e+00,2.676366890542693167e+00,2.897890400031057023e+00,3.124803469902523112e+00,3.356663314567771561e+00,3.593032408275424583e+00,3.833480011525539410e+00,4.077583563937914768e+00,4.324929941389227039e+00,4.575116576914122213e+00,4.827752446397374442e+00,5.082458921455944356e+00,5.338870493114947102e+00,5.596635370917636187e+00,5.855415962978295141e+00,6.114889243192800805e+00,6.374747012372107058e+00,6.634696060468290746e+00,6.894458237332202089e+00,7.153770439588388541e+00,7.412384521249530955e+00,7.670067135632454125e+00,7.926599515993922651e+00,8.181777202089648426e+00,8.435409719586635546e+00,8.687320218938626937e+00,8.937345079977756512e+00,9.185333488092354060e+00,9.431146987459996467e+00,9.674659016394086208e+00,9.915754429448469409e+00,1.015432901051344849e+01,1.039028898073327234e+01,1.062355050468341844e+01,1.085403919786959293e+01,1.108168963825119313e+01,1.130644488415258131e+01,1.152825600060676514e+01,1.174708159587891210e+01,1.196288736964212518e+01,1.217564567402473941e+01,1.238533508851705989e+01,1.259194000951532999e+01,1.279545025509102274e+01,1.299586068540335937e+01,1.319317083902147125e+01,1.338738458528849407e+01,1.357850979274220649e+01,1.376655801350422337e+01,1.395154418346132452e+01,1.413348633798690557e+01,1.431240534288656718e+01,1.448832464019892541e+01,1.466127000843903438e+01,1.483126933683710647e+01,1.499835241309813050e+01,1.516255072418776173e+01,1.532389726963585552e+01,1.548242638684012462e+01,1.563817358784844913e+01,1.579117540709817469e+01,1.594146925959420003e+01,1.608909330901395407e+01,1.623408634523620719e+01,1.637648767080148460e+01,1.651633699582450987e+01,1.665367434089291621e+01,nan,nan
2.103125000000000133e-01,1.583031057527212182e-01,2.282689672245995782e-01,3.106262083804525176e-01,4.051446751992666684e-01,5.115628436008312629e-01,6.295895937522268948e-01,7.589061521438917879e-01,8.991681778952109738e-01,1.050007968662534541e+00,1.211036760884639296e+00,1.381847098904645632e+00,1.562015247735406120e+00,1.751103624860002039e+00,1.948663227444859425e+00,2.154236032648201515e+00,2.367357350284434059e+00,2.587558108905933629e+00,2.814367058336300964e+00,3.047312873782658471e+00,3.285926148819371839e+00,3.529741266725172633e+00,3.778298141827125978e+00,4.031143824619825011e+00,4.287833966453463930e+00,4.547934141492109283e+00,4.811021025411257312e+00,5.076683431914739586e+00,5.344523209593516455e+00,5.614156002916186772e+00,5.885211882230577451e+00,6.157335848569363002e+00,6.430188219794929161e+00,6.703444905197544657e+00,6.976797576086187114e+00,7.249953740194643892e+00,7.522636727879664420e+00,7.794585598126460013e+00,8.065554972313503157e+00,8.335314803537359651e+00,8.603650089072395701e+00,8.870360533252821256e+00,9.135260167727649261e+00,9.398176935664109166e+00,9.658952246072116665e+00,9.917440504000902379e+00,1.017350862192690641e+01,1.042703551721690580e+01,1.067791160011804941e+01,1.092603825630233239e+01,1.117132732758115843e+01,1.141370059400974490e+01,1.165308926022352054e+01,1.188943344849169925e+01,1.212268170063805073e+01,1.235279049066641832e+01,1.257972374963929774e+01,1.280345240409164020e+01,1.302395392901872029e+01,1.324121191625596516e+01,1.345521565886915383e+01,1.366595975199447111e+01,1.387344371040851598e+01,1.407767160296743292e+01,1.427865170393047656e+01,1.447639616107553451e+01,1.467092068042104991e+01,1.486224422728935579e+01,1.505038874337915544e+01,1.523537887945918357e+01,1.541724174324917307e+01,1.559600666201776953e+01,1.577170495939850348e+01,1.594436974590369260e+01,1.611403572260145367e+01,1.628073899741156794e+01,1.644451691347188671e+01,1.660540788902667586e+01,nan,nan,nan,nan,nan,nan,nan,nan
2.206250000000000155e-01,1.660653679961681672e-01,2.394619477868756563e-01,3.258575083456158872e-01,4.250106102387551932e-01,5.366469057684797317e-01,6.604610002809393476e-01,7.961184894704125270e-01,9.432581479851693818e-01,1.101494243500370507e+00,1.270418949754168247e+00,1.449604831837562946e+00,1.638607377267751408e+00,1.836967547029957570e+00,2.044214321806940404e+00,2.259867219984591724e+00,2.483438765677281612e+00,2.714436886905778668e+00,2.952367226129908317e+00,3.196735347534259919e+00,3.447048827736221011e+00,3.702819218882573260e+00,3.963563875378827817e+00,4.228807637714110612e+00,4.498084368969012203e+00,4.770938341594991527e+00,5.046925473908391524e+00,5.325614417432103842e+00,5.606587497731089442e+00,5.889441512717425553e+00,6.173788393543517827e+00,6.459255734160431750e+00,6.745487196397058405e+00,7.032142798022981367e+00,7.318899091704083482e+00,7.605449243057085695e+00,7.891503016170941187e+00,8.176786675003389959e+00,8.461042808994552189e+00,8.744030091080796652e+00,9.025522976055142976e+00,9.305311346919006965e+00,9.583200116516673361e+00,9.859008791350461820e+00,1.013257100405187927e+01,1.040373402054180829e+01,1.067235822745972662e+01,1.093831660498534220e+01,1.120149418972264854e+01,1.146178753187139066e+01,1.171910415047889664e+01,1.197336199014989511e+01,1.222448888219584795e+01,1.247242201283081720e+01,1.271710740066933809e+01,1.295849938545392455e+01,1.319656012963646852e+01,1.343125913415854100e+01,1.366257276952038069e+01,1.389048382299659856e+01,1.411498106264728492e+01,1.433605881858558107e+01,1.455371658179556071e+01,1.476795862064636999e+01,1.497879361511874663e+01,1.518623430864684565e+01,1.539029717738077530e+01,1.559100211659180601e+01,1.578837214387174370e+01,1.598243311871943995e+01,1.617321347805930998e+01,1.636074398719843259e+01,1.654505750569887468e+01,nan,nan,nan,nan,nan,nan,nan,nan,nan,nan,nan,nan,nan
2.309375000000000178e-01,1.738276302396151440e-01,2.506549283491517066e-01,3.410888083107792013e-01,4.448765452782437735e-01,5.617309679361282004e-01,6.913324068096518005e-01,8.333308267969331551e-01,9.873481180751276787e-01,1.152980518338206695e+00,1.329801138623697421e+00,1.517362564770480260e+00,1.715199506800096696e+00,1.922831469199913101e+00,2.139765416169021162e+00,2.365498407320981933e+00,2.599520181070129166e+00,2.841315664905624150e+00,3.090367393923516115e+00,3.346157821285860923e+00,3.608171506653069738e+00,3.875897171039973887e+00,4.148829608930529211e+00,4.426471450808396213e+00,4.708334771484561365e+00,4.993942541697872883e+00,5.282829922405525735e+00,5.574545402949468986e+00,5.868651785868661541e+00,6.164727022518665223e+00,6.462364904856458203e+00,6.761175619751499610e+00,7.060786172999186761e+00,7.360840690848418078e+00,7.661000607321979849e+00,7.960944745919527499e+00,8.260369304462217954e+00,8.558987751880318129e+00,8.856530645675599445e+00,9.152745378624233652e+00,9.447395863037890251e+00,9.740262160585194451e+00,1.003114006530569569e+01,1.031984064703681625e+01,1.060618976203164010e+01,1.089002753708271420e+01,1.117120783299254683e+01,1.144959769275377859e+01,1.172507677932724945e+01,1.199753680744045070e+01,1.226688097337663486e+01,1.253302338629004709e+01,1.279588850416817536e+01,1.305541057716993514e+01,1.331153310070062368e+01,1.356420828024143077e+01,1.381339650963364107e+01,1.405906586422544180e+01,1.430119161002204287e+01,1.453975572973723374e+01,1.477474646642541600e+01,1.500615788517669280e+01,1.523398945318260544e+01,1.545824563832530885e+01,1.567893552630701670e+01,1.589607245621815679e+01,1.610967367434049891e+01,1.631976000589425624e+01,1.652635554436433196e+01,nan,nan,nan,nan,nan,nan,nan,nan,nan,nan,nan,nan,nan,nan,nan,nan,nan
2.412500000000000200e-01,1.815898924830620931e-01,2.618479089114277847e-01,3.563201082759425709e-01,4.647424803177323538e-01,5.868150301037766692e-01,7.222038133383642533e-01,8.705431641234538942e-01,1.031438088165085976e+00,1.204466793176042660e+00,1.389183327493226594e+00,1.585120297703397574e+00,1.791791636332441984e+00,2.008695391369868410e+00,2.235316510531101919e+00,2.471129594657372142e+00,2.715601596462976719e+00,2.968194442905469188e+00,3.228367561717123468e+00,3.495580295037462371e+00,3.769294185569918465e+00,4.048975123197374515e+00,4.334095342482230606e+00,4.624135263902681814e+00,4.918585174000109639e+00,5.216946741800755127e+00,5.518734370902660835e+00,5.823476388466833242e+00,6.130716074006233640e+00,6.440012532319904892e+00,6.750941416169399467e+00,7.063095505342568359e+00,7.376085149601316004e+00,7.689538583673854788e+00,8.003102122939875329e+00,8.316440248781969302e+00,8.629235592753493833e+00,8.941188828757246299e+00,9.252018482356648477e+00,9.561460666167668876e+00,9.869268750020639303e+00,1.017521297425138016e+01,1.047908001409471801e+01,1.078067250272316890e+01,1.107980852001140271e+01,1.137632105362362012e+01,1.167005743852536703e+01,1.196087878052221676e+01,1.224865936893184859e+01,1.253328608300951075e+01,1.281465779627437485e+01,1.309268478243019729e+01,1.336728812614050277e+01,1.363839914150905130e+01,1.390595880073191104e+01,1.416991717502893700e+01,1.443023288963081363e+01,1.468687259429234260e+01,1.493981045052370327e+01,1.518902763647786713e+01,1.543451187020354709e+01,1.567625695176780276e+01,1.591426232456965018e+01,1.614853265600424592e+01,1.637907743749528677e+01,1.660591060378946793e+01,nan,nan,nan,nan,nan,nan,nan,nan,nan,nan,nan,nan,nan,nan,nan,nan,nan,nan,nan,nan
2.515625000000000222e-01,1.893521547265090421e-01,2.730408894737038072e-01,3.715514082411059404e-01,4.846084153572208786e-01,6.118990922714251379e-01,7.530752198670768172e-01,9.077555014499746333e-01,1.075528058255044384e+00,1.255953068013878626e+00,1.448565516362755767e+00,1.652878030636314666e+00,1.868383765864787271e+00,2.094559313539824164e+00,2.330867604893182676e+00,2.576760781993762350e+00,2.831683011855824272e+00,3.095073220905314226e+00,3.366367729510731266e+00,3.645002768789063818e+00,3.930416864486767636e+00,4.222053075354775586e+00,4.519361076033932889e+00,4.821799076996967415e+00,5.128835576515658801e+00,5.439950941903637371e+00,5.754638819399795047e+00,6.072407373984198387e+00,6.392780362143805739e+00,6.715298042121144562e+00,7.039517927482339843e+00,7.365015390933636219e+00,7.691384126203445248e+00,8.018236476499291498e+00,8.345203638557771697e+00,8.671935751644411994e+00,8.998101881044769712e+00,9.323389905634176245e+00,9.647506319037697509e+00,9.970175953711105876e+00,1.029114163700338658e+01,1.061016378791756587e+01,1.092701996288374211e+01,1.124150435840952156e+01,1.155342727799116531e+01,1.186261457016452781e+01,1.216890704405818724e+01,1.247215986829065315e+01,1.277224195853644773e+01,1.306903535857856902e+01,1.336243461917211306e+01,1.365234617857034927e+01,1.393868774811283018e+01,1.422138770584816925e+01,1.450038450076319663e+01,1.477562606981644322e+01,1.504706926962798619e+01,1.531467932435924340e+01,1.557842929102536367e+01,1.583829954321850231e+01,1.609427727398167818e+01,1.634635601835891450e+01,1.659453519595669491e+01,nan,nan,nan,nan,nan,nan,nan,nan,nan,nan,nan,nan,nan,nan,nan,nan,nan,nan,nan,nan,nan,nan,nan
2.618750000000000244e-01,1.971144169699559912e-01,2.842338700359798853e-01,3.867827082062692545e-01,5.044743503967095144e-01,6.369831544390737177e-01,7.839466263957892700e-01,9.449678387764952614e-01,1.119618028345002791e+00,1.307439342851714592e+00,1.507947705232284719e+00,1.720635763569231980e+00,1.944975895397132781e+00,2.180423235709779917e+00,2.426418699255263434e+00,2.682391969330153003e+00,2.947764427248671382e+00,3.221951998905159709e+00,3.504367897304339063e+00,3.794425242540665266e+00,4.091539543403616364e+00,4.395131027512175770e+00,4.704626809585634284e+00,5.019462890091253016e+00,5.339085979031207962e+00,5.662955142006519615e+00,5.990543267896929258e+00,6.321338359501562643e+00,6.654844650281377838e+00,6.990583551922384231e+00,7.328094438795280219e+00,7.666935276524704967e+00,8.006683102805574492e+00,8.346934369324728209e+00,8.687305154175668065e+00,9.027431254506852909e+00,9.366968169336045591e+00,9.705590982511104414e+00,1.004299415571874476e+01,1.037889124125454288e+01,1.071301452398613385e+01,1.104511460158375158e+01,1.137495991167276443e+01,1.170233621409587421e+01,1.202704603597092614e+01,1.234890808670543372e+01,1.266775664959100745e+01,1.298344095605908954e+01,1.329582454814104864e+01,1.360478463414762906e+01,1.391021144206985127e+01,1.421200757471049947e+01,1.451008737008515581e+01,1.480437627018728719e+01,1.509481020079448221e+01,1.538133496460394944e+01,1.566390564962515697e+01,1.594248605442614419e+01,1.621704813152702584e+01,1.648757144995913748e+01,nan,nan,nan,nan,nan,nan,nan,nan,nan,nan,nan,nan,nan,nan,nan,nan,nan,nan,nan,nan,nan,nan,nan,nan,nan,nan
2.721875000000000266e-01,2.048766792134029679e-01,2.954268505982559634e-01,4.020140081714326241e-01,5.243402854361980392e-01,6.620672166067221864e-01,8.148180329245017228e-01,9.821801761030160005e-01,1.163707998434960977e+00,1.358925617689550780e+00,1.567329894101813892e+00,1.788393496502149294e+00,2.021568024929477847e+00,2.266287157879735226e+00,2.521969793617344191e+00,2.788023156666543212e+00,3.063845842641518935e+00,3.348830776905004747e+00,3.642368065097946417e+00,3.943847716292266714e+00,4.252662222320465091e+00,4.568208979669576841e+00,4.889892543137335679e+00,5.217126703185538616e+00,5.549336381546756236e+00,5.885959342109400971e+00,6.226447716394064358e+00,6.570269345018927787e+00,6.916908938418949937e+00,7.265869061723623901e+00,7.616670950108221483e+00,7.968855162115773716e+00,8.321982079407701960e+00,8.675632262150164919e+00,9.029406669793564433e+00,9.382926757369293824e+00,9.735834457627323246e+00,1.008779205938803436e+01,1.043848199239979380e+01,1.078760652879797988e+01,1.113488741096888113e+01,1.148006541524993729e+01,1.182289986046178676e+01,1.216316806978222864e+01,1.250066479395068875e+01,1.283520160324633963e+01,1.316660625512382765e+01,1.349472204382752594e+01,1.381940713774564777e+01,1.414053390971668911e+01,1.445798826496759126e+01,1.477166897085064967e+01,1.508148699205748322e+01,1.538736483452640513e+01,1.568923590082576958e+01,1.598704385939145745e+01,1.628074202962233130e+01,1.657029278449304499e+01,nan,nan,nan,nan,nan,nan,nan,nan,nan,nan,nan,nan,nan,nan,nan,nan,nan,nan,nan,nan,nan,nan,nan,nan,nan,nan,nan,nan
2.825000000000000289e-01,2.126389414568499170e-01,3.066198311605319859e-01,4.172453081365959937e-01,5.442062204756865640e-01,6.871512787743706552e-01,8.456894394532141757e-01,1.019392513429536740e+00,1.207797968524919385e+00,1.410411892527386746e+00,1.626712082971343065e+00,1.856151229435066607e+00,2.098160154461823357e+00,2.352151080049690979e+00,2.617520887979424948e+00,2.893654344002933421e+00,3.179927258034366488e+00,3.475709554904850229e+00,3.780368232891554214e+00,4.093270190043868162e+00,4.413784901237313818e+00,4.741286931826977913e+00,5.075158276689037073e+00,5.414790516279824217e+00,5.759586784062305398e+00,6.108963542212283215e+00,6.462352164891198569e+00,6.819200330536292043e+00,7.178973226556522036e+00,7.541154571524862682e+00,7.905247461421161859e+00,8.270775047706841576e+00,8.637281056009831204e+00,9.004330154975601630e+00,9.371508185411460801e+00,9.738422260231736516e+00,1.010470074591859913e+01,1.046999313626496253e+01,1.083396982908084283e+01,1.119632181634141688e+01,1.155676029795162840e+01,1.191501622891612300e+01,1.227083980925081086e+01,1.262399992546858130e+01,1.297428355193045135e+01,1.332149511978724554e+01,1.366545586065664786e+01,1.400600313159596411e+01,1.434298972735024869e+01,1.467628318528574738e+01,1.500576508786532948e+01,1.533133036699080165e+01,1.565288661402981063e+01,1.597035339886552308e+01,1.628366160085705516e+01,1.659275275417896367e+01,nan,nan,nan,nan,nan,nan,nan,nan,nan,nan,nan,nan,nan,nan,nan,nan,nan,nan,nan,nan,nan,nan,nan,nan,nan,nan,nan,nan,nan,nan
2.928125000000000311e-01,2.204012037002968660e-01,3.178128117228080640e-01,4.324766081017593078e-01,5.640721555151751998e-01,7.122353409420191239e-01,8.765608459819266285e-01,1.056604850756057479e+00,1.251887938614877793e+00,1.461898167365222712e+00,1.686094271840872238e+00,1.923908962367983699e+00,2.174752283994168867e+00,2.438015002219646288e+00,2.713071982341505706e+00,2.999285531339323629e+00,3.296008673427214042e+00,3.602588332904695267e+00,3.918368400685162012e+00,4.242692663795469166e+00,4.574907580154163433e+00,4.914364883984378096e+00,5.260424010240738468e+00,5.612454329374109818e+00,5.969837186577853672e+00,6.331967742315165459e+00,6.698256613388332781e+00,7.068131316053656299e+00,7.441037514694094135e+00,7.816440081326102352e+00,8.193823972734103123e+00,8.572694933297910325e+00,8.952580032611960448e+00,9.333028047801038340e+00,9.713609701029357169e+00,1.009391776309417743e+01,1.047356703420987500e+01,1.085219421314189248e+01,1.122945766576189186e+01,1.160503710388485388e+01,1.197863318493437568e+01,1.234996704258230871e+01,1.271877975803983318e+01,1.308483178115493395e+01,1.344790230991021218e+01,1.380778863632815145e+01,1.416430546618946806e+01,1.451728421936440050e+01,1.486657231695484782e+01,1.521203246085480743e+01,1.555354191076306947e+01,1.589099176313095185e+01,1.622428623600213982e+01,1.655334196320464102e+01,nan,nan,nan,nan,nan,nan,nan,nan,nan,nan,nan,nan,nan,nan,nan,nan,nan,nan,nan,nan,nan,nan,nan,nan,nan,nan,nan,nan,nan,nan,nan,nan
3.031250000000000333e-01,2.281634659437438151e-01,3.290057922850841421e-01,4.477079080669226774e-01,5.839380905546637246e-01,7.373194031096675927e-01,9.074322525106390813e-01,1.093817188082577996e+00,1.295977908704836201e+00,1.513384442203058677e+00,1.745476460710401412e+00,1.991666695300901013e+00,2.251344413526513932e+00,2.523878924389602041e+00,2.808623076703586463e+00,3.104916718675713838e+00,3.412090088820061151e+00,3.729467110904540306e+00,4.056368568478769809e+00,4.392115137547071058e+00,4.736030259071012161e+00,5.087442836141779168e+00,5.445689743792440751e+00,5.810118142468396307e+00,6.180087589093402833e+00,6.554971942418047703e+00,6.934161061885467880e+00,7.317062301571021443e+00,7.703101802831666234e+00,8.091725591127341133e+00,8.482400484047042610e+00,8.874614818888979073e+00,9.267879009214089692e+00,9.661725940626475051e+00,1.005571121664725354e+01,1.044941326595662012e+01,1.084243332250115088e+01,1.123439529001882065e+01,1.162494550244293912e+01,1.201375239142828910e+01,1.240050607191712473e+01,1.278491785624849619e+01,1.316671970682885728e+01,1.354566363684128660e+01,1.392152106788997479e+01,1.429408215286905737e+01,1.466315507172228827e+01,1.502856530713283689e+01,1.539015490655944696e+01,1.574778173642386747e+01,1.610131873366080768e+01,1.645065315927110206e+01,nan,nan,nan,nan,nan,nan,nan,nan,nan,nan,nan,nan,nan,nan,nan,nan,nan,nan,nan,nan,nan,nan,nan,nan,nan,nan,nan,nan,nan,nan,nan,nan,nan,nan
3.134375000000000355e-01,2.359257281871907919e-01,3.401987728473601647e-01,4.629392080320860470e-01,6.038040255941522494e-01,7.624034652773161724e-01,9.383036590393515342e-01,1.131029525409098735e+00,1.340067878794794387e+00,1.564870717040894865e+00,1.804858649579930363e+00,2.059424428233818105e+00,2.327936543058859442e+00,2.609742846559557350e+00,2.904174171065667220e+00,3.210547906012104047e+00,3.528171504212908705e+00,3.856345888904385788e+00,4.194368736272377163e+00,4.541537611298672061e+00,4.897152937987860888e+00,5.260520788299180239e+00,5.630955477344142146e+00,6.007781955562681908e+00,6.390337991608951107e+00,6.777976142520929947e+00,7.170065510382602092e+00,7.565993287088385699e+00,7.965166090969238333e+00,8.367011100928580802e+00,8.770976995359983874e+00,9.176534704480046045e+00,9.583177985816217159e+00,9.990423833451913538e+00,1.039781273226514990e+01,1.080490876881906104e+01,1.121129961079242854e+01,1.161659636689575059e+01,1.202043333912398815e+01,1.242246767897172610e+01,1.282237895889987200e+01,1.321986866991468190e+01,1.361465965561787961e+01,1.400649549252764103e+01,1.439513982586973739e+01,1.478037566940996328e+01,1.516200467725510848e+01,1.553984639490127329e+01,1.591373749616404787e+01,1.628353101199292752e+01,1.664909555655854589e+01,nan,nan,nan,nan,nan,nan,nan,nan,nan,nan,nan,nan,nan,nan,nan,nan,nan,nan,nan,nan,nan,nan,nan,nan,nan,nan,nan,nan,nan,nan,nan,nan,nan,nan,nan
3.237499999999999822e-01,2.436879904306376854e-01,3.513917534096361872e-01,4.781705079972493055e-01,6.236699606336407742e-01,7.874875274449645302e-01,9.691750655680638760e-01,1.168241862735619252e+00,1.384157848884752573e+00,1.616356991878730609e+00,1.864240838449459314e+00,2.127182161166734975e+00,2.404528672591204064e+00,2.695606768729512659e+00,2.999725265427747534e+00,3.316179093348493812e+00,3.644252919605755814e+00,3.983224666904230382e+00,4.332368904065983628e+00,4.690960085050273065e+00,5.058275616904708727e+00,5.433598740456579534e+00,5.816221210895842653e+00,6.205445768656965733e+00,6.600588394124499381e+00,7.000980342623810415e+00,7.405969958879735415e+00,7.814924272605749067e+00,8.227230379106808655e+00,8.642296610729818696e+00,9.059553506672923362e+00,9.478454590071113017e+00,9.898476962418344627e+00,1.031912172627734847e+01,1.073991424788304450e+01,1.116040427168150195e+01,1.158016589908370264e+01,1.199879744377267698e+01,1.241592117580503363e+01,1.283118296651516133e+01,1.324425184588261750e+01,1.365481948358086584e+01,1.406259960440690016e+01,1.446732734821399191e+01,1.486875858384949645e+01,1.526666918595086742e+01,1.566085428278792691e+01,1.605112748266970613e+01,1.643732008576864345e+01,nan,nan,nan,nan,nan,nan,nan,nan,nan,nan,nan,nan,nan,nan,nan,nan,nan,nan,nan,nan,nan,nan,nan,nan,nan,nan,nan,nan,nan,nan,nan,nan,nan,nan,nan,nan,nan
3.340625000000000400e-01,2.514502526740847177e-01,3.625847339719123208e-01,4.934018079624127306e-01,6.435358956731294100e-01,8.125715896126131099e-01,1.000046472096776551e+00,1.205454200062140213e+00,1.428247818974711203e+00,1.667843266716566797e+00,1.923623027318988710e+00,2.194939894099652733e+00,2.481120802123550018e+00,2.781470690899468412e+00,3.095276359789828735e+00,3.421810280684884908e+00,3.760334334998603811e+00,4.110103444904075864e+00,4.470369071859592758e+00,4.840382558801874957e+00,5.219398295821558342e+00,5.606676692613981494e+00,6.001486944447544936e+00,6.403109581751253110e+00,6.810838796640049431e+00,7.223984542726693547e+00,7.641874407376870515e+00,8.063855258123115988e+00,8.489294667244383419e+00,8.917582120531060141e+00,9.348130017985864626e+00,9.780374475662183542e+00,1.021377593902047565e+01,1.064781961910278696e+01,1.108201576350094264e+01,1.151589977454394464e+01,1.194903218737498030e+01,1.238099852064960871e+01,1.281140901248608444e+01,1.323989825405860010e+01,1.366612473286536655e+01,1.408977029724705332e+01,1.451053955319592603e+01,1.492815920390034634e+01,1.534237734182926083e+01,1.575296270249177688e+01,1.615970388832074889e+01,1.656240857043814785e+01,nan,nan,nan,nan,nan,nan,nan,nan,nan,nan,nan,nan,nan,nan,nan,nan,nan,nan,nan,nan,nan,nan,nan,nan,nan,nan,nan,nan,nan,nan,nan,nan,nan,nan,nan,nan,nan,nan
3.443749999999999867e-01,2.592125149175316112e-01,3.737777145341882878e-01,5.086331079275759892e-01,6.634018307126178238e-01,8.376556517802614676e-01,1.030917878625488893e+00,1.242666537388660730e+00,1.472337789064669167e+00,1.719329541554402541e+00,1.983005216188517439e+00,2.262697627032569603e+00,2.557712931655895083e+00,2.867334613069423721e+00,3.190827454151909048e+00,3.527441468021274673e+00,3.876415750391450477e+00,4.236982222903920459e+00,4.608369239653199223e+00,4.989805032553475961e+00,5.380520974738406181e+00,5.779754644771381678e+00,6.186752677999245442e+00,6.600773394845537823e+00,7.021089199155596816e+00,7.446988742829574903e+00,7.877778855874003838e+00,8.312786243640479356e+00,8.751358955381954630e+00,9.192867630332298035e+00,9.636706529298804114e+00,1.008229436125325051e+01,1.052907491562260311e+01,1.097651751192822189e+01,1.142411727911883723e+01,1.187139527740638556e+01,1.231789847566625440e+01,1.276319959752653510e+01,1.320689684916713169e+01,1.364861354160203355e+01,1.408799761984811205e+01,1.452472111091323725e+01,1.495847950198494658e+01,1.538899105958669722e+01,1.581599609980902166e+01,1.623925621903267924e+01,1.665855349385356732e+01,nan,nan,nan,nan,nan,nan,nan,nan,nan,nan,nan,nan,nan,nan,nan,nan,nan,nan,nan,nan,nan,nan,nan,nan,nan,nan,nan,nan,nan,nan,nan,nan,nan,nan,nan,nan,nan,nan,nan
3.546875000000000444e-01,2.669747771609786158e-01,3.849706950964644214e-01,5.238644078927394698e-01,6.832677657521064596e-01,8.627397139479100474e-01,1.061789285154201457e+00,1.279878874715181691e+00,1.516427759154627797e+00,1.770815816392238951e+00,2.042387405058046834e+00,2.330455359965487361e+00,2.634305061188240593e+00,2.953198535239379474e+00,3.286378548513990250e+00,3.633072655357665326e+00,3.992497165784298474e+00,4.363861000903766829e+00,4.746369407446807465e+00,5.139227506305077853e+00,5.541643653655256685e+00,5.952832596928782749e+00,6.372018411550948613e+00,6.798437207939824312e+00,7.231339601671146866e+00,7.669992942932458035e+00,8.113683304371139826e+00,8.561717229157844500e+00,9.013423243519527617e+00,9.468153140133539480e+00,9.925283040611747154e+00,1.038421424684432104e+01,1.084437389222473236e+01,1.130521540475366038e+01,1.176621879473673538e+01,1.222689078026882825e+01,1.268676476395753383e+01,1.314540067440346682e+01,1.360238468584818250e+01,1.405732882914547410e+01,1.450987050683086110e+01,1.495967192457942474e+01,1.540641945077397246e+01,1.584982291527305343e+01,1.628961485778878426e+01,nan,nan,nan,nan,nan,nan,nan,nan,nan,nan,nan,nan,nan,nan,nan,nan,nan,nan,nan,nan,nan,nan,nan,nan,nan,nan,nan,nan,nan,nan,nan,nan,nan,nan,nan,nan,nan,nan,nan,nan,nan
3.649999999999999911e-01,2.747370394044255093e-01,3.961636756587403885e-01,5.390957078579027284e-01,7.031337007915949844e-01,8.878237761155584051e-01,1.092660691682913798e+00,1.317091212041702208e+00,1.560517729244585983e+00,1.822302091230074694e+00,2.101769593927575563e+00,2.398213092898404231e+00,2.710897190720585659e+00,3.039062457409334783e+00,3.381929642876070563e+00,3.738703842694055091e+00,4.108578581177145139e+00,4.490739778903611423e+00,4.884369575240414818e+00,5.288649980056678856e+00,5.702766332572104524e+00,6.125910549086182932e+00,6.557284145102649120e+00,6.996101021034109024e+00,7.441590004186694252e+00,7.892997143035338503e+00,8.349587752868272261e+00,8.810648214675207868e+00,9.275487531657098828e+00,9.743438649934777374e+00,1.021385955192468487e+01,1.068613413243538623e+01,1.115967286882685983e+01,1.163391329757909531e+01,1.210832031035462997e+01,1.258238628313126917e+01,1.305563105224880793e+01,1.352760175128039322e+01,1.399787252252922798e+01,1.446604411668890755e+01,1.493174339381360660e+01,1.539462273824560867e+01,1.585435939956299300e+01,1.631065477095940253e+01,nan,nan,nan,nan,nan,nan,nan,nan,nan,nan,nan,nan,nan,nan,nan,nan,nan,nan,nan,nan,nan,nan,nan,nan,nan,nan,nan,nan,nan,nan,nan,nan,nan,nan,nan,nan,nan,nan,nan,nan,nan,nan
3.753125000000000488e-01,2.824993016478725139e-01,4.073566562210165221e-01,5.543270078230660980e-01,7.229996358310836202e-01,9.129078382832070959e-01,1.123532098211626362e+00,1.354303549368222948e+00,1.604607699334544613e+00,1.873788366067910882e+00,2.161151782797105181e+00,2.465970825831321989e+00,2.787489320252931169e+00,3.124926379579290536e+00,3.477480737238152209e+00,3.844335030030445743e+00,4.224659996569993581e+00,4.617618556903456906e+00,5.022369743034023060e+00,5.438072453808280748e+00,5.863889011488954139e+00,6.298988501243584892e+00,6.742549878654351403e+00,7.193764834128395513e+00,7.651840406702244302e+00,8.116001343138222524e+00,8.585492201365408249e+00,9.059579200192574788e+00,9.537551819794671815e+00,1.001872415973601882e+01,1.050243606323762791e+01,1.098805401802645676e+01,1.147497184542899085e+01,1.196261119040453380e+01,1.245042182597252811e+01,1.293788178599371186e+01,1.342449734054008559e+01,1.390980282815732494e+01,1.439336035921027879e+01,1.487475940423234633e+01,1.535361628079635743e+01,1.582957355191179794e+01,1.630229934835201888e+01,nan,nan,nan,nan,nan,nan,nan,nan,nan,nan,nan,nan,nan,nan,nan,nan,nan,nan,nan,nan,nan,nan,nan,nan,nan,nan,nan,nan,nan,nan,nan,nan,nan,nan,nan,nan,nan,nan,nan,nan,nan,nan,nan
3.856249999999999956e-01,2.902615638913194074e-01,4.185496367832925446e-01,5.695583077882293566e-01,7.428655708705720340e-01,9.379919004508554536e-01,1.154403504740338704e+00,1.391515886694743465e+00,1.648697669424502577e+00,1.925274640905746626e+00,2.220533971666633910e+00,2.533728558764238858e+00,2.864081449785276234e+00,3.210790301749245845e+00,3.573031831600232522e+00,3.949966217366835508e+00,4.340741411962840246e+00,4.744497334903301500e+00,5.160369910827629525e+00,5.587494927559880864e+00,6.025011690405801978e+00,6.472066453400984187e+00,6.927815612206051910e+00,7.391428647222680226e+00,7.862090809217791687e+00,8.339005543241102103e+00,8.821396649862542461e+00,9.308510185709938156e+00,9.799616107932243025e+00,1.029400966953725671e+01,1.079101257455056739e+01,1.128997390361752373e+01,1.179027082203111831e+01,1.229130908322996873e+01,1.279252334159042270e+01,1.329337728885615277e+01,1.379336362883135969e+01,1.429200390503425133e+01,1.478884819589132604e+01,1.528347469177578155e+01,1.577548916777910293e+01,1.626452436557798009e+01,nan,nan,nan,nan,nan,nan,nan,nan,nan,nan,nan,nan,nan,nan,nan,nan,nan,nan,nan,nan,nan,nan,nan,nan,nan,nan,nan,nan,nan,nan,nan,nan,nan,nan,nan,nan,nan,nan,nan,nan,nan,nan,nan,nan
3.959375000000000533e-01,2.980238261347664119e-01,4.297426173455686227e-01,5.847896077533928372e-01,7.627315059100607808e-01,9.630759626185040334e-01,1.185274911269051268e+00,1.428728224021264426e+00,1.692787639514461207e+00,1.976760915743583036e+00,2.279916160536163527e+00,2.601486291697156172e+00,2.940673579317622188e+00,3.296654223919201598e+00,3.668582925962313723e+00,4.055597404703226161e+00,4.456822827355688688e+00,4.871376112903146982e+00,5.298370078621238655e+00,5.736917401311483644e+00,6.186134369322651594e+00,6.645144405558386147e+00,7.113081345757755081e+00,7.589092460316966715e+00,8.072341211733341737e+00,8.562009743343985235e+00,9.057301098359678448e+00,9.557441171227303300e+00,1.006168039606981601e+01,1.056929517933849816e+01,1.107958908586350866e+01,1.159189378920859426e+01,1.210556979863324933e+01,1.262000697605540722e+01,1.313462485720832085e+01,1.364887279171859547e+01,1.416222991712263912e+01,1.467420498191118305e+01,1.518433603257237685e+01,1.569218997931922033e+01,1.619736205476185020e+01,nan,nan,nan,nan,nan,nan,nan,nan,nan,nan,nan,nan,nan,nan,nan,nan,nan,nan,nan,nan,nan,nan,nan,nan,nan,nan,nan,nan,nan,nan,nan,nan,nan,nan,nan,nan,nan,nan,nan,nan,nan,nan,nan,nan,nan
4.062500000000000000e-01,3.057860883782133610e-01,4.409355979078446452e-01,6.000209077185560957e-01,7.825974409495491946e-01,9.881600247861523911e-01,1.216146317797763610e+00,1.465940561347784943e+00,1.736877609604419392e+00,2.028247190581418558e+00,2.339298349405692257e+00,2.669244024630073486e+00,3.017265708849966810e+00,3.382518146089156907e+00,3.764134020324394037e+00,4.161228592039615926e+00,4.572904242748535353e+00,4.998254890902991576e+00,5.436370246414845120e+00,5.886339875063083760e+00,6.347257048239499433e+00,6.818222357715785442e+00,7.298347079309455587e+00,7.786756273411251428e+00,8.282591614248890011e+00,8.785013943446866591e+00,9.293205546856810884e+00,9.806372156744666668e+00,1.032374468420738722e+01,1.084458068913973605e+01,1.136816559717644814e+01,1.189381367479966123e+01,1.242086877523537503e+01,1.294870486888084216e+01,1.347672637282621544e+01,1.400436829458103460e+01,1.453109620541391322e+01,1.505640605878810945e+01,1.557982386925342233e+01,1.610090526686265378e+01,1.661923494174459748e+01,nan,nan,nan,nan,nan,nan,nan,nan,nan,nan,nan,nan,nan,nan,nan,nan,nan,nan,nan,nan,nan,nan,nan,nan,nan,nan,nan,nan,nan,nan,nan,nan,nan,nan,nan,nan,nan,nan,nan,nan,nan,nan,nan,nan,nan
4.165625000000000577e-01,3.135483506216603100e-01,4.521285784701207788e-01,6.152522076837195764e-01,8.024633759890378304e-01,1.013244086953801082e+00,1.247017724326476174e+00,1.503152898674305904e+00,1.780967579694378022e+00,2.079733465419255189e+00,2.398680538275221874e+00,2.737001757562990800e+00,3.093857838382312764e+00,3.468382068259112661e+00,3.859685114686475238e+00,4.266859779376007467e+00,4.688985658141383794e+00,5.125133668902837947e+00,5.574370414208453361e+00,6.035762348814686540e+00,6.508379727156349048e+00,6.991300309873187402e+00,7.483612812861157870e+00,7.984420086505537917e+00,8.492842016764440061e+00,9.008018143549749723e+00,9.529109995353946871e+00,1.005530314226203359e+01,1.058580897234496021e+01,1.111986619894097572e+01,1.165674210848939119e+01,1.219573356039072998e+01,1.273616775183750605e+01,1.327740276170628064e+01,1.381882788844411358e+01,1.435986379744347907e+01,1.489996249370519088e+01,1.543860713566504117e+01,1.597531170593447314e+01,1.650962055440609433e+01,nan,nan,nan,nan,nan,nan,nan,nan,nan,nan,nan,nan,nan,nan,nan,nan,nan,nan,nan,nan,nan,nan,nan,nan,nan,nan,nan,nan,nan,nan,nan,nan,nan,nan,nan,nan,nan,nan,nan,nan,nan,nan,nan,nan,nan,nan
4.268750000000000044e-01,3.213106128651072591e-01,4.633215590323967459e-01,6.304835076488828349e-01,8.223293110285263552e-01,1.038328149121449329e+00,1.277889130855188515e+00,1.540365236000826421e+00,1.825057549784335986e+00,2.131219740257090933e+00,2.458062727144750603e+00,2.804759490495907670e+00,3.170449967914657385e+00,3.554245990429067970e+00,3.955236209048555551e+00,4.372490966712396343e+00,4.805067073534230460e+00,5.252012446902682541e+00,5.712370582002060715e+00,6.185184822566286655e+00,6.669502406073197776e+00,7.164378262030587585e+00,7.668878546412858377e+00,8.182083899599822630e+00,8.703092419279986558e+00,9.231022343652631079e+00,9.765014443851079307e+00,1.030423412777939696e+01,1.084787326048253142e+01,1.139515170874221361e+01,1.194531861980232890e+01,1.249765344598179695e+01,1.305146672843963351e+01,1.360610065453171558e+01,1.416092940406200817e+01,1.471535930030591821e+01,1.526882878199646498e+01,1.582080821254196756e+01,1.637079954261551862e+01,nan,nan,nan,nan,nan,nan,nan,nan,nan,nan,nan,nan,nan,nan,nan,nan,nan,nan,nan,nan,nan,nan,nan,nan,nan,nan,nan,nan,nan,nan,nan,nan,nan,nan,nan,nan,nan,nan,nan,nan,nan,nan,nan,nan,nan,nan,nan
4.371875000000000622e-01,3.290728751085542636e-01,4.745145395946728795e-01,6.457148076140462045e-01,8.421952460680149910e-01,1.063412211289098019e+00,1.308760537383901301e+00,1.577577573327347160e+00,1.869147519874294616e+00,2.182706015094927121e+00,2.517444916014279777e+00,2.872517223428825428e+00,3.247042097447003339e+00,3.640109912599023723e+00,4.050787303410636753e+00,4.478122154048787884e+00,4.921148488927078013e+00,5.378891224902528023e+00,5.850370749795668956e+00,6.334607296317889435e+00,6.830625084990047391e+00,7.337456214187988657e+00,7.854144279964561548e+00,8.379747712694110007e+00,8.913342821795536608e+00,9.454026543755514211e+00,1.000091889234821529e+01,1.055316511329676210e+01,1.110993754862010441e+01,1.167043721854345506e+01,1.223389513111527194e+01,1.279957333157286747e+01,1.336676570504176453e+01,1.393479854735715406e+01,1.450303091967990632e+01,1.507085480316836268e+01,1.563769507028774441e+01,1.620300928941889751e+01,nan,nan,nan,nan,nan,nan,nan,nan,nan,nan,nan,nan,nan,nan,nan,nan,nan,nan,nan,nan,nan,nan,nan,nan,nan,nan,nan,nan,nan,nan,nan,nan,nan,nan,nan,nan,nan,nan,nan,nan,nan,nan,nan,nan,nan,nan,nan,nan
4.475000000000000089e-01,3.368351373520011571e-01,4.857075201569489020e-01,6.609461075792094631e-01,8.620611811075034048e-01,1.088496273456746266e+00,1.339631943912613421e+00,1.614789910653867677e+00,1.913237489964252802e+00,2.234192289932762865e+00,2.576827104883808506e+00,2.940274956361742298e+00,3.323634226979348405e+00,3.725973834768979032e+00,4.146338397772717066e+00,4.583753341385177649e+00,5.037229904319925566e+00,5.505770002902372617e+00,5.988370917589275422e+00,6.484029770069489551e+00,6.991747763906895230e+00,7.510534166345388840e+00,8.039410013516262055e+00,8.577411525788393831e+00,9.123593224311084882e+00,9.677030743858395567e+00,1.023682334084534951e+01,1.080209609881412547e+01,1.137200183675767562e+01,1.194572272834469295e+01,1.252247164242821142e+01,1.310149321716393445e+01,1.368206468164389022e+01,1.426349644018258900e+01,1.484513243529780091e+01,1.542635030603080182e+01,1.600656135857901674e+01,1.658521036629582568e+01,nan,nan,nan,nan,nan,nan,nan,nan,nan,nan,nan,nan,nan,nan,nan,nan,nan,nan,nan,nan,nan,nan,nan,nan,nan,nan,nan,nan,nan,nan,nan,nan,nan,nan,nan,nan,nan,nan,nan,nan,nan,nan,nan,nan,nan,nan,nan,nan
4.578125000000000111e-01,3.445973995954481062e-01,4.969005007192249246e-01,6.761774075443728327e-01,8.819271161469920406e-01,1.113580335624394735e+00,1.370503350441325985e+00,1.652002247980388416e+00,1.957327460054210988e+00,2.285678564770599053e+00,2.636209293753337679e+00,3.008032689294659612e+00,3.400226356511693471e+00,3.811837756938934341e+00,4.241889492134798267e+00,4.689384528721567413e+00,5.153311319712772232e+00,5.632648780902218100e+00,6.126371085382883663e+00,6.633452243821091443e+00,7.152870442823743957e+00,7.683612118502789912e+00,8.224675747067964338e+00,8.775075338882679432e+00,9.333843626826633155e+00,9.900034943961276923e+00,1.047272778934248372e+01,1.105102708433149061e+01,1.163406612489524861e+01,1.222100823814593262e+01,1.281104815374115091e+01,1.340341310275500319e+01,1.399736365824601947e+01,1.459219433300802748e+01,1.518723395091569728e+01,1.578184580889324451e+01,1.637542764687029617e+01,nan,nan,nan,nan,nan,nan,nan,nan,nan,nan,nan,nan,nan,nan,nan,nan,nan,nan,nan,nan,nan,nan,nan,nan,nan,nan,nan,nan,nan,nan,nan,nan,nan,nan,nan,nan,nan,nan,nan,nan,nan,nan,nan,nan,nan,nan,nan,nan,nan
4.681250000000000133e-01,3.523596618388950552e-01,5.080934812815010027e-01,6.914087075095362023e-01,9.017930511864805654e-01,1.138664397792043426e+00,1.401374756970038327e+00,1.689214585306909155e+00,2.001417430144169618e+00,2.337164839608434797e+00,2.695591482622866852e+00,3.075790422227576926e+00,3.476818486044038981e+00,3.897701679108890094e+00,4.337440586496878581e+00,4.795015716057958066e+00,5.269392735105619785e+00,5.759527558902062694e+00,6.264371253176491017e+00,6.782874717572692447e+00,7.313993121740592684e+00,7.856690070660190095e+00,8.409941480619664844e+00,8.972739151976965033e+00,9.544094029342181429e+00,1.012303914406416006e+01,1.070863223783961793e+01,1.129995806984885398e+01,1.189613041303281982e+01,1.249629374794717229e+01,1.309962466505409218e+01,1.370533298834607017e+01,1.431266263484814871e+01,1.492089222583346420e+01,1.552933546653359365e+01,1.613734131175568720e+01,nan,nan,nan,nan,nan,nan,nan,nan,nan,nan,nan,nan,nan,nan,nan,nan,nan,nan,nan,nan,nan,nan,nan,nan,nan,nan,nan,nan,nan,nan,nan,nan,nan,nan,nan,nan,nan,nan,nan,nan,nan,nan,nan,nan,nan,nan,nan,nan,nan,nan
4.784375000000000155e-01,3.601219240823420042e-01,5.192864618437770252e-01,7.066400074746995719e-01,9.216589862259690902e-01,1.163748459959691894e+00,1.432246163498750890e+00,1.726426922633429895e+00,2.045507400234127804e+00,2.388651114446270984e+00,2.754973671492396026e+00,3.143548155160494240e+00,3.553410615576384046e+00,3.983565601278845403e+00,4.432991680858959782e+00,4.900646903394347831e+00,5.385474150498467338e+00,5.886406336901908176e+00,6.402371420970098370e+00,6.932297191324293451e+00,7.475115800657442300e+00,8.029768022817590278e+00,8.595207214171367127e+00,9.170402965071250634e+00,9.754344431857731479e+00,1.034604334416704141e+01,1.094453668633675214e+01,1.154888905536621913e+01,1.215819470117039280e+01,1.277157925774841196e+01,1.338820117636703344e+01,1.400725287393713892e+01,1.462796161145027796e+01,1.524959011865890091e+01,1.587143698215149001e+01,1.649283681461812634e+01,nan,nan,nan,nan,nan,nan,nan,nan,nan,nan,nan,nan,nan,nan,nan,nan,nan,nan,nan,nan,nan,nan,nan,nan,nan,nan,nan,nan,nan,nan,nan,nan,nan,nan,nan,nan,nan,nan,nan,nan,nan,nan,nan,nan,nan,nan,nan,nan,nan,nan
4.887500000000000178e-01,3.678841863257890088e-01,5.304794424060531588e-01,7.218713074398629415e-01,9.415249212654577260e-01,1.188832522127340363e+00,1.463117570027463454e+00,1.763639259959950634e+00,2.089597370324085990e+00,2.440137389284106728e+00,2.814355860361925199e+00,3.211305888093411554e+00,3.630002745108729556e+00,4.069429523448801156e+00,4.528542775221040095e+00,5.006278090730738484e+00,5.501555565891314892e+00,6.013285114901753659e+00,6.540371588763706612e+00,7.081719665075895342e+00,7.636238479574291027e+00,8.202845974974991350e+00,8.780472947723067634e+00,9.368066778165536235e+00,9.964594834373279753e+00,1.056904754426992277e+01,1.118044113483388635e+01,1.179782004088358427e+01,1.242025898930796401e+01,1.304686476754965163e+01,1.367677768767997293e+01,1.430917275952820766e+01,1.494326058805240720e+01,1.557828801148433762e+01,1.621353849776938461e+01,nan,nan,nan,nan,nan,nan,nan,nan,nan,nan,nan,nan,nan,nan,nan,nan,nan,nan,nan,nan,nan,nan,nan,nan,nan,nan,nan,nan,nan,nan,nan,nan,nan,nan,nan,nan,nan,nan,nan,nan,nan,nan,nan,nan,nan,nan,nan,nan,nan,nan,nan
4.990625000000000200e-01,3.756464485692359578e-01,5.416724229683291814e-01,7.371026074050262000e-01,9.613908563049462508e-01,1.213916584294988832e+00,1.493988976556175796e+00,1.800851597286471151e+00,2.133687340414044620e+00,2.491623664121942916e+00,2.873738049231454372e+00,3.279063621026328423e+00,3.706594874641075066e+00,4.155293445618756465e+00,4.624093869583121297e+00,5.111909278067129137e+00,5.617636981284162445e+00,6.140163892901598253e+00,6.678371756557313965e+00,7.231142138827496346e+00,7.797361158491139754e+00,8.375923927132392421e+00,8.965738681274769917e+00,9.565730591259821836e+00,1.017484523688882803e+01,1.079205174437280590e+01,1.141634558333102056e+01,1.204675102640094941e+01,1.268232327744553700e+01,1.332215027735089130e+01,1.396535419899291419e+01,1.461109264511927641e+01,1.525855956465453467e+01,1.590698590430977433e+01,1.655564001338728275e+01,nan,nan,nan,nan,nan,nan,nan,nan,nan,nan,nan,nan,nan,nan,nan,nan,nan,nan,nan,nan,nan,nan,nan,nan,nan,nan,nan,nan,nan,nan,nan,nan,nan,nan,nan,nan,nan,nan,nan,nan,nan,nan,nan,nan,nan,nan,nan,nan,nan,nan,nan
5.093750000000000222e-01,3.834087108126829069e-01,5.528654035306052039e-01,7.523339073701895696e-01,9.812567913444347756e-01,1.239000646462637301e+00,1.524860383084888360e+00,1.838063934612991890e+00,2.177777310504002806e+00,2.543109938959779104e+00,2.933120238100983546e+00,3.346821353959245737e+00,3.783187004173420132e+00,4.241157367788711774e+00,4.719644963945201610e+00,5.217540465403518901e+00,5.733718396677009999e+00,6.267042670901443735e+00,6.816371924350921319e+00,7.380564612579098238e+00,7.958483837407988482e+00,8.549001879289793493e+00,9.151004414826472200e+00,9.763394404354107436e+00,1.038509563940437630e+01,1.101505594447568726e+01,1.165225003182815655e+01,1.229568201191831278e+01,1.294438756558310821e+01,1.359743578715213097e+01,1.425393071030585546e+01,1.491301253071034338e+01,1.557385854125666391e+01,1.623568379713520926e+01,nan,nan,nan,nan,nan,nan,nan,nan,nan,nan,nan,nan,nan,nan,nan,nan,nan,nan,nan,nan,nan,nan,nan,nan,nan,nan,nan,nan,nan,nan,nan,nan,nan,nan,nan,nan,nan,nan,nan,nan,nan,nan,nan,nan,nan,nan,nan,nan,nan,nan,nan,nan
5.196875000000000799e-01,3.911709730561299114e-01,5.640583840928813375e-01,7.675652073353530502e-01,1.001122726383923522e+00,1.264084708630285991e+00,1.555731789613600924e+00,1.875276271939512851e+00,2.221867280593961436e+00,2.594596213797615292e+00,2.992502426970512719e+00,3.414579086892163495e+00,3.859779133705766085e+00,4.327021289958667971e+00,4.815196058307282811e+00,5.323171652739909554e+00,5.849799812069858440e+00,6.393921448901290105e+00,6.954372092144529560e+00,7.529987086330700130e+00,8.119606516324838097e+00,8.722079831447194564e+00,9.336270148378174483e+00,9.961058217448394814e+00,1.059534604191992635e+01,1.123806014457857039e+01,1.188815448032529254e+01,1.254461299743567970e+01,1.320645185372068298e+01,1.387272129695337064e+01,1.454250722161879672e+01,1.521493241630141391e+01,1.588915751785879493e+01,1.656438168996064775e+01,nan,nan,nan,nan,nan,nan,nan,nan,nan,nan,nan,nan,nan,nan,nan,nan,nan,nan,nan,nan,nan,nan,nan,nan,nan,nan,nan,nan,nan,nan,nan,nan,nan,nan,nan,nan,nan,nan,nan,nan,nan,nan,nan,nan,nan,nan,nan,nan,nan,nan,nan,nan
5.300000000000000266e-01,3.989332352995768050e-01,5.752513646551573601e-01,7.827965073005163088e-01,1.020988661423412047e+00,1.289168770797934238e+00,1.586603196142313266e+00,1.912488609266033368e+00,2.265957250683919622e+00,2.646082488635451035e+00,3.051884615840041892e+00,3.482336819825080365e+00,3.936371263238110707e+00,4.412885212128623280e+00,4.910747152669363125e+00,5.428802840076299319e+00,5.965881227462705105e+00,6.520800226901134700e+00,7.092372259938136914e+00,7.679409560082301134e+00,8.280729195241686824e+00,8.895157783604595636e+00,9.521535881929874989e+00,1.015872203054267864e+01,1.080559644443547462e+01,1.146106434468145174e+01,1.212405892882242497e+01,1.279354398295304307e+01,1.346851614185825241e+01,1.414800680675460853e+01,1.483108373293173621e+01,1.551685230189248088e+01,1.620445649446092062e+01,nan,nan,nan,nan,nan,nan,nan,nan,nan,nan,nan,nan,nan,nan,nan,nan,nan,nan,nan,nan,nan,nan,nan,nan,nan,nan,nan,nan,nan,nan,nan,nan,nan,nan,nan,nan,nan,nan,nan,nan,nan,nan,nan,nan,nan,nan,nan,nan,nan,nan,nan,nan,nan
